datetime,Temp(C),Humid(%RH),Rain(mm),WindSpeed(m/s),VPD(kpa),Lux(klux)
2025-12-13 17:00:00,28.59,64.85,0.0,0.0,1.365311,0.02
2025-12-13 18:00:00,25.939999999999998,72.82666666666667,0.0,0.0,0.9088263333333334,0.0
2025-12-13 19:00:00,24.026666666666667,77.58,0.0,0.0,0.6663796666666667,0.0
2025-12-13 20:00:00,23.400000000000002,78.87,0.0,0.0,0.60452,0.0
2025-12-13 21:00:00,22.846666666666664,79.24333333333334,0.0,0.0,0.5743833333333334,0.0
2025-12-13 22:00:00,22.7,79.49333333333334,0.0,0.0,0.5624466666666667,0.0
2025-12-13 23:00:00,22.323333333333334,79.66000000000001,0.0,0.0,0.5453169999999999,0.0
2025-12-14 00:00:00,21.916666666666668,79.83666666666666,0.0,0.0,0.5274023333333333,0.0
2025-12-14 01:00:00,21.756666666666664,79.93666666666667,0.0,0.0,0.5197233333333333,0.0
2025-12-14 02:00:00,21.36,80.17,0.0,0.0,0.5013816666666666,0.0
2025-12-14 03:00:00,21.61,80.17,0.0,0.0,0.509073,0.0
2025-12-14 04:00:00,22.276666666666667,80.31,0.0,0.0,0.526396,0.0
2025-12-14 05:00:00,22.38,80.05333333333333,0.0,0.0,0.5365963333333333,0.0
2025-12-14 06:00:00,22.336666666666662,79.87666666666667,0.0,0.0,0.5399526666666666,1.34
2025-12-14 07:00:00,24.973333333333333,74.3,0.0,0.0,0.812693,18.78
2025-12-14 08:00:00,27.046666666666667,69.28666666666668,0.0,0.0,1.0918593333333333,45.906666666666666
2025-12-14 09:00:00,29.646666666666665,64.58666666666666,0.0,0.0,1.4674880000000001,85.54
2025-12-14 10:00:00,30.896666666666665,62.36000000000001,0.0,0.0,1.6694950000000002,103.27333333333333
2025-12-14 11:00:00,31.810000000000002,60.815,0.0,0.0,1.829421,103.485
2025-12-14 12:00:00,32.27,60.32,0.0,0.0,1.9009246666666666,101.07666666666667
2025-12-14 13:00:00,33.11333333333334,58.51,0.0,0.0,2.0851926666666665,97.70333333333333
2025-12-14 14:00:00,33.9,56.96666666666667,0.0,0.0,2.2586436666666665,95.98333333333333
2025-12-14 15:00:00,33.32,57.25333333333333,0.0,0.0,2.171985333333333,52.17666666666667
2025-12-14 16:00:00,32.88,57.776666666666664,0.0,0.0,2.093417,38.21666666666666
2025-12-14 17:00:00,30.19666666666667,61.73666666666667,0.0,0.0,1.636058,3.3166666666666664
2025-12-14 18:00:00,26.826666666666668,69.59333333333333,0.0,0.0,1.072667,0.0
2025-12-14 19:00:00,25.375,74.275,0.0,0.0,0.827982,0.0
2025-12-14 20:00:00,24.816666666666666,75.01,0.0,0.0,0.7785043333333332,0.0
2025-12-14 21:00:00,23.866666666666664,77.63,0.0,0.0,0.6584153333333332,0.0
2025-12-14 22:00:00,23.44666666666667,78.87,0.0,0.0,0.6061996666666666,0.0
2025-12-14 23:00:00,23.28333333333333,79.05333333333333,0.0,0.0,0.595205,0.0
2025-12-15 00:00:00,24.599999999999998,74.21,0.0,0.0,0.793211,0.0
2025-12-15 01:00:00,25.62,68.45333333333333,0.0,0.0,1.031051,0.0
2025-12-15 02:00:00,25.703333333333333,67.55333333333333,0.0,0.0,1.0647693333333332,0.0
2025-12-15 03:00:00,25.383333333333336,66.73,0.0,0.0,1.0715519999999998,0.0
2025-12-15 04:00:00,24.30666666666667,68.95333333333333,0.0,0.0,0.9390423333333334,0.0
2025-12-15 05:00:00,23.646666666666665,69.98666666666666,0.0,0.0,0.8715833333333333,0.0
2025-12-15 06:00:00,23.650000000000002,69.33666666666666,0.0,0.0,0.8904920000000001,0.9166666666666666
2025-12-15 07:00:00,24.64,66.75333333333333,0.0,0.0,1.024796,26.916666666666668
2025-12-15 08:00:00,26.126666666666665,63.99333333333333,0.0,0.0,1.2120743333333335,45.586666666666666
2025-12-15 09:00:00,27.695,62.975,0.0,0.0,1.3694665000000001,73.74
2025-12-15 10:00:00,29.569999999999997,60.19333333333333,0.0,0.0,1.6372220000000002,100.79
2025-12-15 11:00:00,31.243333333333336,57.92666666666667,2.0,0.0,1.9037866666666667,103.58999999999999
2025-12-15 12:00:00,32.67666666666667,56.879999999999995,0.0,0.0,2.1134893333333333,101.97333333333331
2025-12-15 13:00:00,32.595,56.480000000000004,0.0,0.0,2.123958,97.72999999999999
2025-12-15 14:00:00,33.056666666666665,56.03333333333333,0.0,0.0,2.2014739999999997,97.06
2025-12-15 15:00:00,32.910000000000004,56.080000000000005,0.0,0.0,2.181687,60.303333333333335
2025-12-15 16:00:00,32.82333333333333,56.413333333333334,0.0,0.0,2.1545609999999997,32.846666666666664
2025-12-15 17:00:00,29.790000000000003,60.870000000000005,0.0,0.0,1.6321453333333331,9.12
2025-12-15 18:00:00,27.349999999999998,65.32666666666667,0.0,0.0,1.2542200000000001,0.0
2025-12-15 19:00:00,26.536666666666665,66.41,0.0,0.0,1.158061,0.0
2025-12-15 20:00:00,24.073333333333334,72.54333333333334,0.0,0.0,0.8202706666666667,0.0
2025-12-15 21:00:00,22.76,76.78,0.0,0.0,0.639609,0.0
2025-12-15 22:00:00,22.38,78.56,0.0,0.0,0.5767540000000001,0.0
2025-12-15 23:00:00,22.16333333333333,78.95,0.0,0.0,0.558895,0.0
2025-12-16 00:00:00,21.563333333333333,79.20333333333333,0.0,0.0,0.532379,0.0
2025-12-16 01:00:00,21.55,79.5,0.0,0.0,0.5243635,0.0
2025-12-16 02:00:00,21.53333333333333,79.51333333333334,0.0,0.0,0.523501,0.0
2025-12-16 03:00:00,21.14,79.55333333333333,0.0,0.0,0.510141,0.0
2025-12-16 04:00:00,20.94,79.75333333333333,0.0,0.0,0.4989383333333333,0.0
2025-12-16 05:00:00,20.564999999999998,79.83,0.0,0.0,0.485754,0.0
2025-12-16 06:00:00,20.353333333333335,79.93666666666667,0.0,0.0,0.47694400000000003,0.48333333333333334
2025-12-16 07:00:00,22.1075,78.19,2.0,0.0,0.58418025,14.942499999999999
2025-12-16 08:00:00,27.223333333333333,65.04333333333334,0.0,0.0,1.2603826666666667,47.656666666666666
2025-12-16 09:00:00,29.176666666666666,60.57,0.0,0.0,1.586213,78.17333333333333
2025-12-16 10:00:00,31.11,57.480000000000004,0.0,0.0,1.9081295,99.205
2025-12-16 11:00:00,31.993333333333336,56.61333333333334,0.0,0.0,2.0467986666666667,103.54666666666667
2025-12-16 12:00:00,33.446666666666665,54.826666666666675,0.0,0.0,2.3125016666666665,101.75999999999999
2025-12-16 13:00:00,34.266666666666666,54.51,0.0,0.0,2.436117,98.04
2025-12-16 14:00:00,34.12,54.403333333333336,0.0,0.0,2.422515,99.33666666666666
2025-12-16 15:00:00,34.37,54.35333333333333,0.0,0.0,2.4588056666666667,58.44
2025-12-16 16:00:00,34.163333333333334,54.42666666666667,0.0,0.0,2.427925333333333,32.95333333333333
2025-12-16 17:00:00,31.55333333333333,58.553333333333335,0.0,0.0,1.9120416666666664,8.203333333333333
2025-12-16 18:00:00,24.05666666666667,49.32666666666666,0.0,0.0,1.5320989999999999,0.0
2025-12-16 19:00:00,14.666666666666666,49.23666666666667,0.0,0.0,0.8497593333333334,0.0
2025-12-16 20:00:00,10.39,49.23,0.0,0.0,0.63802,0.0
2025-12-16 21:00:00,,,0.0,,,
2025-12-16 22:00:00,,,0.0,,,
2025-12-16 23:00:00,,,0.0,,,
2025-12-17 00:00:00,,,0.0,,,
2025-12-17 01:00:00,,,0.0,,,
2025-12-17 02:00:00,,,0.0,,,
2025-12-17 03:00:00,,,0.0,,,
2025-12-17 04:00:00,,,0.0,,,
2025-12-17 05:00:00,,,0.0,,,
2025-12-17 06:00:00,,,0.0,,,
2025-12-17 07:00:00,,,0.0,,,
2025-12-17 08:00:00,,,0.0,,,
2025-12-17 09:00:00,,,0.0,,,
2025-12-17 10:00:00,31.68,60.565,0.0,2.9450000000000003,1.8285144999999998,101.1
2025-12-17 11:00:00,32.806666666666665,58.79333333333333,0.0,4.623333333333333,2.0355956666666666,99.81
2025-12-17 12:00:00,33.49333333333333,57.669999999999995,0.0,5.1866666666666665,2.1754936666666667,88.56666666666666
2025-12-17 13:00:00,34.45666666666667,56.76,0.0,4.463333333333334,2.340491333333333,80.54333333333334
2025-12-17 14:00:00,34.48333333333333,55.56,0.0,3.4033333333333338,2.4094553333333333,87.17666666666666
2025-12-17 15:00:00,35.04,53.343333333333334,0.0,3.893333333333333,2.607696666666667,70.24333333333333
2025-12-17 16:00:00,34.04666666666667,56.120000000000005,0.0,2.15,2.3218466666666666,36.61333333333333
2025-12-17 17:00:00,30.55,61.77,0.0,0.7533333333333333,1.667171,4.69
2025-12-17 18:00:00,27.28,70.07666666666667,0.0,0.0,1.0856433333333333,0.0
2025-12-17 19:00:00,24.94333333333333,76.46666666666667,0.0,0.0,0.7391716666666667,0.0
2025-12-17 20:00:00,23.810000000000002,78.29333333333334,0.0,0.0,0.6366653333333333,0.0
2025-12-17 21:00:00,23.153333333333336,79.15333333333334,0.0,0.0,0.5876446666666667,0.0
2025-12-17 22:00:00,22.743333333333336,79.61,0.0,0.0,0.5607139999999999,0.0
2025-12-17 23:00:00,22.790000000000003,79.83333333333333,0.0,0.0,0.5561356666666667,0.0
2025-12-18 00:00:00,22.686666666666667,79.86333333333333,0.0,0.0,0.5518743333333332,0.0
2025-12-18 01:00:00,22.53,80.01,0.0,0.0,0.542683,0.0
2025-12-18 02:00:00,22.526666666666667,79.15333333333334,0.0,0.19666666666666666,0.5659876666666667,0.0
2025-12-18 03:00:00,23.459999999999997,74.98333333333333,0.0,0.38000000000000006,0.7186469999999999,0.0
2025-12-18 04:00:00,23.78,72.15333333333334,0.0,0.49,0.8164666666666666,0.0
2025-12-18 05:00:00,24.103333333333335,70.77666666666666,0.0,0.6866666666666666,0.8720366666666667,0.0
2025-12-18 06:00:00,24.016666666666666,70.48666666666666,0.0,3.42,0.8762343333333332,1.1366666666666665
2025-12-18 07:00:00,24.580000000000002,69.94333333333334,0.0,2.9499999999999997,0.9228903333333335,10.25
2025-12-18 08:00:00,25.575,68.15,0.0,3.925,1.0373290000000002,25.095
2025-12-18 09:00:00,27.03333333333333,65.81,0.0,4.236666666666667,1.217365,83.00666666666667
2025-12-18 10:00:00,28.94333333333333,63.053333333333335,0.0,4.243333333333333,1.4650886666666667,103.28666666666668
2025-12-18 11:00:00,30.28333333333333,61.24333333333334,0.0,3.9499999999999997,1.66272,103.55333333333333
2025-12-18 12:00:00,31.435000000000002,59.489999999999995,0.0,5.08,1.8514195,101.965
2025-12-18 13:00:00,31.773333333333337,59.75333333333333,0.0,4.45,1.8755089999999999,99.26333333333332
2025-12-18 14:00:00,31.393333333333334,60.47666666666667,0.0,4.193333333333333,1.802819333333333,95.91666666666667
2025-12-18 15:00:00,31.843333333333334,58.826666666666675,0.0,3.9433333333333334,1.9258736666666667,53.67666666666667
2025-12-18 16:00:00,31.46666666666667,59.57,0.0,2.4033333333333333,1.8517003333333335,30.203333333333333
2025-12-18 17:00:00,29.25,63.083333333333336,0.0,0.5499999999999999,1.4986446666666666,5.593333333333334
2025-12-18 18:00:00,24.94666666666667,73.42666666666666,0.0,0.0,0.8389506666666667,0.0
2025-12-18 19:00:00,23.326666666666668,77.78666666666668,0.0,0.0,0.6327713333333334,0.0
2025-12-18 20:00:00,22.733333333333334,78.92,0.0,0.0,0.5794076666666667,0.0
2025-12-18 21:00:00,22.293333333333333,79.27,0.0,0.0,0.5547856666666666,0.0
2025-12-18 22:00:00,21.929999999999996,79.50999999999999,0.0,0.0,0.5363623333333334,0.0
2025-12-18 23:00:00,21.623333333333335,79.7,0.0,0.0,0.5215946666666667,0.0
2025-12-19 00:00:00,21.416666666666668,79.83666666666666,0.0,0.0,0.5115803333333333,0.0
2025-12-19 01:00:00,21.273333333333333,79.85333333333334,0.0,0.06333333333333334,0.50673,0.0
2025-12-19 02:00:00,21.07,79.87666666666667,0.0,0.0,0.49985366666666664,0.0
2025-12-19 03:00:00,20.776666666666667,79.87,0.0,0.0,0.4911273333333333,0.0
2025-12-19 04:00:00,20.55666666666667,79.78333333333335,0.0,0.0,0.48663066666666666,0.0
2025-12-19 05:00:00,20.136666666666667,79.60333333333334,0.0,0.0,0.47844033333333336,0.0
2025-12-19 06:00:00,20.41,79.51333333333334,0.0,0.0,0.48870433333333335,1.9933333333333334
2025-12-19 07:00:00,23.356666666666666,72.27,0.0,0.0,0.8031929999999999,23.48
2025-12-19 08:00:00,27.150000000000002,62.65333333333333,0.0,1.99,1.338906,44.19
2025-12-19 09:00:00,28.79,59.515,0.0,2.62,1.5916204999999999,60.955
2025-12-19 10:00:00,30.476666666666663,56.20333333333334,0.0,3.56,1.8961240000000001,103.71999999999998
2025-12-19 11:00:00,31.72666666666667,55.26666666666667,0.0,4.556666666666667,2.0792143333333333,103.56
2025-12-19 12:00:00,33.43333333333334,53.913333333333334,0.0,3.66,2.356827,102.41000000000001
2025-12-19 13:00:00,34.07666666666667,52.52,0.0,3.42,2.5168323333333333,99.10000000000001
2025-12-19 14:00:00,34.833333333333336,51.81,0.0,3.266666666666667,2.6631136666666664,100.39666666666666
2025-12-19 15:00:00,35.01,51.29666666666666,0.0,2.3866666666666667,2.717568333333334,59.39333333333334
2025-12-19 16:00:00,34.38333333333333,51.78333333333333,0.0,2.47,2.59935,32.76333333333333
2025-12-19 17:00:00,31.80333333333333,56.10999999999999,0.0,0.3666666666666667,2.0561006666666666,9.326666666666666
2025-12-19 18:00:00,26.623333333333335,68.48666666666666,0.0,0.0,1.1032513333333334,0.0
2025-12-19 19:00:00,23.913333333333338,75.28666666666668,0.0,0.0,0.730409,0.0
2025-12-19 20:00:00,22.540000000000003,77.63333333333334,0.0,0.0,0.6081213333333334,0.0
2025-12-19 21:00:00,21.813333333333333,79.07666666666667,0.0,0.0,0.5438793333333333,0.0
2025-12-19 22:00:00,21.49,79.37666666666667,0.0,0.0,0.5256213333333334,0.0
2025-12-19 23:00:00,20.816666666666666,79.42,0.0,0.0,0.5033766666666667,0.0
2025-12-20 00:00:00,20.573333333333334,79.69333333333333,0.0,0.0,0.48928,0.0
2025-12-20 01:00:00,20.206666666666667,79.82666666666667,0.0,0.0,0.47526833333333335,0.0
2025-12-20 02:00:00,20.0,79.94333333333334,0.0,0.0,0.46652933333333335,0.0
2025-12-20 03:00:00,19.916666666666668,80.00333333333333,0.0,0.0,0.4627396666666666,0.0
2025-12-20 04:00:00,19.756666666666664,80.02,0.0,0.0,0.457806,0.0
2025-12-20 05:00:00,19.873333333333335,80.10333333333334,0.0,0.0,0.459192,0.0
2025-12-20 06:00:00,19.48,80.02666666666666,0.0,0.0,0.4499166666666667,0.5599999999999999
2025-12-20 07:00:00,21.8,80.17666666666668,0.0,0.0,0.5170776666666667,19.66
2025-12-20 08:00:00,28.403333333333336,65.71,0.0,0.0033333333333333335,1.3300186666666667,43.34
2025-12-20 09:00:00,31.03,55.36666666666667,0.0,1.8,1.9976763333333334,76.02333333333333
2025-12-20 10:00:00,32.76666666666667,52.54333333333333,0.0,4.656666666666667,2.3376366666666666,102.60666666666667
2025-12-20 11:00:00,33.61000000000001,50.89333333333334,0.0,4.946666666666666,2.538195333333334,103.63666666666666
2025-12-20 12:00:00,34.21,50.26333333333334,0.0,5.609999999999999,2.655632,101.63
2025-12-20 13:00:00,34.776666666666664,50.120000000000005,0.0,3.973333333333333,2.748127333333333,97.77333333333333
2025-12-20 14:00:00,34.93666666666667,49.04666666666666,0.0,3.123333333333333,2.8333146666666664,96.52333333333333
2025-12-20 15:00:00,35.04,47.89333333333334,0.0,4.01,2.912119,55.553333333333335
2025-12-20 16:00:00,34.02,47.75333333333333,0.0,2.533333333333333,2.7614023333333333,31.5
2025-12-20 17:00:00,31.23,51.44333333333333,0.0,0.47000000000000003,2.2097116666666667,6.696666666666666
2025-12-20 18:00:00,24.580000000000002,67.18666666666667,0.0,0.0,1.0161843333333334,0.0
2025-12-20 19:00:00,21.536666666666665,74.89999999999999,0.0,0.0,0.6435763333333333,0.0
2025-12-20 20:00:00,19.986666666666668,78.3,0.0,0.0,0.504622,0.0
2025-12-20 21:00:00,19.316666666666666,79.08333333333333,0.0,0.0,0.46640299999999996,0.0
2025-12-20 22:00:00,19.05666666666667,79.33666666666666,0.0,0.0,0.453371,0.0
2025-12-20 23:00:00,18.383333333333333,79.41000000000001,0.0,0.0,0.433235,0.0
2025-12-21 00:00:00,17.876666666666665,79.53,0.0,0.0,0.41727800000000004,0.0
2025-12-21 01:00:00,17.566666666666666,79.59333333333333,0.0,0.0,0.40792066666666665,0.0
2025-12-21 02:00:00,17.1,79.46,0.0,0.0,0.3987796666666667,0.0
2025-12-21 03:00:00,16.373333333333335,79.48333333333333,0.0,0.0,0.380346,0.0
2025-12-21 04:00:00,16.326666666666668,79.61,0.0,0.0,0.37687833333333337,0.0
2025-12-21 05:00:00,16.386666666666667,79.78666666666668,0.0,0.0,0.3750536666666666,0.0
2025-12-21 06:00:00,16.59,79.75333333333333,0.0,0.0,0.38053033333333336,1.8866666666666665
2025-12-21 07:00:00,20.206666666666667,76.09333333333335,0.0,0.0033333333333333335,0.5766533333333334,21.006666666666664
2025-12-21 08:00:00,25.763333333333332,62.79666666666666,0.0,1.0866666666666667,1.2344546666666667,42.07666666666666
2025-12-21 09:00:00,29.643333333333334,56.39333333333334,0.0,1.5433333333333332,1.8097556666666665,75.65666666666667
2025-12-21 10:00:00,32.32666666666667,52.06,0.0,2.4899999999999998,2.305270333333333,102.07
2025-12-21 11:00:00,33.055,49.3,0.0,3.6550000000000002,2.539155,103.60499999999999
2025-12-21 12:00:00,33.50333333333334,49.42666666666667,0.0,4.6433333333333335,2.5978586666666668,102.62666666666667
2025-12-21 13:00:00,34.64333333333334,47.26333333333333,0.0,4.926666666666667,2.8847566666666666,99.69333333333333
2025-12-21 14:00:00,35.123333333333335,46.75333333333333,0.0,2.986666666666667,2.990308666666667,101.78666666666668
2025-12-21 15:00:00,35.25666666666667,45.800000000000004,0.0,3.56,3.0665416666666663,60.916666666666664
2025-12-21 16:00:00,35.31333333333333,45.843333333333334,0.0,1.9633333333333332,3.0751489999999997,35.416666666666664
2025-12-21 17:00:00,32.02,51.43666666666667,0.0,0.49333333333333335,2.326220333333333,10.596666666666666
2025-12-21 18:00:00,24.276666666666667,69.44666666666667,0.0,0.0,0.9296643333333333,0.0
2025-12-21 19:00:00,21.826666666666664,74.82666666666667,0.0,0.0,0.6549743333333333,0.0
2025-12-21 20:00:00,21.066666666666666,76.52666666666666,0.0,0.0,0.5833523333333334,0.0
2025-12-21 21:00:00,20.253333333333334,78.13,0.0,0.0,0.5167419999999999,0.0
2025-12-21 22:00:00,19.973333333333333,78.52,0.0,0.0,0.4988163333333333,0.0
2025-12-21 23:00:00,19.94333333333333,79.00999999999999,0.0,0.0,0.486512,0.0
2025-12-22 00:00:00,19.843333333333334,79.22000000000001,0.0,0.0,0.478709,0.0
2025-12-22 01:00:00,19.873333333333335,79.57666666666667,0.0,0.0,0.471346,0.0
2025-12-22 02:00:00,19.903333333333332,79.41666666666667,0.0,0.0,0.4759233333333333,0.0
2025-12-22 03:00:00,20.016666666666666,79.71,0.0,0.0,0.472434,0.0
2025-12-22 04:00:00,19.886666666666667,79.72666666666667,0.0,0.0,0.46827100000000005,0.0
2025-12-22 05:00:00,20.353333333333335,79.88666666666667,0.0,0.0,0.4781393333333333,0.0
2025-12-22 06:00:00,20.75,80.02,0.0,0.0,0.48667666666666665,0.32666666666666666
2025-12-22 07:00:00,21.99,79.64999999999999,0.0,0.0,0.5355963333333333,10.969999999999999
2025-12-22 08:00:00,26.77,67.17666666666666,0.0,3.1999999999999997,1.1563436666666667,48.81666666666666
2025-12-22 09:00:00,28.856666666666666,62.970000000000006,0.0,4.236666666666667,1.4630036666666666,79.04666666666667
2025-12-22 10:00:00,30.763333333333335,59.949999999999996,0.0,5.276666666666666,1.7626723333333334,102.94666666666667
2025-12-22 11:00:00,32.50333333333334,57.75333333333333,0.0,3.9766666666666666,2.051935,103.65333333333335
2025-12-22 12:00:00,34.370000000000005,55.72,0.0,3.0366666666666666,2.385473333333333,98.66000000000001
2025-12-22 13:00:00,34.556666666666665,54.94333333333333,0.0,5.03,2.4540509999999998,102.67333333333333
2025-12-22 14:00:00,34.63,54.1,0.0,5.1033333333333335,2.508421333333333,94.00666666666666
2025-12-22 15:00:00,35.696666666666665,53.163333333333334,0.0,2.1333333333333333,2.714669333333333,51.09
2025-12-22 16:00:00,34.79,53.843333333333334,0.0,2.22,2.544887,35.67666666666667
2025-12-22 17:00:00,32.12,57.85999999999999,0.0,0.7666666666666667,2.0160743333333335,7.6066666666666665
2025-12-22 18:00:00,27.923333333333336,65.38333333333334,0.0,0.04666666666666667,1.2984410000000002,0.0
2025-12-22 19:00:00,24.756666666666664,74.42,0.0,0.0,0.795813,0.0
2025-12-22 20:00:00,22.905,77.755,0.0,0.0,0.6178330000000001,0.0
2025-12-22 21:00:00,22.349999999999998,78.69333333333333,0.0,0.0,0.5721783333333333,0.0
2025-12-22 22:00:00,21.929999999999996,79.08666666666666,0.0,0.0,0.5475273333333334,0.0
2025-12-22 23:00:00,21.506666666666664,79.43666666666667,0.0,0.0,0.5246179999999999,0.0
2025-12-23 00:00:00,21.330000000000002,79.63666666666667,0.0,0.0,0.5139466666666667,0.0
2025-12-23 01:00:00,21.023333333333333,79.83333333333333,0.0,0.0,0.499512,0.0
2025-12-23 02:00:00,20.633333333333333,79.82,0.0,0.0,0.488043,0.0
2025-12-23 03:00:00,20.426666666666666,79.97,0.0,0.0,0.47831566666666664,0.0
2025-12-23 04:00:00,19.94666666666667,79.92,0.0,0.0,0.46552166666666667,0.0
2025-12-23 05:00:00,19.783333333333335,80.06,0.0,0.0,0.45764266666666664,0.0
2025-12-23 06:00:00,19.843333333333334,80.13666666666667,0.0,0.0,0.45757866666666663,0.8633333333333334
2025-12-23 07:00:00,22.92,78.41333333333334,0.0,0.0,0.6090663333333334,22.69666666666667
2025-12-23 08:00:00,27.5,68.61500000000001,0.0,0.245,1.14761,52.18
2025-12-23 09:00:00,30.546666666666667,62.63666666666666,0.0,1.3166666666666667,1.6276193333333333,66.36666666666666
2025-12-23 10:00:00,32.629999999999995,59.06,0.0,1.1233333333333333,2.00478,104.00999999999999
2025-12-23 11:00:00,34.266666666666666,56.10999999999999,0.0,1.3133333333333332,2.3549286666666664,103.47666666666667
2025-12-23 12:00:00,35.01,55.026666666666664,0.0,3.56,2.510457,102.76333333333334
2025-12-23 13:00:00,36.06,52.48666666666667,0.0,2.4633333333333334,2.817664333333333,67.52
2025-12-23 14:00:00,36.016666666666666,52.669999999999995,0.0,1.79,2.7928553333333332,80.24333333333334
2025-12-23 15:00:00,35.373333333333335,53.163333333333334,0.0,1.5366666666666664,2.6695189999999998,46.09
2025-12-23 16:00:00,34.30500000000001,55.465,0.0,0.06,2.3908365,21.125
2025-12-23 17:00:00,33.71,57.526666666666664,0.0,0.0,2.2312106666666667,13.813333333333333
2025-12-23 18:00:00,27.936666666666667,68.93333333333334,0.0,0.023333333333333334,1.1715173333333333,0.0
2025-12-23 19:00:00,25.183333333333334,75.93,0.0,0.0,0.767239,0.0
2025-12-23 20:00:00,23.896666666666665,78.50333333333333,0.0,0.0,0.633677,0.0
2025-12-23 21:00:00,23.49,79.35000000000001,0.0,0.0,0.5940310000000001,0.0
2025-12-23 22:00:00,22.77333333333333,79.68333333333334,0.0,0.0,0.55973,0.0
2025-12-23 23:00:00,22.453333333333333,79.87666666666667,0.0,0.0,0.5437656666666667,0.0
2025-12-24 00:00:00,21.945,79.965,0.0,0.0,0.5249535000000001,0.0
2025-12-24 01:00:00,21.929999999999996,80.29333333333334,0.0,0.0,0.5158636666666667,0.0
2025-12-24 02:00:00,21.826666666666664,80.22666666666667,0.0,0.0,0.5143613333333333,0.0
2025-12-24 03:00:00,21.75,80.25333333333333,0.0,0.0,0.5112906666666667,0.0
2025-12-24 04:00:00,21.256666666666664,80.27,0.0,0.0,0.4957293333333333,0.0
2025-12-24 05:00:00,20.936666666666667,80.24333333333334,0.0,0.0,0.48677433333333336,0.0
2025-12-24 06:00:00,20.849999999999998,80.37666666666667,0.0,0.0,0.48092466666666667,0.5466666666666666
2025-12-24 07:00:00,23.19666666666667,79.93666666666667,0.0,0.0,0.5700603333333333,19.62
2025-12-24 08:00:00,28.753333333333334,66.83333333333333,0.0,0.73,1.3124503333333333,44.800000000000004
2025-12-24 09:00:00,31.45,59.63666666666666,0.0,1.6366666666666667,1.849858,75.96333333333332
2025-12-24 10:00:00,34.25333333333334,55.68333333333334,0.0,0.9566666666666667,2.3726713333333334,101.89999999999999
2025-12-24 11:00:00,35.24,54.5,0.0,2.8200000000000003,2.571938,103.42999999999999
2025-12-24 12:00:00,35.54666666666666,53.626666666666665,0.0,2.84,2.669276333333334,101.00666666666666
2025-12-24 13:00:00,34.76333333333333,53.85333333333333,0.0,3.313333333333333,2.5473529999999998,41.23666666666667
2025-12-24 14:00:00,32.82333333333333,57.88666666666666,0.0,0.2866666666666667,2.0811176666666666,24.833333333333332
2025-12-24 15:00:00,32.4,60.26,0.0,0.0,1.9190406666666666,20.55333333333333
2025-12-24 16:00:00,31.86,62.75333333333333,0.0,0.0,1.744053,14.923333333333332
2025-12-24 17:00:00,30.17,68.53999999999999,0.0,0.0,1.341431,4.42
2025-12-24 18:00:00,27.430000000000003,72.91000000000001,0.0,0.0,0.9857603333333333,0.0
2025-12-24 19:00:00,26.45,75.53333333333335,0.0,0.0,0.8390019999999999,0.0
2025-12-24 20:00:00,25.55666666666667,76.58666666666666,0.0,0.0,0.7627513333333334,0.0
2025-12-24 21:00:00,24.336666666666662,79.02,0.0,0.0,0.6350169999999999,0.0
2025-12-24 22:00:00,23.563333333333333,79.71,0.0,0.0,0.5861836666666667,0.0
2025-12-24 23:00:00,22.83,79.85333333333334,0.0,0.0,0.5569483333333333,0.0
2025-12-25 00:00:00,22.25,79.91666666666667,0.0,0.0,0.5360603333333334,0.0
2025-12-25 01:00:00,22.043333333333333,80.16000000000001,0.0,0.0,0.522941,0.0
2025-12-25 02:00:00,21.88,80.325,0.0,0.0,0.513469,0.0
2025-12-25 03:00:00,21.753333333333334,80.37,0.0,0.0,0.5083946666666667,0.0
2025-12-25 04:00:00,21.45,80.25,0.0,0.0,0.5021296666666667,0.0
2025-12-25 05:00:00,21.126666666666665,80.23666666666666,0.0,0.0,0.49262433333333333,0.0
2025-12-25 06:00:00,20.69,80.19333333333334,0.0,0.0,0.480682,0.43333333333333335
2025-12-25 07:00:00,22.456666666666667,80.07,0.0,0.0,0.540764,19.016666666666666
2025-12-25 08:00:00,28.166666666666668,64.55333333333333,0.0,0.9033333333333333,1.3557836666666667,45.65
2025-12-25 09:00:00,31.45,54.23,0.0,2.4466666666666668,2.0996753333333333,72.48333333333333
2025-12-25 10:00:00,32.620000000000005,51.765,0.0,6.52,2.356719,103.865
2025-12-25 11:00:00,33.99,48.94333333333333,0.0,5.396666666666667,2.6926993333333336,103.42333333333333
2025-12-25 12:00:00,34.96666666666667,48.29666666666666,0.0,5.43,2.878083666666667,101.82666666666667
2025-12-25 13:00:00,35.22,47.515,0.0,5.715,2.962731,99.065
2025-12-25 14:00:00,35.373333333333335,47.57666666666666,0.0,4.093333333333333,2.9841306666666667,103.44666666666667
2025-12-25 15:00:00,35.666666666666664,47.199999999999996,0.0,3.3333333333333335,3.0545760000000004,60.583333333333336
2025-12-25 16:00:00,34.97666666666667,47.76,0.0,3.5666666666666664,2.909483,34.68
2025-12-25 17:00:00,33.18666666666667,50.419999999999995,0.0,0.5966666666666667,2.5055473333333333,9.786666666666667
2025-12-25 18:00:00,27.176666666666666,65.27,0.0,0.0,1.2560736666666668,0.0
2025-12-25 19:00:00,24.12,73.37666666666667,0.0,0.0,0.796992,0.0
2025-12-25 20:00:00,23.05,76.73666666666666,0.0,0.0,0.6519823333333333,0.0
2025-12-25 21:00:00,22.28,77.32000000000001,0.0,0.0,0.6066306666666667,0.0
2025-12-25 22:00:00,22.03,78.60333333333334,0.0,0.0,0.563515,0.0
2025-12-25 23:00:00,22.933333333333334,77.76,0.0,0.0,0.6187126666666667,0.0
2025-12-26 00:00:00,23.25666666666667,77.02,0.0,0.0,0.651825,0.0
2025-12-26 01:00:00,23.459999999999997,76.02666666666666,0.0,0.01,0.6883816666666666,0.0
2025-12-26 02:00:00,24.38,71.72,0.0,0.03666666666666667,0.858229,0.0
2025-12-26 03:00:00,24.963333333333335,70.02666666666667,0.0,0.0,0.9415233333333334,0.0
2025-12-26 04:00:00,25.12,68.97666666666667,0.0,0.01,0.9835833333333334,0.0
2025-12-26 05:00:00,25.413333333333338,66.68,0.0,3.01,1.0748496666666665,0.0
2025-12-26 06:00:00,25.296666666666667,66.76,0.0,1.58,1.0649056666666665,0.25666666666666665
2025-12-26 07:00:00,25.096666666666668,66.84666666666668,0.0,3.9666666666666663,1.0496056666666667,8.450000000000001
2025-12-26 08:00:00,26.21666666666667,65.32000000000001,0.0,2.2533333333333334,1.1730486666666666,32.74
2025-12-26 09:00:00,26.566666666666666,64.67,0.0,3.5033333333333334,1.2209323333333333,51.376666666666665
2025-12-26 10:00:00,28.403333333333336,61.98666666666666,0.0,4.37,1.4634443333333333,80.12
2025-12-26 11:00:00,29.086666666666662,61.199999999999996,0.0,3.61,1.5514066666666666,91.54666666666667
2025-12-26 12:00:00,30.256666666666664,60.44333333333333,0.0,4.056666666666667,1.6928923333333332,88.17333333333333
2025-12-26 13:00:00,30.865000000000002,60.629999999999995,0.0,2.765,1.744542,85.535
2025-12-26 14:00:00,31.38,59.879999999999995,0.0,3.3966666666666665,1.8279439999999998,77.79666666666667
2025-12-26 15:00:00,31.876666666666665,59.06,0.0,4.38,1.9195473333333333,62.16
2025-12-26 16:00:00,30.105,61.94,0.0,3.17,1.613761,22.535
2025-12-26 17:00:00,28.51,64.45333333333333,0.0,2.3666666666666667,1.374818,3.16
2025-12-26 18:00:00,27.526666666666667,66.27666666666667,0.0,0.7266666666666666,1.2318363333333333,0.0
2025-12-26 19:00:00,27.150000000000002,66.91000000000001,0.0,2.1,1.182151,0.0
2025-12-26 20:00:00,27.016666666666666,67.09333333333333,0.0,1.0,1.166495,0.0
2025-12-26 21:00:00,26.64,67.72000000000001,0.0,0.38333333333333336,1.11934,0.0
2025-12-26 22:00:00,26.126666666666665,68.25333333333333,0.0,0.47333333333333333,1.0684936666666667,0.0
2025-12-26 23:00:00,25.44333333333333,67.90333333333332,0.0,0.56,1.0369613333333334,0.0
2025-12-27 00:00:00,24.933333333333334,66.06,0.0,1.9333333333333336,1.0641336666666668,0.0
2025-12-27 01:00:00,24.37,66.86500000000001,0.0,0.41,1.004827,0.0
2025-12-27 02:00:00,22.55666666666667,73.11,0.0,0.0,0.733729,0.0
2025-12-27 03:00:00,21.403333333333332,76.29333333333334,0.0,0.0,0.6009806666666666,0.0
2025-12-27 04:00:00,20.876666666666665,77.56666666666666,0.0,0.0,0.55077,0.0
2025-12-27 05:00:00,20.72,77.68666666666667,0.0,0.0,0.5424963333333334,0.0
2025-12-27 06:00:00,20.426666666666666,77.18666666666667,0.0,0.0,0.5447843333333333,0.2333333333333333
2025-12-27 07:00:00,23.55,68.32666666666667,0.0,0.8266666666666667,0.9358370000000001,19.976666666666667
2025-12-27 08:00:00,26.756666666666664,59.89333333333334,0.0,3.14,1.4026576666666666,41.28
2025-12-27 09:00:00,28.653333333333336,57.56333333333333,0.0,5.323333333333333,1.6553320000000002,76.69
2025-12-27 10:00:00,30.08,57.29333333333333,0.0,5.41,1.8077743333333334,101.49333333333334
2025-12-27 11:00:00,31.333333333333332,56.01666666666667,0.0,5.516666666666667,2.000644,103.63333333333333
2025-12-27 12:00:00,32.685,54.489999999999995,0.0,4.395,2.2326435,101.575
2025-12-27 13:00:00,33.31666666666666,54.02,0.0,3.92,2.335733333333333,99.70333333333333
2025-12-27 14:00:00,33.24333333333333,54.053333333333335,0.0,3.9066666666666667,2.324872,96.87
2025-12-27 15:00:00,32.815,54.5,0.0,4.695,2.24794,54.760000000000005
2025-12-27 16:00:00,32.06333333333333,55.553333333333335,0.0,3.4500000000000006,2.1073986666666666,36.21333333333333
2025-12-27 17:00:00,29.38,60.086666666666666,0.0,2.9166666666666665,1.6270003333333332,7.633333333333333
2025-12-27 18:00:00,27.179999999999996,64.01333333333334,0.0,0.9766666666666666,1.2883306666666667,0.0
2025-12-27 19:00:00,25.725,67.725,0.0,0.0,1.062157,0.0
2025-12-27 20:00:00,24.455,71.39,0.0,0.0,0.8719239999999999,0.0
2025-12-27 21:00:00,23.356666666666666,74.96666666666665,0.0,0.0,0.7156323333333333,0.0
2025-12-27 22:00:00,22.493333333333336,77.70333333333333,0.0,0.0,0.6039946666666666,0.0
2025-12-27 23:00:00,22.453333333333333,78.49333333333334,0.0,0.0,0.5810993333333333,0.0
2025-12-28 00:00:00,22.439999999999998,78.41,0.0,0.0,0.5829179999999999,0.0
2025-12-28 01:00:00,21.74,78.90333333333334,0.0,0.0,0.546022,0.0
2025-12-28 02:00:00,21.316666666666666,79.42666666666666,0.0,0.0,0.5188303333333333,0.0
2025-12-28 03:00:00,20.833333333333332,79.57666666666667,0.0,0.0,0.5000113333333333,0.0
2025-12-28 04:00:00,20.426666666666666,79.71,0.0,0.0,0.48450666666666664,0.0
2025-12-28 05:00:00,20.44333333333333,79.93666666666667,0.0,0.0,0.479585,0.0
2025-12-28 06:00:00,20.266666666666666,79.89333333333333,0.0,0.0,0.47541900000000004,0.2966666666666667
2025-12-28 07:00:00,21.153333333333332,79.22666666666667,0.0,0.0,0.5197556666666667,12.75
2025-12-28 08:00:00,26.45,63.73,0.0,2.526666666666667,1.249941,35.32666666666666
2025-12-28 09:00:00,29.25,58.70333333333334,0.0,2.7533333333333334,1.6697253333333333,77.91666666666667
2025-12-28 10:00:00,31.064999999999998,56.730000000000004,0.0,5.3,1.936728,103.285
2025-12-28 11:00:00,31.656666666666666,56.120000000000005,0.0,6.09,2.0321686666666667,103.45333333333333
2025-12-28 12:00:00,33.20333333333333,54.71,0.0,3.16,2.2887720000000003,102.46333333333332
2025-12-28 13:00:00,33.72666666666667,54.14666666666667,0.0,5.05,2.3833110000000004,80.42333333333333
2025-12-28 14:00:00,34.11,54.0,0.0,2.21,2.442085,100.7
2025-12-28 15:00:00,34.19,53.7,0.0,2.83,2.468938,54.66
2025-12-28 16:00:00,33.199999999999996,54.876666666666665,0.0,2.72,2.278890666666667,35.62
2025-12-28 17:00:00,30.676666666666666,58.580000000000005,0.0,0.9500000000000001,1.822678,7.46
2025-12-28 18:00:00,27.570000000000004,62.85333333333333,0.0,0.11,1.3610606666666667,0.0
2025-12-28 19:00:00,24.72666666666667,71.96,0.0,0.0,0.8720516666666667,0.0
2025-12-28 20:00:00,22.67,76.24666666666667,0.0,0.0,0.651118,0.0
2025-12-28 21:00:00,21.72,78.22,0.0,0.0,0.5629956666666667,0.0
2025-12-28 22:00:00,21.23,78.83333333333333,0.0,0.0,0.5309466666666666,0.0
2025-12-28 23:00:00,20.996666666666666,79.27,0.0,0.0,0.5126443333333334,0.0
2025-12-29 00:00:00,20.56,79.54666666666667,0.0,0.0,0.4924203333333333,0.0
2025-12-29 01:00:00,20.573333333333334,79.65333333333334,0.0,0.0,0.49026,0.0
2025-12-29 02:00:00,20.55666666666667,79.46333333333332,0.0,0.01,0.494332,0.0
2025-12-29 03:00:00,20.293333333333333,79.56666666666666,0.0,0.3,0.48394266666666663,0.0
2025-12-29 04:00:00,20.41333333333333,79.47,0.0,0.006666666666666667,0.489886,0.0
2025-12-29 05:00:00,19.753333333333334,78.81333333333333,0.0,0.0033333333333333335,0.4853073333333333,0.0
2025-12-29 06:00:00,19.066666666666666,78.93666666666667,0.0,0.0,0.46245800000000004,0.9866666666666667
2025-12-29 07:00:00,21.666666666666668,75.22000000000001,0.0,0.0,0.6524396666666666,21.929999999999996
2025-12-29 08:00:00,27.543333333333333,57.89333333333334,0.0,0.9833333333333334,1.5417319999999999,41.98
2025-12-29 09:00:00,29.49666666666667,54.01,0.0,2.3366666666666664,1.883477,77.38
2025-12-29 10:00:00,31.41,52.22666666666667,0.0,3.72,2.180916,102.82666666666667
2025-12-29 11:00:00,32.54666666666667,50.28333333333333,0.0,3.693333333333334,2.420408666666667,103.62333333333333
2025-12-29 12:00:00,34.31,49.086666666666666,0.0,2.76,2.7338039999999997,101.70333333333333
2025-12-29 13:00:00,35.04,48.72,0.0,2.223333333333333,2.8669396666666667,99.96333333333332
2025-12-29 14:00:00,35.169999999999995,48.60333333333333,0.0,2.473333333333333,2.8939356666666662,97.78666666666668
2025-12-29 15:00:00,34.57333333333333,49.35999999999999,0.0,3.016666666666667,2.7582606666666667,52.97666666666667
2025-12-29 16:00:00,34.526666666666664,50.03666666666666,0.0,0.6133333333333334,2.7153419999999997,33.38
2025-12-29 17:00:00,31.073333333333334,55.00333333333333,0.0,0.26,2.0344346666666664,4.863333333333333
2025-12-29 18:00:00,25.123333333333335,69.66000000000001,0.0,0.0,0.968244,0.0
2025-12-29 19:00:00,22.643333333333334,76.21,0.0,0.03333333333333333,0.6508556666666667,0.0
2025-12-29 20:00:00,21.52,77.28666666666668,0.0,0.0,0.5800186666666667,0.0
2025-12-29 21:00:00,21.083333333333332,78.43,0.0,0.0,0.53628,0.0
2025-12-29 22:00:00,,,0.0,,,
2025-12-29 23:00:00,,,0.0,,,
2025-12-30 00:00:00,,,0.0,,,
2025-12-30 01:00:00,,,0.0,,,
2025-12-30 02:00:00,18.354999999999997,79.68,0.0,0.0,0.426788,0.0
2025-12-30 03:00:00,18.253333333333334,79.87666666666667,0.0,0.0033333333333333335,0.419953,0.0
2025-12-30 04:00:00,18.12,79.89999999999999,0.0,0.0,0.41598966666666665,0.0
2025-12-30 05:00:00,17.89,79.98666666666666,0.0,0.0,0.408268,0.0
2025-12-30 06:00:00,17.816666666666666,79.89333333333333,0.0,0.0,0.408291,0.8866666666666667
2025-12-30 07:00:00,20.44,80.45333333333333,0.0,0.0,0.46909433333333334,20.55333333333333
2025-12-30 08:00:00,25.78,69.11,0.0,0.0,1.0317696666666667,35.01
2025-12-30 09:00:00,29.903333333333332,56.14333333333334,0.0,1.15,1.8502830000000001,75.83333333333333
2025-12-30 10:00:00,32.806666666666665,50.85333333333333,0.0,2.4466666666666668,2.427897,103.35333333333334
2025-12-30 11:00:00,33.78666666666667,48.35999999999999,0.0,2.61,2.6928053333333337,103.62666666666667
2025-12-30 12:00:00,34.34,47.76,0.0,2.433333333333333,2.809146666666667,102.44666666666667
2025-12-30 13:00:00,35.026666666666664,46.169999999999995,0.0,1.6066666666666667,3.0073073333333333,99.41000000000001
2025-12-30 14:00:00,34.96666666666667,46.276666666666664,0.0,2.6833333333333336,2.99295,97.32666666666667
2025-12-30 15:00:00,35.916666666666664,44.99666666666667,0.0,0.9666666666666667,3.227579,56.73333333333334
2025-12-30 16:00:00,34.82,46.49333333333333,0.0,1.0766666666666667,2.955114333333333,30.55666666666667
2025-12-30 17:00:00,31.130000000000006,54.43666666666667,0.0,0.0,2.1003456666666667,7.863333333333333
2025-12-30 18:00:00,24.42,69.14333333333333,0.0,0.0,0.9432526666666666,0.0
2025-12-30 19:00:00,22.28,74.23333333333333,0.0,0.0,0.6901333333333334,0.0
2025-12-30 20:00:00,21.52,76.32,0.0,0.0,0.6047753333333333,0.0
2025-12-30 21:00:00,20.793333333333333,77.71,0.0,0.0,0.5446636666666667,0.0
2025-12-30 22:00:00,20.106666666666666,78.93666666666667,0.0,0.0,0.4932666666666667,0.0
2025-12-30 23:00:00,19.813333333333333,79.19333333333333,0.0,0.0,0.478423,0.0
2025-12-31 00:00:00,19.403333333333332,79.57666666666667,0.0,0.0,0.4578326666666667,0.0
2025-12-31 01:00:00,19.043333333333333,79.77666666666667,0.0,0.0,0.44336766666666666,0.0
2025-12-31 02:00:00,18.59,79.74333333333334,0.0,0.0,0.43173,0.0
2025-12-31 03:00:00,17.93,79.77,0.0,0.0,0.41373533333333334,0.0
2025-12-31 04:00:00,17.583333333333332,79.75,0.0,0.0,0.405219,0.0
2025-12-31 05:00:00,17.143333333333334,79.77,0.0,0.0,0.39377900000000005,0.0
2025-12-31 06:00:00,16.94,79.83666666666666,0.0,0.0,0.38747533333333334,0.8266666666666667
2025-12-31 07:00:00,19.566666666666666,79.42666666666666,0.0,0.0,0.46885266666666664,21.173333333333332
2025-12-31 08:00:00,24.333333333333332,72.35333333333334,0.0,0.02,0.8466710000000001,38.22666666666667
2025-12-31 09:00:00,29.366666666666664,58.73333333333333,0.0,0.91,1.6943833333333334,73.67333333333333
2025-12-31 10:00:00,32.48666666666667,50.81999999999999,0.0,3.73,2.3855406666666665,103.57666666666667
2025-12-31 11:00:00,33.96,47.72,0.0,4.08,2.7526593333333333,103.56
2025-12-31 12:00:00,34.26333333333333,47.96666666666667,0.0,2.4066666666666667,2.7867466666666663,102.39999999999999
2025-12-31 13:00:00,35.04,47.04333333333333,0.0,2.9333333333333336,2.960123333333333,98.87666666666667
2025-12-31 14:00:00,34.76,47.47,0.0,3.4599999999999995,2.8916006666666667,97.79666666666667
2025-12-31 15:00:00,35.47666666666667,46.276666666666664,0.0,1.55,3.0775963333333336,57.05666666666667
2025-12-31 16:00:00,34.6,48.43333333333334,0.0,1.3833333333333335,2.835743666666667,31.826666666666668
2025-12-31 17:00:00,29.626666666666665,57.51666666666667,0.0,1.6833333333333336,1.763203,7.573333333333333
2025-12-31 18:00:00,25.646666666666665,64.97666666666667,0.0,0.0033333333333333335,1.152693,0.0
2025-12-31 19:00:00,23.02,72.10000000000001,0.0,0.0,0.7819093333333335,0.0
2025-12-31 20:00:00,21.61,76.79333333333334,0.0,0.0,0.5959073333333333,0.0
2025-12-31 21:00:00,20.66,77.78666666666668,0.0,0.0,0.53835,0.0
2025-12-31 22:00:00,20.016666666666666,78.88666666666667,0.0,0.0,0.491597,0.0
2025-12-31 23:00:00,19.69666666666667,79.26666666666667,0.0,0.0,0.473309,0.0
2026-01-01 00:00:00,19.36,79.39333333333333,0.0,0.0,0.46071599999999996,0.0
2026-01-01 01:00:00,18.853333333333335,79.61,0.0,0.0,0.4417596666666667,0.0
2026-01-01 02:00:00,18.486666666666665,79.62,0.0,0.0,0.43155499999999997,0.0
2026-01-01 03:00:00,18.573333333333334,79.93,0.0,0.0,0.42729866666666666,0.0
2026-01-01 04:00:00,18.34,79.89666666666666,0.0,0.0,0.42183600000000004,0.0
2026-01-01 05:00:00,18.209999999999997,79.92666666666668,0.0,0.0,0.41777166666666665,0.0
2026-01-01 06:00:00,17.77333333333333,79.90333333333332,0.0,0.0,0.406979,0.8566666666666666
2026-01-01 07:00:00,20.080000000000002,80.28,0.0,0.0,0.4622346666666666,20.983333333333334
2026-01-01 08:00:00,24.61,71.41333333333334,0.0,0.5433333333333333,0.8851236666666668,38.69
2026-01-01 09:00:00,28.416666666666668,63.50333333333333,0.0,0.7399999999999999,1.4133856666666667,73.87
2026-01-01 10:00:00,32.25333333333334,55.903333333333336,0.0,0.7666666666666666,2.1114586666666666,103.71999999999998
2026-01-01 11:00:00,34.193333333333335,51.72666666666667,0.0,2.776666666666667,2.5756023333333338,103.8
2026-01-01 12:00:00,33.97666666666667,50.95333333333334,0.0,2.0466666666666664,2.5943546666666664,83.40333333333332
2026-01-01 13:00:00,35.60666666666666,47.02,0.0,2.0733333333333333,3.056637,96.94
2026-01-01 14:00:00,35.75333333333333,46.15,0.0,2.0566666666666666,3.1317203333333334,97.96333333333332
2026-01-01 15:00:00,35.56,46.76333333333334,0.0,2.57,3.0618083333333335,58.14333333333334
2026-01-01 16:00:00,34.98,47.29999999999999,0.0,1.3533333333333333,2.935708333333333,32.419999999999995
2026-01-01 17:00:00,32.32666666666667,52.343333333333334,0.0,0.20333333333333334,2.3185056666666664,9.576666666666666
2026-01-01 18:00:00,25.11,69.55333333333334,0.0,0.0,0.9752463333333333,0.0
2026-01-01 19:00:00,22.453333333333333,76.52,0.0,0.0,0.6351293333333333,0.0
2026-01-01 20:00:00,20.893333333333334,77.95333333333333,0.0,0.0,0.5421346666666667,0.0
2026-01-01 21:00:00,20.02,78.84333333333333,0.0,0.0,0.49273966666666663,0.0
2026-01-01 22:00:00,19.61,79.12666666666667,0.0,0.0,0.47397533333333336,0.0
2026-01-01 23:00:00,19.23,79.23,0.0,0.0,0.460631,0.0
2026-01-02 00:00:00,18.79,79.65,0.0,0.0,0.439141,0.0
2026-01-02 01:00:00,18.706666666666667,79.78666666666668,0.0,0.0,0.433938,0.0
2026-01-02 02:00:00,18.616666666666664,79.85333333333334,0.0,0.0,0.4300946666666667,0.0
2026-01-02 03:00:00,18.296666666666667,79.93666666666667,0.0,0.0,0.41987066666666667,0.0
2026-01-02 04:00:00,17.933333333333334,79.88333333333334,0.0,0.0,0.41148466666666667,0.0
2026-01-02 05:00:00,17.96,79.95333333333333,0.0,0.26333333333333336,0.410741,0.0
2026-01-02 06:00:00,18.37,80.09333333333333,0.0,0.0,0.41846866666666666,1.4166666666666667
2026-01-02 07:00:00,20.893333333333334,77.61666666666667,0.0,0.0,0.5541376666666666,18.673333333333332
2026-01-02 08:00:00,25.426666666666666,66.99333333333334,0.0,0.92,1.070171,45.56999999999999
2026-01-02 09:00:00,28.536666666666665,59.666666666666664,0.0,3.8433333333333333,1.5657516666666667,72.21333333333332
2026-01-02 10:00:00,29.976666666666663,55.18333333333334,0.0,6.003333333333333,1.8862876666666668,102.00666666666666
2026-01-02 11:00:00,31.846666666666664,51.916666666666664,0.0,5.32,2.250529333333333,103.83999999999999
2026-01-02 12:00:00,33.38,49.92666666666667,0.0,5.413333333333333,2.5536996666666667,102.99333333333334
2026-01-02 13:00:00,33.873333333333335,48.43666666666667,0.0,4.543333333333333,2.703187,102.33999999999999
2026-01-02 14:00:00,34.32333333333333,47.56333333333333,0.0,3.84,2.817254666666667,98.56666666666666
2026-01-02 15:00:00,34.12,46.93666666666667,0.0,3.0433333333333334,2.822324333333333,56.26333333333334
2026-01-02 16:00:00,32.99,47.400000000000006,0.0,2.37,2.623657,33.76
2026-01-02 17:00:00,31.276666666666667,49.77,0.0,1.7033333333333334,2.279033666666667,11.93
2026-01-02 18:00:00,26.040000000000003,59.836666666666666,0.0,0.06333333333333334,1.3598993333333336,0.03666666666666667
2026-01-02 19:00:00,21.826666666666668,72.85333333333334,0.0,0.0,0.7081656666666666,0.0
2026-01-02 20:00:00,20.19333333333333,76.47666666666667,0.0,0.0,0.5543473333333333,0.0
2026-01-02 21:00:00,19.2,77.92666666666666,0.0,0.0,0.48860666666666663,0.0
2026-01-02 22:00:00,18.80666666666667,78.46666666666665,0.0,0.0,0.4652716666666667,0.0
2026-01-02 23:00:00,18.416666666666668,79.11,0.0,0.02666666666666667,0.440409,0.0
2026-01-03 00:00:00,17.973333333333333,79.27666666666666,0.0,0.0,0.425001,0.0
2026-01-03 01:00:00,18.343333333333334,79.63666666666667,0.0,0.0,0.427376,0.0
2026-01-03 02:00:00,17.873333333333335,79.54666666666667,0.0,0.0,0.416836,0.0
2026-01-03 03:00:00,18.18,79.56666666666666,0.0,0.0,0.4244676666666667,0.0
2026-01-03 04:00:00,19.143333333333334,77.42666666666666,0.0,0.27666666666666667,0.4987866666666667,0.0
2026-01-03 05:00:00,19.55333333333333,76.51666666666667,0.0,0.18000000000000002,0.5318406666666667,0.0
2026-01-03 06:00:00,19.463333333333335,74.81333333333333,0.0,0.04666666666666667,0.5673196666666667,0.2966666666666667
2026-01-03 07:00:00,20.866666666666667,71.64333333333333,0.0,0.11333333333333334,0.701289,13.363333333333335
2026-01-03 08:00:00,24.423333333333332,64.52666666666667,0.0,1.8399999999999999,1.0810426666666666,44.92666666666667
2026-01-03 09:00:00,27.136666666666667,59.85,0.0,2.1,1.4384393333333332,77.18666666666667
2026-01-03 10:00:00,29.41,55.96,0.0,3.606666666666667,1.796447,102.36333333333334
2026-01-03 11:00:00,31.540000000000003,52.96,0.0,2.8000000000000003,2.163059,103.43
2026-01-03 12:00:00,32.443333333333335,51.38666666666666,0.0,4.713333333333334,2.3519896666666664,103.07
2026-01-03 13:00:00,32.266666666666666,50.98333333333333,0.0,5.6499999999999995,2.3481739999999998,99.95333333333333
2026-01-03 14:00:00,32.13999999999999,51.669999999999995,0.0,4.346666666666667,2.2985283333333335,99.01333333333332
2026-01-03 15:00:00,32.153333333333336,51.32666666666666,0.0,3.8266666666666667,2.3167293333333334,59.81
2026-01-03 16:00:00,31.19,52.02666666666667,0.0,2.6999999999999997,2.162869,28.25666666666667
2026-01-03 17:00:00,27.923333333333332,56.586666666666666,0.0,1.1300000000000001,1.6268106666666666,3.3866666666666667
2026-01-03 18:00:00,23.486666666666668,68.07666666666667,0.0,0.0,0.9264356666666668,0.0
2026-01-03 19:00:00,20.923333333333332,75.52666666666667,0.0,0.0,0.603629,0.0
2026-01-03 20:00:00,19.843333333333334,78.24666666666667,0.0,0.0,0.501159,0.0
2026-01-03 21:00:00,18.866666666666667,78.52666666666666,0.0,0.0,0.46571366666666664,0.0
2026-01-03 22:00:00,18.64,79.155,0.0,0.0,0.4456425,0.0
2026-01-03 23:00:00,18.383333333333333,79.35333333333334,0.0,0.0,0.434407,0.0
2026-01-04 00:00:00,18.063333333333333,79.51,0.0,0.0,0.42254966666666666,0.0
2026-01-04 01:00:00,17.656666666666666,79.55333333333333,0.0,0.0,0.41110399999999997,0.0
2026-01-04 02:00:00,17.236666666666665,79.56,0.0,0.0,0.4001953333333333,0.0
2026-01-04 03:00:00,16.953333333333333,79.64333333333333,0.0,0.0,0.3915013333333333,0.0
2026-01-04 04:00:00,16.676666666666666,79.73,0.0,0.0,0.38308533333333333,0.0
2026-01-04 05:00:00,17.233333333333334,79.92,0.0,0.0,0.3931076666666667,0.0
2026-01-04 06:00:00,17.16333333333333,79.71333333333332,0.0,0.016666666666666666,0.3954123333333333,0.6066666666666667
2026-01-04 07:00:00,18.296666666666667,79.75333333333333,0.0,0.0,0.4241506666666666,12.326666666666668
2026-01-04 08:00:00,21.45,74.38,0.0,0.0,0.6551476666666667,26.856666666666666
2026-01-04 09:00:00,26.45,59.68666666666667,0.0,0.84,1.3916773333333332,73.10000000000001
2026-01-04 10:00:00,29.146666666666665,51.60333333333333,0.0,5.456666666666666,1.943556,103.84666666666665
2026-01-04 11:00:00,30.53,51.15,0.0,5.8133333333333335,2.1208056666666666,103.76666666666667
2026-01-04 12:00:00,31.26,49.82666666666666,0.0,4.613333333333333,2.2708186666666665,99.61000000000001
2026-01-04 13:00:00,32.78,48.196666666666665,0.0,4.076666666666667,2.553896,90.41666666666667
2026-01-04 14:00:00,32.51666666666667,47.85333333333333,0.0,4.793333333333333,2.533978,98.90333333333332
2026-01-04 15:00:00,32.660000000000004,48.330000000000005,0.0,4.06,2.5317896666666666,59.416666666666664
2026-01-04 16:00:00,31.80333333333333,48.580000000000005,0.0,3.7399999999999998,2.399955,33.21333333333333
2026-01-04 17:00:00,29.55666666666667,51.96,0.0,1.1233333333333333,1.9805556666666666,9.273333333333333
2026-01-04 18:00:00,24.363333333333333,62.98,0.0,0.0,1.1387336666666668,0.0
2026-01-04 19:00:00,20.76,73.53333333333335,0.0,0.0,0.6469539999999999,0.0
2026-01-04 20:00:00,19.156666666666666,77.77,0.0,0.0,0.49085599999999996,0.0
2026-01-04 21:00:00,18.736666666666665,78.48,0.0,0.0,0.4628676666666667,0.0
2026-01-04 22:00:00,17.903333333333332,78.82000000000001,0.0,0.0,0.4324426666666667,0.0
2026-01-04 23:00:00,17.536666666666665,79.17666666666666,0.0,0.0,0.41546600000000006,0.0
2026-01-05 00:00:00,17.0,79.27666666666666,0.0,0.0,0.399731,0.0
2026-01-05 01:00:00,16.706666666666667,79.38333333333334,0.0,0.0,0.39035933333333334,0.0
2026-01-05 02:00:00,16.343333333333334,79.45,0.0,0.0,0.38025899999999996,0.0
2026-01-05 03:00:00,16.136666666666667,79.51333333333334,0.0,0.0,0.3741286666666667,0.0
2026-01-05 04:00:00,16.66333333333333,79.76,0.0,0.0,0.382188,0.0
2026-01-05 05:00:00,16.709999999999997,79.74666666666667,0.0,0.0,0.38358333333333333,0.0
2026-01-05 06:00:00,16.706666666666667,79.78666666666668,0.0,0.0,0.382728,1.22
2026-01-05 07:00:00,19.316666666666666,78.69333333333333,0.0,0.06333333333333334,0.479486,18.31
2026-01-05 08:00:00,25.150000000000002,62.81,0.0,1.1833333333333333,1.194104,41.36333333333334
2026-01-05 09:00:00,28.47666666666667,54.71333333333333,0.0,4.29,1.7523526666666667,70.83999999999999
2026-01-05 10:00:00,30.573333333333334,51.98666666666667,0.0,2.686666666666667,2.0902843333333334,103.78000000000002
2026-01-05 11:00:00,32.24,50.303333333333335,0.0,3.9333333333333336,2.377315,103.63
2026-01-05 12:00:00,33.61,49.18666666666667,0.0,3.1166666666666667,2.628801333333333,102.51666666666667
2026-01-05 13:00:00,34.296666666666674,47.379999999999995,0.0,2.4233333333333333,2.8233653333333333,99.50999999999999
2026-01-05 14:00:00,34.54333333333333,47.17666666666667,0.0,3.3966666666666665,2.8739446666666666,97.73333333333333
2026-01-05 15:00:00,35.080000000000005,46.626666666666665,0.0,1.7300000000000002,2.990149,58.72
2026-01-05 16:00:00,34.166666666666664,47.68666666666667,0.0,2.6999999999999997,2.7884543333333336,34.71
2026-01-05 17:00:00,31.439999999999998,51.06,0.0,1.4100000000000001,2.2471029999999996,9.886666666666667
2026-01-05 18:00:00,25.036666666666665,66.47000000000001,0.0,0.0,1.0683743333333335,0.0
2026-01-05 19:00:00,22.073333333333334,73.82666666666667,0.0,0.0,0.692417,0.0
2026-01-05 20:00:00,20.863333333333333,77.55333333333333,0.0,0.0,0.5507663333333334,0.0
2026-01-05 21:00:00,19.843333333333334,78.53666666666668,0.0,0.0,0.49447599999999997,0.0
2026-01-05 22:00:00,19.363333333333333,78.89666666666666,0.0,0.0,0.471945,0.0
2026-01-05 23:00:00,18.83666666666667,79.05333333333334,0.0,0.0,0.453395,0.0
2026-01-06 00:00:00,18.483333333333334,79.39333333333333,0.0,0.0,0.43627600000000005,0.0
2026-01-06 01:00:00,18.093333333333334,79.58,0.0,0.0,0.42191533333333336,0.0
2026-01-06 02:00:00,17.97666666666667,79.69666666666667,0.0,0.0,0.41643766666666665,0.0
2026-01-06 03:00:00,17.613333333333333,79.72666666666667,0.0,0.0,0.4064573333333333,0.0
2026-01-06 04:00:00,17.773333333333333,79.89333333333333,0.0,0.0,0.40722033333333335,0.0
2026-01-06 05:00:00,18.426666666666666,79.75,0.0,0.22333333333333336,0.42722299999999996,0.0
2026-01-06 06:00:00,18.80666666666667,79.06333333333333,0.0,0.0,0.4523156666666666,0.8900000000000001
2026-01-06 07:00:00,21.566666666666666,72.65333333333334,0.0,0.9199999999999999,0.7084153333333333,19.099999999999998
2026-01-06 08:00:00,25.603333333333335,62.96,0.0,2.4633333333333334,1.2111319999999999,46.88666666666666
2026-01-06 09:00:00,27.58666666666667,59.79666666666666,0.0,3.1533333333333338,1.4757876666666665,67.88666666666667
2026-01-06 10:00:00,29.51,57.87,0.0,3.76,1.7256673333333332,103.75666666666666
2026-01-06 11:00:00,31.026666666666667,56.410000000000004,0.0,5.083333333333333,1.947897,103.61333333333334
2026-01-06 12:00:00,32.07666666666667,55.68666666666667,0.0,5.203333333333333,2.100654,102.32333333333334
2026-01-06 13:00:00,32.56,54.24333333333334,0.0,5.163333333333333,2.228479,95.35333333333334
2026-01-06 14:00:00,33.51,52.41,0.0,4.8933333333333335,2.444412333333333,87.50333333333333
2026-01-06 15:00:00,33.1,52.04333333333333,0.0,2.736666666666667,2.4100163333333335,51.72666666666667
2026-01-06 16:00:00,32.75,51.51,0.0,4.013333333333333,2.3929116666666665,47.26333333333333
2026-01-06 17:00:00,29.776666666666667,55.57666666666666,0.0,3.3666666666666667,1.850739,9.816666666666666
2026-01-06 18:00:00,27.63,59.026666666666664,0.0,1.46,1.5062323333333334,0.0
2026-01-06 19:00:00,25.5,63.76,0.0,0.03,1.1792433333333332,0.0
2026-01-06 20:00:00,22.570000000000004,71.75333333333333,0.0,0.0,0.770654,0.0
2026-01-06 21:00:00,21.36,75.58666666666666,0.0,0.0,0.6176793333333334,0.0
2026-01-06 22:00:00,20.5,77.66,0.0,0.0,0.5359556666666667,0.0
2026-01-06 23:00:00,19.973333333333333,78.85333333333334,0.0,0.07333333333333333,0.4910923333333333,0.0
2026-01-07 00:00:00,20.893333333333334,75.06666666666666,0.0,0.8566666666666666,0.627144,0.0
2026-01-07 01:00:00,23.28333333333333,65.53666666666668,0.0,0.6966666666666667,0.9791353333333334,0.0
2026-01-07 02:00:00,22.28,66.82000000000001,0.0,0.31666666666666665,0.887331,0.0
2026-01-07 03:00:00,21.653333333333336,67.13333333333334,0.0,0.20333333333333334,0.8460153333333333,0.0
2026-01-07 04:00:00,21.566666666666666,66.83666666666666,0.0,1.9033333333333333,0.8493256666666666,0.0
2026-01-07 05:00:00,20.906666666666666,68.05,0.0,2.0,0.7857393333333333,0.0
2026-01-07 06:00:00,20.31,68.76,0.0,1.62,0.74083,0.6733333333333333
2026-01-07 07:00:00,21.209999999999997,67.10333333333334,0.0,2.35,0.8249836666666667,17.136666666666667
2026-01-07 08:00:00,23.166666666666668,63.626666666666665,0.0,3.5966666666666662,1.0275296666666665,51.06999999999999
2026-01-07 09:00:00,24.47666666666667,60.97666666666667,0.0,5.036666666666666,1.1920986666666666,70.33999999999999
2026-01-07 10:00:00,26.813333333333333,58.15,0.0,3.7733333333333334,1.468584,103.77
2026-01-07 11:00:00,28.373333333333335,56.03,0.0,6.170000000000001,1.6885130000000002,103.77
2026-01-07 12:00:00,29.703333333333333,53.919999999999995,0.0,6.163333333333334,1.9096343333333332,101.75666666666666
2026-01-07 13:00:00,31.423333333333332,51.78,0.0,4.006666666666667,2.20328,98.40666666666668
2026-01-07 14:00:00,31.393333333333334,52.36000000000001,0.0,3.603333333333333,2.172979,98.24000000000001
2026-01-07 15:00:00,30.986666666666665,52.27,0.0,5.426666666666667,2.1269513333333334,55.949999999999996
2026-01-07 16:00:00,29.97666666666667,53.343333333333334,0.0,5.830000000000001,1.9636396666666667,32.07666666666667
2026-01-07 17:00:00,27.676666666666666,55.75333333333333,0.0,3.796666666666667,1.6328746666666667,8.276666666666667
2026-01-07 18:00:00,25.53333333333333,59.36666666666667,0.0,1.0333333333333334,1.321104,0.0
2026-01-07 19:00:00,24.713333333333335,61.46333333333333,0.0,0.29333333333333333,1.1926629999999998,0.0
2026-01-07 20:00:00,24.45,62.51,0.0,0.42333333333333334,1.1421156666666665,0.0
2026-01-07 21:00:00,24.993333333333336,59.93666666666667,0.0,1.0033333333333332,1.2606773333333334,0.0
2026-01-07 22:00:00,24.290000000000003,60.82,0.0,0.30333333333333334,1.1825646666666667,0.0
2026-01-07 23:00:00,23.896666666666665,59.51,0.0,0.3233333333333333,1.1934259999999999,0.0
2026-01-08 00:00:00,22.643333333333334,61.81,0.0,0.016666666666666666,1.04492,0.0
2026-01-08 01:00:00,22.163333333333338,61.25333333333333,0.0,0.7666666666666666,1.0288546666666667,0.0
2026-01-08 02:00:00,21.416666666666668,62.42666666666667,0.0,0.9700000000000001,0.9537483333333334,0.0
2026-01-08 03:00:00,20.790000000000003,62.86333333333334,0.0,0.8500000000000001,0.9070556666666666,0.0
2026-01-08 04:00:00,20.41,62.98666666666667,0.0,1.0266666666666666,0.8830856666666667,0.0
2026-01-08 05:00:00,19.536666666666665,64.30333333333334,0.0,0.6233333333333333,0.8073163333333334,0.0
2026-01-08 06:00:00,18.893333333333334,65.93666666666667,0.0,1.7033333333333334,0.7399613333333334,0.7366666666666667
2026-01-08 07:00:00,19.566666666666666,64.75333333333333,0.0,2.52,0.7987829999999999,17.330000000000002
2026-01-08 08:00:00,20.776666666666667,62.39666666666667,0.0,5.28,0.9178266666666666,51.16
2026-01-08 09:00:00,22.439999999999998,60.10333333333333,0.0,4.743333333333333,1.078019,64.53
2026-01-08 10:00:00,24.186666666666667,58.053333333333335,0.0,5.583333333333333,1.2586456666666666,103.25666666666666
2026-01-08 11:00:00,25.646666666666665,56.6,0.0,5.293333333333333,1.420124666666667,103.73666666666668
2026-01-08 12:00:00,26.74,55.42666666666667,0.0,7.253333333333333,1.5549273333333333,101.25
2026-01-08 13:00:00,27.923333333333332,53.98666666666667,0.0,6.19,1.7198853333333333,97.06333333333333
2026-01-08 14:00:00,28.900000000000002,52.99333333333333,0.0,3.623333333333333,1.8591069999999998,99.45333333333333
2026-01-08 15:00:00,29.013333333333332,52.870000000000005,0.0,4.3,1.8759953333333332,57.24
2026-01-08 16:00:00,29.189999999999998,53.169999999999995,0.0,3.27,1.8861516666666667,32.78
2026-01-08 17:00:00,26.23,56.61666666666667,0.0,2.6733333333333333,1.4726336666666668,7.79
2026-01-08 18:00:00,23.766666666666666,60.60999999999999,0.0,1.8333333333333333,1.1540673333333333,0.0
2026-01-08 19:00:00,22.25,63.803333333333335,0.0,0.16333333333333336,0.9665699999999999,0.0
2026-01-08 20:00:00,21.27,66.34666666666668,0.0,0.37333333333333335,0.8474156666666667,0.0
2026-01-08 21:00:00,19.040000000000003,71.87666666666667,0.0,0.006666666666666667,0.6180266666666666,0.0
2026-01-08 22:00:00,17.963333333333335,75.46,0.0,0.0,0.5032526666666667,0.0
2026-01-08 23:00:00,17.146666666666665,76.61,0.0,0.0,0.45539799999999997,0.0
2026-01-09 00:00:00,16.546666666666667,77.3,0.0,0.0,0.4254813333333334,0.0
2026-01-09 01:00:00,16.066666666666666,76.97,0.0,0.0,0.41870433333333335,0.0
2026-01-09 02:00:00,15.746666666666668,76.58,0.0,0.0,0.4172203333333333,0.0
2026-01-09 03:00:00,15.336666666666666,77.22,0.0,0.0,0.39534766666666665,0.0
2026-01-09 04:00:00,14.813333333333333,78.02,0.0,0.0,0.36895300000000003,0.0
2026-01-09 05:00:00,14.373333333333333,78.30333333333334,0.0,0.06666666666666667,0.3539236666666667,0.0
2026-01-09 06:00:00,14.299999999999999,78.12666666666667,0.0,0.0,0.3551336666666667,0.4166666666666667
2026-01-09 07:00:00,17.566666666666666,68.28666666666668,0.0,1.3633333333333333,0.6405723333333334,16.23
2026-01-09 08:00:00,20.776666666666667,60.23,0.0,1.9566666666666663,0.9705826666666667,51.06
2026-01-09 09:00:00,22.236666666666668,58.050000000000004,0.0,4.993333333333333,1.121135,63.84
2026-01-09 10:00:00,24.916666666666668,55.18666666666667,0.0,4.073333333333333,1.4067606666666668,103.75
2026-01-09 11:00:00,27.133333333333336,53.10333333333333,0.0,3.2733333333333334,1.6746536666666667,103.86333333333334
2026-01-09 12:00:00,27.936666666666667,51.586666666666666,0.0,6.566666666666666,1.812133,102.16000000000001
2026-01-09 13:00:00,28.913333333333338,51.379999999999995,0.0,4.3966666666666665,1.924095,98.21999999999998
2026-01-09 14:00:00,28.886666666666667,52.31,0.0,4.956666666666667,1.8844906666666665,99.65333333333332
2026-01-09 15:00:00,28.576666666666664,51.79666666666666,0.0,5.113333333333333,1.8710820000000001,57.74333333333334
2026-01-09 16:00:00,27.95,52.620000000000005,0.0,3.72,1.7734056666666664,33.916666666666664
2026-01-09 17:00:00,25.893333333333334,55.42666666666667,0.0,2.216666666666667,1.48358,9.673333333333334
2026-01-09 18:00:00,22.439999999999998,61.39333333333334,0.0,0.0033333333333333335,1.045565,0.006666666666666667
2026-01-09 19:00:00,20.5,67.16000000000001,0.0,0.0,0.7886766666666666,0.0
2026-01-09 20:00:00,18.093333333333334,74.67666666666666,0.0,0.0,0.5246196666666667,0.0
2026-01-09 21:00:00,16.503333333333334,77.30333333333333,0.0,0.0,0.42455499999999996,0.0
2026-01-09 22:00:00,16.036666666666665,78.36666666666667,0.0,0.0,0.3925706666666667,0.0
2026-01-09 23:00:00,15.479999999999999,78.48666666666666,0.0,0.0,0.3768066666666667,0.0
2026-01-10 00:00:00,14.969999999999999,78.82000000000001,0.0,0.0,0.35901733333333335,0.0
2026-01-10 01:00:00,14.770000000000001,78.96,0.0,0.0,0.3520986666666667,0.0
2026-01-10 02:00:00,14.476666666666667,78.98666666666666,0.0,0.0,0.34507400000000005,0.0
2026-01-10 03:00:00,14.216666666666667,79.13666666666667,0.0,0.0,0.33691766666666667,0.0
2026-01-10 04:00:00,14.433333333333332,79.37666666666667,0.0,0.0,0.337732,0.0
2026-01-10 05:00:00,14.36,79.17,0.0,0.0,0.33949633333333334,0.0
2026-01-10 06:00:00,14.083333333333334,79.00333333333333,0.0,0.3,0.33615866666666666,0.65
2026-01-10 07:00:00,16.096666666666668,78.26,0.0,0.0,0.399183,15.493333333333334
2026-01-10 08:00:00,21.143333333333334,63.92666666666667,0.0,0.3333333333333333,0.9051283333333333,35.04666666666667
2026-01-10 09:00:00,24.786666666666665,54.18,0.0,3.53,1.4273086666666668,65.74
2026-01-10 10:00:00,27.103333333333335,50.78666666666667,0.0,4.013333333333333,1.7535910000000001,103.91000000000001
2026-01-10 11:00:00,28.44666666666667,49.21666666666667,0.0,4.333333333333333,1.9573053333333335,103.82
2026-01-10 12:00:00,29.786666666666665,46.60999999999999,0.0,3.0866666666666664,2.222647,102.60000000000001
2026-01-10 13:00:00,30.576666666666668,44.49333333333333,0.0,3.4333333333333336,2.419034,99.61666666666667
2026-01-10 14:00:00,31.099999999999998,43.28333333333333,0.0,3.2533333333333334,2.5461226666666668,100.23666666666668
2026-01-10 15:00:00,31.596666666666668,43.22,0.0,1.42,2.6190160000000002,60.45666666666667
2026-01-10 16:00:00,31.406666666666666,44.21,0.0,1.9466666666666665,2.5471516666666667,39.72
2026-01-10 17:00:00,28.47666666666667,47.99666666666667,0.0,0.9899999999999999,2.0138789999999998,10.59
2026-01-10 18:00:00,22.513333333333335,62.21333333333333,0.0,0.0,1.0374463333333332,0.0
2026-01-10 19:00:00,18.923333333333332,72.06666666666668,0.0,0.0,0.6086886666666667,0.0
2026-01-10 20:00:00,17.38,76.42,0.0,0.0,0.466315,0.0
2026-01-10 21:00:00,16.213333333333335,77.81,0.0,0.0,0.40733366666666665,0.0
2026-01-10 22:00:00,15.69,78.48666666666666,0.0,0.0,0.381933,0.0
2026-01-10 23:00:00,14.985,78.675,0.0,0.0,0.36181399999999997,0.0
2026-01-11 00:00:00,14.65,78.92666666666668,0.0,0.0,0.350044,0.0
2026-01-11 01:00:00,14.213333333333333,79.09333333333332,0.0,0.0,0.337547,0.0
2026-01-11 02:00:00,13.966666666666667,79.25,0.0,0.0,0.32971533333333336,0.0
2026-01-11 03:00:00,13.790000000000001,79.14999999999999,0.0,0.0,0.3275403333333333,0.0
2026-01-11 04:00:00,13.82,79.22666666666667,0.0,0.0,0.3269826666666667,0.0
2026-01-11 05:00:00,14.036666666666667,79.29333333333334,0.0,0.016666666666666666,0.3305186666666667,0.0
2026-01-11 06:00:00,13.833333333333334,79.36333333333333,0.0,0.17333333333333334,0.3251293333333333,0.09000000000000001
2026-01-11 07:00:00,15.803333333333333,79.3,0.0,0.0,0.371021,10.813333333333333
2026-01-11 08:00:00,20.643333333333334,65.36333333333333,0.0,0.3133333333333333,0.84502,34.08
2026-01-11 09:00:00,24.7,55.919999999999995,0.0,2.6366666666666667,1.3680923333333332,63.836666666666666
2026-01-11 10:00:00,27.513333333333335,51.77,0.0,2.9,1.7612093333333334,104.57666666666667
2026-01-11 11:00:00,28.813333333333333,49.76,0.0,5.376666666666666,1.977822,103.48666666666668
2026-01-11 12:00:00,30.14,48.50333333333333,0.0,4.753333333333333,2.186604,102.04
2026-01-11 13:00:00,30.866666666666664,48.03333333333333,0.0,2.8966666666666665,2.3009586666666664,97.57000000000001
2026-01-11 14:00:00,31.496666666666666,47.31666666666666,0.0,2.5633333333333335,2.418204,103.39333333333333
2026-01-11 15:00:00,31.03,47.35999999999999,0.0,2.0,2.354813666666667,56.86666666666667
2026-01-11 16:00:00,30.27,47.94333333333333,0.0,1.9033333333333333,2.226942333333333,36.81666666666667
2026-01-11 17:00:00,28.39,50.626666666666665,0.0,2.7399999999999998,1.89858,17.06
2026-01-11 18:00:00,24.12,57.85333333333333,0.0,0.21666666666666667,1.2739063333333334,0.22666666666666668
2026-01-11 19:00:00,20.223333333333333,69.48,0.0,0.0,0.7212913333333333,0.0
2026-01-11 20:00:00,18.703333333333333,74.32666666666667,0.0,0.0,0.551415,0.0
2026-01-11 21:00:00,17.756666666666664,76.40333333333334,0.0,0.0,0.4775593333333333,0.0
2026-01-11 22:00:00,17.073333333333334,77.55333333333333,0.0,0.0,0.43505466666666665,0.0
2026-01-11 23:00:00,16.416666666666668,78.32666666666667,0.0,0.0,0.40290333333333334,0.0
2026-01-12 00:00:00,16.296666666666667,78.67666666666668,0.0,0.0,0.3933803333333333,0.0
2026-01-12 01:00:00,15.979999999999999,78.89333333333333,0.0,0.0,0.38163966666666665,0.0
2026-01-12 02:00:00,15.686666666666667,79.07000000000001,0.0,0.0,0.37142366666666665,0.0
2026-01-12 03:00:00,15.530000000000001,79.22000000000001,0.0,0.0,0.36509233333333335,0.0
2026-01-12 04:00:00,15.483333333333334,79.31333333333333,0.0,0.01,0.36237500000000006,0.0
2026-01-12 05:00:00,15.816666666666668,79.21,0.0,0.0,0.3720076666666667,0.0
2026-01-12 06:00:00,15.746666666666668,79.06,0.0,0.0,0.3730246666666666,0.09000000000000001
2026-01-12 07:00:00,17.246666666666666,78.16000000000001,0.0,0.0,0.43054466666666663,10.540000000000001
2026-01-12 08:00:00,22.89,63.053333333333335,0.0,0.0,1.040088,34.00666666666667
2026-01-12 09:00:00,26.173333333333336,54.26,0.0,3.1666666666666665,1.5447006666666667,60.15
2026-01-12 10:00:00,28.253333333333334,51.22666666666667,0.0,3.4466666666666668,1.858195,104.60000000000001
2026-01-12 11:00:00,29.73,49.74666666666667,0.0,4.546666666666666,2.0856626666666664,103.52999999999999
2026-01-12 12:00:00,31.21666666666667,48.153333333333336,0.0,4.906666666666667,2.3408113333333334,103.04666666666667
2026-01-12 13:00:00,32.370000000000005,47.26,0.0,3.7633333333333336,2.5407983333333335,99.09666666666665
2026-01-12 14:00:00,33.20333333333333,47.74666666666667,0.0,2.53,2.63737,102.33333333333333
2026-01-12 15:00:00,33.843333333333334,46.51,0.0,1.906666666666667,2.800228,64.92
2026-01-12 16:00:00,33.46666666666667,47.31666666666666,0.0,0.57,2.6998886666666664,36.38666666666666
2026-01-12 17:00:00,31.72666666666667,49.78,0.0,0.45,2.338559333333333,13.9
2026-01-12 18:00:00,25.03333333333333,64.53333333333335,0.0,0.0,1.1374953333333333,0.24333333333333332
2026-01-12 19:00:00,21.606666666666666,72.82000000000001,0.0,0.0,0.698159,0.0
2026-01-12 20:00:00,20.293333333333333,75.12666666666667,0.0,0.0,0.5895596666666667,0.0
2026-01-12 21:00:00,19.45,77.07666666666667,0.0,0.0,0.5154103333333334,0.0
2026-01-12 22:00:00,18.37,78.12666666666667,0.0,0.0,0.45985233333333336,0.0
2026-01-12 23:00:00,17.993333333333332,78.73333333333333,0.0,0.0,0.4367083333333333,0.0
2026-01-13 00:00:00,17.655,79.055,0.0,0.0,0.42102700000000004,0.0
2026-01-13 01:00:00,17.406666666666666,79.29666666666667,0.0,0.0,0.4097166666666667,0.0
2026-01-13 02:00:00,17.246666666666666,79.42,0.0,0.0,0.40318633333333337,0.0
2026-01-13 03:00:00,18.05,79.46333333333332,0.0,0.23666666666666666,0.4232183333333333,0.0
2026-01-13 04:00:00,17.846666666666668,79.15333333333332,0.0,0.0,0.424199,0.0
2026-01-13 05:00:00,17.55666666666667,79.35333333333334,0.0,0.0,0.41246333333333335,0.0
2026-01-13 06:00:00,17.143333333333334,79.34333333333333,0.0,0.0,0.4020553333333334,0.12
2026-01-13 07:00:00,18.326666666666664,79.06,0.0,0.0,0.4396196666666667,6.423333333333333
2026-01-13 08:00:00,22.569999999999997,68.34333333333333,0.0,0.20666666666666667,0.87573,26.236666666666668
2026-01-13 09:00:00,27.323333333333334,56.10333333333333,0.0,1.5466666666666669,1.5900083333333335,65.89
2026-01-13 10:00:00,30.866666666666664,50.410000000000004,0.0,2.703333333333333,2.1961043333333334,104.25666666666666
2026-01-13 11:00:00,31.97666666666667,48.82,0.0,2.4433333333333334,2.411861333333333,100.55666666666667
2026-01-13 12:00:00,33.593333333333334,47.19333333333333,0.0,2.216666666666667,2.7269846666666666,100.21
2026-01-13 13:00:00,34.18,46.60333333333333,0.0,2.0833333333333335,2.8463926666666666,99.58333333333333
2026-01-13 14:00:00,34.03333333333333,47.129999999999995,0.0,3.8033333333333332,2.794945,101.48666666666666
2026-01-13 15:00:00,34.89333333333334,46.553333333333335,0.0,1.07,2.9641686666666662,64.88666666666667
2026-01-13 16:00:00,34.70333333333334,46.843333333333334,0.0,1.5333333333333332,2.9197243333333334,37.526666666666664
2026-01-13 17:00:00,33.36333333333334,48.85333333333333,0.0,0.0,2.612284333333333,13.036666666666667
2026-01-13 18:00:00,25.936666666666667,65.67,0.0,0.0,1.1560313333333332,0.2333333333333333
2026-01-13 19:00:00,22.626666666666665,73.10333333333334,0.0,0.0,0.73489,0.0
2026-01-13 20:00:00,21.225,75.59,0.0,0.03,0.6121734999999999,0.0
2026-01-13 21:00:00,20.47,77.72,0.0,0.0,0.533566,0.0
2026-01-13 22:00:00,19.8,78.39999999999999,0.0,0.0,0.4963066666666667,0.0
2026-01-13 23:00:00,19.346666666666668,78.95333333333333,0.0,0.0,0.47016600000000003,0.0
2026-01-14 00:00:00,19.13,79.25999999999999,0.0,0.0,0.4571243333333333,0.0
2026-01-14 01:00:00,18.790000000000003,79.32666666666667,0.0,0.0,0.44614000000000004,0.0
2026-01-14 02:00:00,18.326666666666668,79.49333333333334,0.0,0.0,0.4299176666666667,0.0
2026-01-14 03:00:00,17.933333333333334,79.55333333333333,0.0,0.0,0.41826,0.0
2026-01-14 04:00:00,17.583333333333332,79.56,0.0,0.0,0.409016,0.0
2026-01-14 05:00:00,17.290000000000003,79.70333333333333,0.0,0.0,0.39872599999999997,0.0
2026-01-14 06:00:00,17.523333333333337,79.86333333333334,0.0,0.0,0.401494,0.07666666666666667
2026-01-14 07:00:00,19.2,80.02666666666666,0.0,0.0,0.4426303333333333,9.203333333333333
2026-01-14 08:00:00,22.833333333333332,74.33,0.0,0.006666666666666667,0.7243193333333333,33.49333333333333
2026-01-14 09:00:00,29.14,57.655,0.0,0.655,1.709085,81.045
2026-01-14 10:00:00,33.1,50.69,0.0,1.09,2.475546,103.36500000000001
2026-01-14 11:00:00,33.550000000000004,49.39666666666667,0.0,1.3800000000000001,2.6049373333333334,103.58333333333333
2026-01-14 12:00:00,33.515,49.655,0.0,3.08,2.5884479999999996,96.84
2026-01-14 13:00:00,33.295,51.205,0.0,2.4050000000000002,2.4766765,95.08
2026-01-14 14:00:00,31.69666666666667,55.22,0.0,2.9933333333333336,2.0816546666666667,49.74
2026-01-14 15:00:00,30.384999999999998,57.48,0.0,4.425,1.8311285,27.17
2026-01-14 16:00:00,30.08,56.955,0.0,3.6100000000000003,1.821371,18.990000000000002
2026-01-14 17:00:00,29.645,58.24,0.0,3.955,1.7279675,10.715
2026-01-14 18:00:00,27.695,63.765,0.0,3.585,1.337228,0.055
2026-01-14 19:00:00,25.75,68.565,0.0,1.185,1.0392839999999999,0.0
2026-01-14 20:00:00,22.686666666666667,75.65333333333334,0.0,0.0,0.6700973333333332,0.0
2026-01-14 21:00:00,21.09,78.55000000000001,0.0,0.0,0.533522,0.0
2026-01-14 22:00:00,20.673333333333336,79.00333333333333,0.0,0.0,0.509087,0.0
2026-01-14 23:00:00,20.513333333333332,79.32,0.0,0.0,0.496466,0.0
2026-01-15 00:00:00,20.11,79.28,0.0,0.0,0.485222,0.0
2026-01-15 01:00:00,19.645000000000003,79.53999999999999,0.0,0.0,0.46557499999999996,0.0
2026-01-15 02:00:00,19.156666666666666,79.69666666666667,0.0,0.0,0.4482726666666667,0.0
2026-01-15 03:00:00,19.055,79.74000000000001,0.0,0.0,0.4444715,0.0
2026-01-15 04:00:00,18.665,79.78999999999999,0.0,0.0,0.432736,0.0
2026-01-15 05:00:00,18.41333333333333,79.83666666666666,0.0,0.0,0.425023,0.0
2026-01-15 06:00:00,18.38,79.95,0.0,0.0,0.421746,0.76
2026-01-15 07:00:00,20.09,79.92666666666666,0.0,0.0,0.47075400000000006,11.280000000000001
2026-01-15 08:00:00,24.686666666666667,74.10000000000001,0.0,0.0,0.8152813333333334,43.583333333333336
2026-01-15 09:00:00,28.875,66.175,0.0,1.415,1.33982,84.975
2026-01-15 10:00:00,32.44,57.224999999999994,0.0,1.13,2.07197,103.4
2026-01-15 11:00:00,33.165,53.65,0.0,1.615,2.3348015,103.33
2026-01-15 12:00:00,33.91,51.765,0.0,2.9450000000000003,2.5325875,103.75
2026-01-15 13:00:00,35.114999999999995,50.305,0.0,1.1400000000000001,2.788875,70.38499999999999
2026-01-15 14:00:00,36.775000000000006,48.35,0.0,0.94,3.1744315,103.75
2026-01-15 15:00:00,35.57,49.64,0.0,1.05,2.900086,46.605000000000004
2026-01-15 16:00:00,32.13333333333333,59.65,0.0,5.536666666666666,1.9204913333333333,41.40333333333333
2026-01-15 17:00:00,29.953333333333333,63.93666666666667,0.0,3.4499999999999997,1.5169763333333333,13.286666666666667
2026-01-15 18:00:00,27.906666666666666,68.19333333333334,0.0,2.473333333333333,1.189066,0.2733333333333333
2026-01-15 19:00:00,26.30333333333333,71.73666666666666,0.0,0.94,0.963272,0.0
2026-01-15 20:00:00,24.30666666666667,76.35000000000001,0.0,0.0,0.7153703333333333,0.0
2026-01-15 21:00:00,23.715,78.18,0.0,0.0,0.636164,0.0
2026-01-15 22:00:00,23.44333333333333,78.90333333333332,0.0,0.0,0.6051233333333333,0.0
2026-01-15 23:00:00,23.17,79.265,0.0,0.0,0.5850960000000001,0.0
2026-01-16 00:00:00,22.16333333333333,79.68666666666667,0.0,0.0,0.5394343333333333,0.0
2026-01-16 01:00:00,21.650000000000002,79.89333333333333,0.0,0.0,0.5174926666666667,0.0
2026-01-16 02:00:00,21.13,80.03,0.0,0.045,0.497903,0.0
2026-01-16 03:00:00,20.763333333333335,80.13666666666667,0.0,0.0,0.48424766666666663,0.0
2026-01-16 04:00:00,20.48,80.165,0.0,0.0,0.475202,0.0
2026-01-16 05:00:00,20.673333333333336,80.15333333333334,0.0,0.0,0.48115800000000003,0.0
2026-01-16 06:00:00,20.39,80.19,0.0,0.0,0.471982,0.43
2026-01-16 07:00:00,21.310000000000002,80.60499999999999,0.0,0.0,0.4889255,5.715
2026-01-16 08:00:00,23.983333333333334,77.97666666666667,0.0,0.0,0.6646963333333333,30.23333333333333
2026-01-16 09:00:00,28.705,68.80000000000001,0.0,0.12,1.225619,74.0
2026-01-16 10:00:00,29.814999999999998,66.215,0.0,3.6,1.4082075,104.83
2026-01-16 11:00:00,32.663333333333334,60.31333333333333,0.0,1.8366666666666667,1.9511016666666665,103.90333333333335
2026-01-16 12:00:00,34.129999999999995,56.355,0.0,3.285,2.3215015,103.69
2026-01-16 13:00:00,33.71,55.83,0.0,7.59,2.293413,94.5
2026-01-16 14:00:00,31.406666666666666,62.77,0.0,7.236666666666667,1.6992433333333334,87.39333333333333
2026-01-16 15:00:00,31.155,62.55,0.0,7.715,1.684745,60.41
2026-01-16 16:00:00,30.235,64.03999999999999,0.0,8.135,1.5357055,36.575
2026-01-16 17:00:00,28.843333333333334,67.34333333333333,0.0,7.1066666666666665,1.2890226666666666,13.103333333333333
2026-01-16 18:00:00,27.366666666666664,71.63666666666667,0.0,5.8999999999999995,1.0263289999999998,0.30333333333333334
2026-01-16 19:00:00,26.683333333333334,73.11,0.0,1.8800000000000001,0.9350936666666666,0.0
2026-01-16 20:00:00,25.814999999999998,74.715,0.0,0.415,0.8365785,0.0
2026-01-16 21:00:00,24.7,78.30000000000001,0.0,0.0,0.671001,0.0
2026-01-16 22:00:00,23.995,79.14,0.0,0.0,0.618526,0.0
2026-01-16 23:00:00,23.54,79.59,0.0,0.0,0.5888655,0.0
2026-01-17 00:00:00,22.80333333333333,79.74333333333334,0.0,0.0,0.5590716666666666,0.0
2026-01-17 01:00:00,22.42,79.965,0.0,0.0,0.5402804999999999,0.0
2026-01-17 02:00:00,22.263333333333332,80.31,0.0,0.0,0.5259666666666667,0.0
2026-01-17 03:00:00,22.4,80.36500000000001,0.0,0.0,0.528869,0.0
2026-01-17 04:00:00,22.295,80.365,0.0,0.0,0.525504,0.0
2026-01-17 05:00:00,22.310000000000002,80.47000000000001,0.0,0.0,0.523193,0.0
2026-01-17 06:00:00,21.636666666666667,80.32000000000001,0.0,0.0,0.5060699999999999,0.30333333333333334
2026-01-17 07:00:00,22.786666666666665,80.58333333333333,0.0,0.0,0.53568,11.346666666666666
2026-01-17 08:00:00,26.099999999999998,76.59333333333333,0.0,0.0,0.7955026666666667,37.016666666666666
2026-01-17 09:00:00,28.68,70.24000000000001,0.0,0.98,1.162544,59.225
2026-01-17 10:00:00,30.330000000000002,65.65333333333334,0.0,2.2466666666666666,1.4757053333333332,101.65666666666668
2026-01-17 11:00:00,32.196666666666665,61.21,0.0,2.4166666666666665,1.8505336666666665,103.15333333333335
2026-01-17 12:00:00,33.696666666666665,57.47,0.0,3.06,2.2241866666666668,103.17333333333333
2026-01-17 13:00:00,33.36,57.41,0.0,3.5700000000000003,2.169265333333333,80.67333333333333
2026-01-17 14:00:00,32.56,61.85999999999999,0.0,7.623333333333332,1.8572499999999998,88.88666666666667
2026-01-17 15:00:00,32.15,62.620000000000005,0.0,6.556666666666666,1.7787416666666669,68.20666666666666
2026-01-17 16:00:00,30.72,66.26,0.0,7.523333333333333,1.483196666666667,36.74666666666667
2026-01-17 17:00:00,29.13,68.96,0.0,6.343333333333334,1.2447123333333334,12.666666666666666
2026-01-17 18:00:00,27.846666666666664,71.93666666666667,0.0,5.613333333333333,1.0444923333333334,0.25666666666666665
2026-01-17 19:00:00,27.396666666666665,72.81,0.0,4.41,0.9854256666666666,0.0
2026-01-17 20:00:00,25.313333333333333,74.08333333333333,0.0,0.8733333333333334,0.8323403333333333,0.0
2026-01-17 21:00:00,24.493333333333336,77.52666666666667,0.0,0.0,0.6867293333333334,0.0
2026-01-17 22:00:00,24.060000000000002,79.01,0.0,0.0,0.6247626666666667,0.0
2026-01-17 23:00:00,23.486666666666668,79.42666666666666,0.0,0.0,0.5917776666666666,0.0
2026-01-18 00:00:00,23.326666666666668,80.16000000000001,0.0,0.0,0.565102,0.0
2026-01-18 01:00:00,23.11,80.33666666666666,0.0,0.0,0.5528196666666667,0.0
2026-01-18 02:00:00,22.743333333333336,80.42,0.0,0.0,0.538444,0.0
2026-01-18 03:00:00,22.63,80.48,0.0,0.0,0.533121,0.0
2026-01-18 04:00:00,22.396666666666665,80.49333333333334,0.0,0.0,0.5253473333333333,0.0
2026-01-18 05:00:00,22.426666666666666,80.69333333333333,0.0,0.0,0.5208453333333333,0.0
2026-01-18 06:00:00,22.19,80.68666666666667,0.0,0.0,0.5136293333333334,0.06
2026-01-18 07:00:00,22.849999999999998,80.92,0.0,0.0,0.528168,9.446666666666667
2026-01-18 08:00:00,25.41333333333333,78.64999999999999,0.0,0.0,0.6930466666666666,36.22
2026-01-18 09:00:00,27.540000000000003,73.86666666666666,0.0,0.3933333333333333,0.9555980000000001,36.82666666666667
2026-01-18 10:00:00,30.02,68.61333333333333,0.0,0.5666666666666668,1.325467,60.870000000000005
2026-01-18 11:00:00,30.723333333333333,65.47666666666667,0.0,1.6066666666666667,1.5178293333333333,87.76666666666667
2026-01-18 12:00:00,32.73666666666667,60.910000000000004,0.0,2.8200000000000003,1.9303466666666667,93.01666666666667
2026-01-18 13:00:00,32.05,61.35333333333333,0.0,5.083333333333333,1.8295236666666668,65.39999999999999
2026-01-18 14:00:00,32.92,60.843333333333334,0.0,5.27,1.9454596666666666,100.39333333333333
2026-01-18 15:00:00,32.56,61.44333333333333,0.0,6.406666666666666,1.87744,77.12666666666667
2026-01-18 16:00:00,30.666666666666668,64.67666666666666,0.0,8.14,1.5478119999999997,30.703333333333333
2026-01-18 17:00:00,28.723333333333333,68.47666666666667,0.0,9.959999999999999,1.2348706666666667,12.676666666666668
2026-01-18 18:00:00,25.407999999999998,76.32000000000001,18.4,3.7039999999999997,0.7777540000000001,0.0
2026-01-18 19:00:00,23.848000000000003,80.106,0.4,0.006,0.5845852,0.0
2026-01-18 20:00:00,24.12,80.6275,0.2,0.0575,0.57865375,0.0
2026-01-18 21:00:00,23.923333333333332,80.74333333333334,0.0,0.0,0.568482,0.0
2026-01-18 22:00:00,23.75333333333333,80.79333333333334,0.0,0.0,0.5612590000000001,0.0
2026-01-18 23:00:00,23.52,80.89333333333333,0.0,0.0,0.550585,0.0
2026-01-19 00:00:00,23.34,80.89333333333333,0.0,0.0,0.544662,0.0
2026-01-19 01:00:00,23.3,80.96,0.0,0.0,0.5414553333333333,0.0
2026-01-19 02:00:00,23.02333333333333,80.98333333333333,0.0,0.0,0.531864,0.0
2026-01-19 03:00:00,22.776666666666667,80.96,0.0,0.0,0.524636,0.0
2026-01-19 04:00:00,22.97666666666667,81.02666666666666,0.0,0.09999999999999999,0.5291793333333333,0.0
2026-01-19 05:00:00,23.11,81.04333333333334,0.0,0.0,0.5329593333333333,0.0
2026-01-19 06:00:00,23.169999999999998,81.02,0.0,0.0,0.53557,0.45333333333333337
2026-01-19 07:00:00,23.766666666666666,80.84333333333333,0.0,0.0,0.5606286666666667,13.996666666666664
2026-01-19 08:00:00,25.98,78.05333333333333,0.0,0.0,0.7330433333333334,37.66
2026-01-19 09:00:00,28.566666666666666,73.03333333333333,0.0,0.0,1.0512750000000002,55.99
2026-01-19 10:00:00,30.19666666666667,69.44333333333334,0.0,2.223333333333333,1.303223,91.98333333333333
2026-01-19 11:00:00,30.69333333333333,67.17,0.0,2.0166666666666666,1.4388103333333333,46.66
2026-01-19 12:00:00,29.97666666666667,66.90333333333334,0.0,2.8800000000000003,1.3923986666666668,49.91
2026-01-19 13:00:00,30.563333333333333,65.04333333333334,0.0,5.579999999999999,1.5208009999999998,88.68333333333334
2026-01-19 14:00:00,29.77333333333333,65.88,0.0,7.57,1.4185679999999998,94.85000000000001
2026-01-19 15:00:00,29.47,67.58666666666666,0.0,8.94,1.3260316666666665,60.196666666666665
2026-01-19 16:00:00,28.25666666666667,69.81,0.0,10.166666666666666,1.1527183333333333,25.316666666666666
2026-01-19 17:00:00,25.418,78.61,0.0,0.256,0.6919622000000001,0.16799999999999998
2026-01-19 18:00:00,24.7,79.66333333333334,0.0,0.48,0.6288416666666666,0.0
2026-01-19 19:00:00,24.686666666666667,80.26333333333334,0.0,0.0,0.6098123333333333,0.0
2026-01-19 20:00:00,24.55,80.59333333333333,0.0,0.0,0.5947446666666667,0.0
2026-01-19 21:00:00,24.46666666666667,80.67,0.0,0.0,0.5894583333333333,0.0
2026-01-19 22:00:00,24.203333333333333,80.71,0.0,0.0,0.579077,0.0
2026-01-19 23:00:00,23.849999999999998,80.79333333333334,0.0,0.0,0.564524,0.0
2026-01-20 00:00:00,23.823333333333334,80.89333333333333,0.0,0.0,0.560679,0.0
2026-01-20 01:00:00,23.823333333333334,80.93333333333334,0.0,0.0,0.55951,0.0
2026-01-20 02:00:00,23.456666666666667,80.87,0.0,0.0,0.549153,0.0
2026-01-20 03:00:00,23.153333333333336,80.89333333333333,0.0,0.0,0.5385763333333333,0.0
2026-01-20 04:00:00,22.573333333333334,80.82,0.0,0.0,0.522046,0.0
2026-01-20 05:00:00,22.71666666666667,81.02,0.0,0.0,0.5210953333333334,0.0
2026-01-20 06:00:00,22.73,80.99333333333334,0.0,0.0,0.522245,0.023333333333333334
2026-01-20 07:00:00,22.863333333333333,81.32000000000001,0.0,0.0,0.5174056666666667,7.036666666666666
2026-01-20 08:00:00,24.320000000000004,81.20333333333333,0.0,0.0,0.568412,27.346666666666664
2026-01-20 09:00:00,27.176666666666666,75.77666666666666,0.0,0.43333333333333335,0.8726543333333333,55.73666666666667
2026-01-20 10:00:00,29.893333333333334,67.54333333333334,0.0,1.8366666666666667,1.3610323333333334,104.07666666666667
2026-01-20 11:00:00,32.66,62.01,0.0,1.1466666666666667,1.8716936666666666,103.38
2026-01-20 12:00:00,34.20666666666667,57.46666666666667,0.0,1.2066666666666668,2.272282666666667,103.67
2026-01-20 13:00:00,33.43666666666667,57.26,0.0,3.41,2.1870600000000002,102.17333333333333
2026-01-20 14:00:00,35.37,54.38,0.0,0.29,2.596361,94.48
2026-01-20 15:00:00,,,0.0,,,
2026-01-20 16:00:00,,,0.0,,,
2026-01-20 17:00:00,,,0.0,,,
2026-01-20 18:00:00,,,0.0,,,
2026-01-20 19:00:00,,,0.0,,,
2026-01-20 20:00:00,,,0.0,,,
2026-01-20 21:00:00,,,0.0,,,
2026-01-20 22:00:00,,,0.0,,,
2026-01-20 23:00:00,,,0.0,,,
2026-01-21 00:00:00,,,0.0,,,
2026-01-21 01:00:00,,,0.0,,,
2026-01-21 02:00:00,,,0.0,,,
2026-01-21 03:00:00,,,0.0,,,
2026-01-21 04:00:00,,,0.0,,,
2026-01-21 05:00:00,,,0.0,,,
2026-01-21 06:00:00,,,0.0,,,
2026-01-21 07:00:00,,,0.0,,,
2026-01-21 08:00:00,,,0.0,,,
2026-01-21 09:00:00,28.68,70.9,0.0,0.69,1.136205,77.75
2026-01-21 10:00:00,29.540000000000003,67.50333333333333,0.0,0.7966666666666667,1.3358866666666664,53.416666666666664
2026-01-21 11:00:00,32.166666666666664,58.77666666666667,0.0,2.5066666666666664,1.9695136666666666,99.99000000000001
2026-01-21 12:00:00,34.49666666666667,53.31666666666666,0.0,2.4266666666666667,2.5322583333333335,97.54666666666667
2026-01-21 13:00:00,35.199999999999996,51.81999999999999,0.0,2.91,2.717943333333333,102.15333333333332
2026-01-21 14:00:00,34.39666666666667,49.98,0.0,2.7566666666666664,2.70103,59.31
2026-01-21 15:00:00,35.06666666666666,47.27,0.0,2.4933333333333336,2.9530483333333333,51.416666666666664
2026-01-21 16:00:00,33.593333333333334,48.81999999999999,0.0,1.5666666666666667,2.6421503333333334,27.24333333333333
2026-01-21 17:00:00,30.576666666666668,60.57666666666666,0.0,2.223333333333333,1.7545553333333332,9.273333333333333
2026-01-21 18:00:00,26.58,71.76,0.0,0.0,0.9803823333333334,0.0
2026-01-21 19:00:00,24.05666666666667,77.85333333333334,0.0,0.0,0.6599326666666666,0.0
2026-01-21 20:00:00,22.66,79.31333333333333,0.0,0.0,0.566126,0.0
2026-01-21 21:00:00,22.016666666666666,79.78666666666668,0.0,0.0,0.531961,0.0
2026-01-21 22:00:00,21.373333333333335,79.99666666666667,0.0,0.0,0.506243,0.0
2026-01-21 23:00:00,20.825000000000003,80.125,0.0,0.0,0.486344,0.0
2026-01-22 00:00:00,20.44,80.12666666666667,0.0,0.0,0.47495366666666666,0.0
2026-01-22 01:00:00,19.96,80.24333333333334,0.0,0.0,0.45843666666666666,0.0
2026-01-22 02:00:00,19.783333333333335,80.37666666666667,0.0,0.0,0.4503803333333333,0.0
2026-01-22 03:00:00,19.493333333333336,80.28333333333333,0.0,0.0,0.44448399999999993,0.0
2026-01-22 04:00:00,19.040000000000003,80.38666666666667,0.0,0.0,0.4298786666666667,0.0
2026-01-22 05:00:00,18.849999999999998,80.36666666666666,0.0,0.0,0.42526100000000006,0.0
2026-01-22 06:00:00,18.72,80.41,0.0,0.17333333333333334,0.4209136666666667,0.36333333333333334
2026-01-22 07:00:00,19.84,80.715,0.0,0.3,0.44423,8.145
2026-01-22 08:00:00,23.28333333333333,78.40333333333332,0.0,0.0,0.6194933333333333,31.673333333333332
2026-01-22 09:00:00,26.856666666666666,67.97666666666667,0.0,0.5933333333333334,1.1326436666666666,61.580000000000005
2026-01-22 10:00:00,30.286666666666665,56.169999999999995,0.0,2.4066666666666667,1.8868323333333334,103.98333333333333
2026-01-22 11:00:00,31.92,52.555,0.0,1.6749999999999998,2.2302345,101.36500000000001
2026-01-22 12:00:00,32.56333333333333,50.63333333333333,0.0,2.5833333333333335,2.4038253333333333,79.44666666666667
2026-01-22 13:00:00,31.04,48.48,0.0,1.51,2.302482,64.61
2026-01-22 14:00:00,32.95333333333333,47.43333333333334,0.0,4.760000000000001,2.616787,99.34666666666668
2026-01-22 15:00:00,32.89333333333334,46.913333333333334,0.0,3.4466666666666668,2.6353120000000003,67.38666666666667
2026-01-22 16:00:00,32.18,46.805,0.0,4.6850000000000005,2.5354855,41.885000000000005
2026-01-22 17:00:00,30.253333333333334,47.60999999999999,0.0,2.723333333333333,2.2443139999999997,13.796666666666667
2026-01-22 18:00:00,27.59,50.93,0.0,0.81,1.798609,0.18
2026-01-22 19:00:00,23.43,63.275,0.0,0.0,1.0715325,0.0
2026-01-22 20:00:00,19.813333333333333,75.26333333333334,0.0,0.0,0.5705790000000001,0.0
2026-01-22 21:00:00,18.87,77.52,0.0,0.09999999999999999,0.48751266666666665,0.0
2026-01-22 22:00:00,18.465,78.30000000000001,0.0,0.0,0.458872,0.0
2026-01-22 23:00:00,17.916666666666668,78.81,0.0,0.0,0.433011,0.0
2026-01-23 00:00:00,17.79,79.59,0.0,0.0,0.4137485,0.0
2026-01-23 01:00:00,17.22,79.63,0.0,0.0,0.398414,0.0
2026-01-23 02:00:00,16.955,79.715,0.0,0.0,0.39015900000000003,0.0
2026-01-23 03:00:00,16.84,79.80333333333333,0.0,0.0,0.38568033333333335,0.0
2026-01-23 04:00:00,16.865000000000002,79.765,0.0,0.0,0.386988,0.0
2026-01-23 05:00:00,17.176666666666666,78.82,0.0,0.0,0.4133246666666666,0.0
2026-01-23 06:00:00,16.93,79.475,0.0,0.0,0.3941345,0.57
2026-01-23 07:00:00,18.703333333333333,79.29333333333334,0.0,0.0,0.4463203333333334,12.303333333333333
2026-01-23 08:00:00,22.905,69.73,0.0,0.005,0.844225,25.75
2026-01-23 09:00:00,27.28,59.715,0.0,1.305,1.470469,75.625
2026-01-23 10:00:00,29.97,54.065,0.0,2.3449999999999998,1.933488,104.20500000000001
2026-01-23 11:00:00,30.799999999999997,50.915000000000006,0.0,4.805,2.1639735,103.75
2026-01-23 12:00:00,31.965,48.79,0.0,3.59,2.4120559999999998,102.58
2026-01-23 13:00:00,32.29666666666667,47.73666666666666,0.0,6.88,2.509643666666667,102.53000000000002
2026-01-23 14:00:00,32.983333333333334,46.376666666666665,0.0,4.276666666666666,2.673924,96.25
2026-01-23 15:00:00,32.47333333333333,47.120000000000005,0.0,2.7133333333333334,2.564375666666667,54.06
2026-01-23 16:00:00,32.13666666666666,47.326666666666675,0.0,2.4933333333333336,2.513386,43.346666666666664
2026-01-23 17:00:00,30.853333333333335,47.76,0.0,2.84,2.318813,13.24
2026-01-23 18:00:00,27.003333333333334,53.27,0.0,0.09666666666666666,1.6582206666666668,0.05333333333333334
2026-01-23 19:00:00,25.313333333333333,57.89333333333334,0.0,0.0033333333333333335,1.3566316666666667,0.0
2026-01-23 20:00:00,21.3,70.76333333333334,0.0,0.0,0.74046,0.0
2026-01-23 21:00:00,19.21666666666667,76.92666666666668,0.0,0.0,0.5115033333333333,0.0
2026-01-23 22:00:00,19.01,77.46666666666667,0.0,0.0,0.4929513333333333,0.0
2026-01-23 23:00:00,19.13,77.82,0.0,0.0,0.4888476666666666,0.0
2026-01-24 00:00:00,19.653333333333332,78.04333333333334,0.0,0.07333333333333333,0.49990700000000005,0.0
2026-01-24 01:00:00,19.653333333333332,78.60333333333334,0.0,0.12,0.48713333333333336,0.0
2026-01-24 02:00:00,19.86,79.11,0.0,0.15,0.48171433333333336,0.0
2026-01-24 03:00:00,19.87,79.22000000000001,0.0,0.6666666666666666,0.4794636666666667,0.0
2026-01-24 04:00:00,19.246666666666666,79.22666666666667,0.0,0.0,0.46120266666666665,0.0
2026-01-24 05:00:00,18.72,78.34333333333333,0.0,0.0,0.46528733333333333,0.0
2026-01-24 06:00:00,18.5,77.50333333333333,0.0,0.0,0.47677233333333335,0.31666666666666665
2026-01-24 07:00:00,19.476666666666667,76.68666666666667,0.0,0.0,0.526363,8.873333333333333
2026-01-24 08:00:00,24.363333333333333,65.31,0.0,0.0033333333333333335,1.0576533333333333,30.209999999999997
2026-01-24 09:00:00,27.76,58.77,0.0,0.37666666666666665,1.531856,61.449999999999996
2026-01-24 10:00:00,30.766666666666666,54.56666666666666,0.0,1.4233333333333331,2.0058866666666666,104.13666666666666
2026-01-24 11:00:00,32.25333333333334,49.343333333333334,0.0,6.3133333333333335,2.430015,104.03000000000002
2026-01-24 12:00:00,32.96666666666667,46.379999999999995,0.0,4.1499999999999995,2.6752203333333333,67.58666666666666
2026-01-24 13:00:00,32.050000000000004,49.53666666666667,0.0,1.47,2.3904076666666665,67.84666666666666
2026-01-24 14:00:00,33.535,47.515,0.0,3.7249999999999996,2.6988645,100.13499999999999
2026-01-24 15:00:00,34.586666666666666,46.16,0.0,2.9033333333333338,2.9355276666666668,70.32666666666667
2026-01-24 16:00:00,34.2025,45.9025,0.0,1.3800000000000001,2.88857975,38.97
2026-01-24 17:00:00,31.583333333333332,48.48666666666667,0.0,0.5133333333333333,2.3827803333333333,11.5
2026-01-24 18:00:00,26.070000000000004,59.03333333333334,0.0,0.13666666666666666,1.3924293333333333,0.11333333333333334
2026-01-24 19:00:00,22.393333333333334,70.93666666666667,0.0,0.0,0.7846866666666666,0.0
2026-01-24 20:00:00,20.525,74.675,0.0,0.16,0.6084935,0.0
2026-01-24 21:00:00,19.48,77.81333333333333,0.0,0.0,0.49999366666666667,0.0
2026-01-24 22:00:00,18.939999999999998,78.82666666666667,0.0,0.0,0.461197,0.0
2026-01-24 23:00:00,18.19333333333333,79.03666666666668,0.0,0.0,0.43585066666666666,0.0
2026-01-25 00:00:00,17.830000000000002,79.19333333333333,0.0,0.0,0.4228536666666667,0.0
2026-01-25 01:00:00,17.38,79.41000000000001,0.0,0.0,0.406792,0.0
2026-01-25 02:00:00,17.233333333333334,79.47,0.0,0.0,0.40187633333333334,0.0
2026-01-25 03:00:00,16.883333333333336,79.57,0.0,0.0,0.3911716666666667,0.0
2026-01-25 04:00:00,16.82,79.67,0.0,0.0,0.3877,0.0
2026-01-25 05:00:00,16.65,79.72666666666667,0.0,0.0,0.38249099999999997,0.0
2026-01-25 06:00:00,16.286666666666665,79.80333333333334,0.0,0.0,0.37237533333333334,0.5766666666666667
2026-01-25 07:00:00,18.343333333333334,80.03666666666668,0.0,0.0,0.42008466666666666,16.653333333333332
2026-01-25 08:00:00,24.026666666666667,69.91000000000001,0.0,0.0,0.913404,38.21
2026-01-25 09:00:00,29.03,56.665,0.0,0.645,1.728965,57.34
2026-01-25 10:00:00,31.48,50.56,0.0,3.1466666666666665,2.2729796666666666,104.41666666666667
2026-01-25 11:00:00,33.52,47.403333333333336,0.0,2.19,2.7032900000000004,103.91333333333334
2026-01-25 12:00:00,34.35666666666666,46.52,0.0,3.0666666666666664,2.8782560000000004,103.21333333333332
2026-01-25 13:00:00,35.47666666666667,44.343333333333334,0.0,2.1566666666666667,3.1861986666666664,102.75
2026-01-25 14:00:00,35.43,45.01333333333333,0.0,3.016666666666667,3.1423096666666663,94.48333333333333
2026-01-25 15:00:00,34.64333333333334,46.126666666666665,0.0,2.0866666666666664,2.961097,46.56333333333333
2026-01-25 16:00:00,32.88,50.413333333333334,0.0,4.876666666666666,2.4688053333333335,41.9
2026-01-25 17:00:00,29.963333333333335,58.526666666666664,0.0,6.0,1.7491423333333334,11.073333333333332
2026-01-25 18:00:00,27.703333333333333,63.943333333333335,0.0,3.49,1.3314356666666667,0.6
2026-01-25 19:00:00,25.313333333333333,68.75333333333333,0.0,0.30666666666666664,1.005685,0.0
2026-01-25 20:00:00,22.51,73.73666666666666,0.0,0.0,0.713241,0.0
2026-01-25 21:00:00,21.05333333333333,77.37666666666667,0.0,0.0,0.561548,0.0
2026-01-25 22:00:00,20.326666666666668,78.82000000000001,0.0,0.0,0.502707,0.0
2026-01-25 23:00:00,20.166666666666668,79.33666666666666,0.0,0.0,0.48557466666666665,0.0
2026-01-26 00:00:00,19.696666666666665,79.59333333333333,0.0,0.0,0.4658713333333333,0.0
2026-01-26 01:00:00,19.23,79.57666666666667,0.0,0.0,0.4529376666666667,0.0
2026-01-26 02:00:00,19.0,79.95333333333333,0.0,0.0,0.4382993333333333,0.0
2026-01-26 03:00:00,18.400000000000002,79.87,0.0,0.0,0.42396933333333336,0.0
2026-01-26 04:00:00,17.87666666666667,80.00333333333333,0.0,0.0,0.4076033333333333,0.0
2026-01-26 05:00:00,17.566666666666666,79.93666666666667,0.0,0.0,0.401079,0.0
2026-01-26 06:00:00,17.51,80.02,0.0,0.0,0.39802933333333335,0.06
2026-01-26 07:00:00,18.383333333333333,80.46666666666665,0.0,0.0,0.4114613333333333,8.466666666666667
2026-01-26 08:00:00,22.013333333333335,75.72000000000001,0.0,0.9199999999999999,0.6453743333333333,31.093333333333334
2026-01-26 09:00:00,26.39,65.53666666666668,0.0,1.04,1.178171,54.67333333333334
2026-01-26 10:00:00,30.08,57.18,0.0,1.1533333333333333,1.8187463333333334,104.04333333333334
2026-01-26 11:00:00,33.656666666666666,49.160000000000004,0.0,1.6433333333333333,2.639713,103.86333333333334
2026-01-26 12:00:00,34.70333333333333,47.91,0.0,1.5666666666666664,2.864608333333333,103.58333333333333
2026-01-26 13:00:00,34.50333333333333,47.843333333333334,0.0,1.5466666666666666,2.832770333333334,88.71333333333332
2026-01-26 14:00:00,34.339999999999996,47.29666666666666,0.0,1.7166666666666668,2.836626666666667,82.94
2026-01-26 15:00:00,34.92333333333334,46.71,0.0,1.3699999999999999,2.964397333333333,59.79333333333333
2026-01-26 16:00:00,31.873333333333335,52.576666666666675,0.0,0.23666666666666666,2.2227573333333335,22.05333333333333
2026-01-26 17:00:00,30.430000000000003,59.81,0.0,0.0,1.7360756666666666,13.25
2026-01-26 18:00:00,27.383333333333336,67.11,0.0,0.0,1.198033,0.30333333333333334
2026-01-26 19:00:00,25.679999999999996,70.41666666666667,0.0,0.29333333333333333,0.9700276666666667,0.0
2026-01-26 20:00:00,23.896666666666665,73.92666666666666,0.0,0.0,0.7704823333333334,0.0
2026-01-26 21:00:00,22.41,77.32000000000001,0.0,0.0,0.6114350000000001,0.0
2026-01-26 22:00:00,21.576666666666664,78.97666666666667,0.0,0.0,0.538758,0.0
2026-01-26 23:00:00,20.673333333333336,79.39333333333333,0.0,0.0,0.4996496666666667,0.0
2026-01-27 00:00:00,20.426666666666666,79.76,0.0,0.0,0.483319,0.0
2026-01-27 01:00:00,19.959999999999997,79.82666666666667,0.0,0.0,0.468068,0.0
2026-01-27 02:00:00,19.113333333333333,79.63333333333333,0.0,0.0,0.4484953333333333,0.0
2026-01-27 03:00:00,18.823333333333334,79.96666666666667,0.0,0.0,0.43322166666666667,0.0
2026-01-27 04:00:00,18.849999999999998,80.04333333333334,0.0,0.0,0.4322713333333333,0.0
2026-01-27 05:00:00,18.37,79.98666666666666,0.0,0.0,0.420735,0.0
2026-01-27 06:00:00,18.06,80.17,0.0,0.06333333333333334,0.408869,0.05333333333333334
2026-01-27 07:00:00,19.015,80.515,0.0,0.0,0.426634,10.58
2026-01-27 08:00:00,23.546666666666667,74.43,0.0,0.0,0.7540973333333333,33.42666666666667
2026-01-27 09:00:00,27.776666666666667,59.49666666666667,0.0,1.2633333333333334,1.5062253333333333,44.52666666666667
2026-01-27 10:00:00,30.825000000000003,52.290000000000006,0.0,3.1100000000000003,2.107348,103.815
2026-01-27 11:00:00,32.375,50.08,0.0,3.465,2.4064455000000002,103.955
2026-01-27 12:00:00,33.376666666666665,49.10333333333333,0.0,3.34,2.5941086666666666,103.31
2026-01-27 13:00:00,34.215,48.74,0.0,2.605,2.7379015,100.5
2026-01-27 14:00:00,35.11,47.364999999999995,0.0,3.3200000000000003,2.9530665000000003,95.66
2026-01-27 15:00:00,35.155,46.025000000000006,0.0,2.525,3.0358165,68.565
2026-01-27 16:00:00,34.71666666666667,47.35999999999999,0.0,2.08,2.892505,38.22666666666667
2026-01-27 17:00:00,32.27,50.836666666666666,0.0,0.5966666666666666,2.366994666666667,12.823333333333332
2026-01-27 18:00:00,28.16,56.69,0.0,0.035,1.643189,0.195
2026-01-27 19:00:00,23.736666666666668,70.71333333333332,0.0,0.0,0.8568463333333334,0.0
2026-01-27 20:00:00,22.163333333333338,75.11,0.0,0.0,0.6615000000000001,0.0
2026-01-27 21:00:00,20.81,77.515,0.0,0.0,0.5497034999999999,0.0
2026-01-27 22:00:00,19.94333333333333,78.42,0.0,0.0,0.5003546666666666,0.0
2026-01-27 23:00:00,19.384999999999998,79.08000000000001,0.0,0.0,0.4684515,0.0
2026-01-28 00:00:00,18.75,79.40333333333334,0.0,0.0,0.44338833333333333,0.0
2026-01-28 01:00:00,18.225,79.59,0.0,0.0,0.42518100000000003,0.0
2026-01-28 02:00:00,17.773333333333333,79.65333333333332,0.0,0.0,0.41204166666666664,0.0
2026-01-28 03:00:00,17.634999999999998,79.73,0.0,0.035,0.406933,0.0
2026-01-28 04:00:00,17.13,79.755,0.0,0.0,0.39371999999999996,0.0
2026-01-28 05:00:00,17.085,79.825,0.0,0.015,0.391251,0.0
2026-01-28 06:00:00,16.475,79.965,0.0,0.0,0.3738185,1.035
2026-01-28 07:00:00,18.29,80.45500000000001,0.0,0.0,0.408926,12.81
2026-01-28 08:00:00,22.97666666666667,72.42,0.0,0.0,0.7999130000000001,31.863333333333333
2026-01-28 09:00:00,28.083333333333332,57.693333333333335,0.0,0.30666666666666664,1.6004346666666667,62.94
2026-01-28 10:00:00,30.97,51.43333333333334,0.0,3.026666666666667,2.162167666666667,104.08333333333333
2026-01-28 11:00:00,32.5,49.879999999999995,0.0,3.8433333333333337,2.432586,104.07
2026-01-28 12:00:00,33.333333333333336,48.42666666666667,0.0,5.57,2.62297,103.08999999999999
2026-01-28 13:00:00,34.57333333333333,47.11333333333334,0.0,4.406666666666666,2.881396666666667,102.04333333333334
2026-01-28 14:00:00,34.64333333333334,46.81666666666666,0.0,3.6300000000000003,2.908308,93.97666666666667
2026-01-28 15:00:00,34.949999999999996,47.1,0.0,2.9899999999999998,2.9444690000000002,60.02
2026-01-28 16:00:00,32.92666666666667,50.169999999999995,0.0,1.3566666666666667,2.47967,28.296666666666667
2026-01-28 17:00:00,32.21,51.25,0.0,0.38666666666666666,2.3369366666666664,13.976666666666667
2026-01-28 18:00:00,26.72666666666667,61.85333333333333,0.0,0.0,1.349678,0.06666666666666667
2026-01-28 19:00:00,23.316666666666666,71.94666666666667,0.0,0.0,0.7994576666666666,0.0
2026-01-28 20:00:00,21.623333333333335,75.84333333333333,0.0,0.0,0.6214683333333334,0.0
2026-01-28 21:00:00,20.776666666666667,78.00333333333333,0.0,0.0,0.5367106666666667,0.0
2026-01-28 22:00:00,20.613333333333333,78.58666666666666,0.0,0.0,0.5172243333333334,0.0
2026-01-28 23:00:00,20.103333333333335,79.01,0.0,0.0,0.49143833333333337,0.0
2026-01-29 00:00:00,19.886666666666667,79.54666666666667,0.0,0.0,0.47244366666666665,0.0
2026-01-29 01:00:00,19.886666666666667,79.60333333333334,0.0,0.0,0.47111,0.0
2026-01-29 02:00:00,19.314999999999998,79.65,0.0,0.0,0.4537105,0.0
2026-01-29 03:00:00,18.7825,79.775,0.0,0.0,0.43626375,0.0
2026-01-29 04:00:00,18.44333333333333,79.84333333333333,0.0,0.0,0.4256736666666667,0.0
2026-01-29 05:00:00,18.066666666666666,79.89999999999999,0.0,0.0,0.4146003333333333,0.0
2026-01-29 06:00:00,17.83,80.015,0.0,0.0,0.40615100000000004,0.08
2026-01-29 07:00:00,19.173333333333332,79.46,0.0,0.04,0.4553323333333334,8.873333333333333
2026-01-29 08:00:00,23.486666666666668,69.90333333333332,0.0,0.52,0.8730706666666667,36.916666666666664
2026-01-29 09:00:00,27.703333333333333,59.78,0.0,1.1766666666666665,1.4869533333333333,49.61333333333334
2026-01-29 10:00:00,30.386666666666667,54.443333333333335,0.0,2.106666666666667,1.9626133333333333,100.55333333333333
2026-01-29 11:00:00,32.22666666666667,51.99333333333334,0.0,2.3000000000000003,2.2996323333333333,103.92333333333333
2026-01-29 12:00:00,33.39,49.86333333333334,0.0,3.49,2.558476,102.12333333333333
2026-01-29 13:00:00,34.64333333333334,47.91,0.0,1.93,2.8483146666666666,101.54666666666667
2026-01-29 14:00:00,34.833333333333336,48.43,0.0,3.106666666666667,2.8586946666666666,100.64999999999999
2026-01-29 15:00:00,35.49,47.75333333333333,0.0,1.0266666666666666,2.998981,74.65666666666667
2026-01-29 16:00:00,34.12,49.169999999999995,0.0,0.4166666666666667,2.701909666666667,33.36333333333334
2026-01-29 17:00:00,30.939999999999998,58.39333333333334,0.0,4.3500000000000005,1.8534543333333335,15.770000000000001
2026-01-29 18:00:00,28.05,64.52,0.0,0.9,1.3408406666666668,0.6433333333333333
2026-01-29 19:00:00,24.94666666666667,72.81666666666666,0.0,0.17333333333333334,0.8540369999999999,0.0
2026-01-29 20:00:00,24.686666666666667,75.27,0.0,0.0,0.7641926666666666,0.0
2026-01-29 21:00:00,23.75333333333333,77.26,0.0,0.0,0.6647663333333332,0.0
2026-01-29 22:00:00,23.05333333333333,78.47,0.0,0.0,0.603379,0.0
2026-01-29 23:00:00,22.206666666666667,79.34333333333333,0.0,0.0,0.5500233333333333,0.0
2026-01-30 00:00:00,21.709999999999997,80.03333333333333,0.0,0.0,0.5157496666666667,0.0
2026-01-30 01:00:00,21.333333333333332,80.02666666666666,0.0,0.0,0.5042076666666667,0.0
2026-01-30 02:00:00,21.283333333333335,80.14333333333333,0.0,0.0,0.49971799999999994,0.0
2026-01-30 03:00:00,20.59,80.155,0.0,0.0,0.4786665,0.0
2026-01-30 04:00:00,20.455,80.24000000000001,0.0,0.0,0.4726755,0.0
2026-01-30 05:00:00,19.93,80.25,0.0,0.0,0.4574005,0.0
2026-01-30 06:00:00,19.683333333333334,80.26,0.0,0.0,0.450263,0.4466666666666667
2026-01-30 07:00:00,21.415,80.44,0.0,0.0,0.496574,13.455
2026-01-30 08:00:00,26.290000000000003,72.20333333333333,0.0,0.043333333333333335,0.9544323333333334,43.21333333333333
2026-01-30 09:00:00,28.506666666666664,67.33666666666666,0.0,0.8166666666666668,1.2652546666666666,59.333333333333336
2026-01-30 10:00:00,31.919999999999998,59.74666666666667,0.0,1.2133333333333334,1.9098293333333334,104.04333333333334
2026-01-30 11:00:00,33.666666666666664,54.053333333333335,0.0,2.5733333333333333,2.3808026666666664,104.11666666666667
2026-01-30 12:00:00,34.193333333333335,51.336666666666666,0.0,3.6799999999999997,2.596629666666667,103.47666666666667
2026-01-30 13:00:00,35.82333333333333,47.51,0.0,2.5833333333333335,3.062785,94.33333333333333
2026-01-30 14:00:00,35.24333333333333,48.82666666666666,0.0,3.1266666666666665,2.898490333333333,76.77
2026-01-30 15:00:00,32.983333333333334,57.81,0.0,7.236666666666667,2.1038763333333335,69.47
2026-01-30 16:00:00,31.45,60.89666666666667,0.0,7.236666666666667,1.7892003333333333,41.25
2026-01-30 17:00:00,29.820000000000004,63.803333333333335,0.0,6.273333333333333,1.5122013333333335,11.873333333333335
2026-01-30 18:00:00,27.936666666666667,68.82000000000001,0.0,2.2533333333333334,1.1671916666666666,0.16
2026-01-30 19:00:00,25.99666666666667,74.45333333333333,0.0,0.0,0.8547646666666667,0.0
2026-01-30 20:00:00,24.76,77.00333333333333,0.0,0.0,0.7144493333333334,0.0
2026-01-30 21:00:00,23.763333333333332,79.11,0.0,0.0,0.6109833333333333,0.0
2026-01-30 22:00:00,23.123333333333335,79.61,0.0,0.0,0.57378,0.0
2026-01-30 23:00:00,22.703333333333333,80.02666666666666,0.0,0.0,0.5479786666666667,0.0
2026-01-31 00:00:00,22.206666666666667,80.01333333333334,0.0,0.0,0.5320656666666667,0.0
2026-01-31 01:00:00,22.043333333333333,80.40333333333332,0.0,0.0,0.5165336666666667,0.0
2026-01-31 02:00:00,22.616666666666664,80.47666666666667,0.0,0.0,0.5327826666666666,0.0
2026-01-31 03:00:00,22.73,80.38,0.0,0.0,0.539101,0.0
2026-01-31 04:00:00,22.173333333333332,80.32000000000001,0.0,0.0,0.5228673333333332,0.0
2026-01-31 05:00:00,21.463333333333335,80.42,0.0,0.0,0.49819966666666665,0.0
2026-01-31 06:00:00,21.174999999999997,80.42500000000001,0.0,0.0,0.4893865,0.5
2026-01-31 07:00:00,21.615,80.705,0.0,0.0,0.49556900000000004,8.07
2026-01-31 08:00:00,26.186666666666667,73.97666666666667,0.0,0.3,0.885634,38.59
2026-01-31 09:00:00,29.116666666666664,68.16333333333334,0.0,1.7333333333333334,1.27528,60.10666666666666
2026-01-31 10:00:00,31.393333333333334,62.60333333333333,0.0,1.8500000000000003,1.7212589999999999,103.90666666666668
2026-01-31 11:00:00,34.28,55.336666666666666,0.0,1.8766666666666667,2.400969,98.57666666666667
2026-01-31 12:00:00,35.93,51.63666666666666,0.0,2.263333333333333,2.839427666666667,103.60000000000001
2026-01-31 13:00:00,36.44,49.46666666666667,0.0,1.3866666666666667,3.051403333333333,86.69333333333333
2026-01-31 14:00:00,35.85666666666666,49.87,0.0,0.6233333333333334,2.9316400000000002,57.98333333333333
2026-01-31 15:00:00,33.843333333333334,56.32,0.0,4.6466666666666665,2.295142333333333,54.620000000000005
2026-01-31 16:00:00,32.54333333333333,61.68666666666667,0.0,5.953333333333333,1.8651126666666666,42.34
2026-01-31 17:00:00,30.27333333333333,66.44333333333334,0.0,3.3266666666666667,1.4386206666666668,13.506666666666666
2026-01-31 18:00:00,27.66,71.77666666666667,0.0,0.02666666666666667,1.0424069999999999,0.15
2026-01-31 19:00:00,26.125,75.9,0.0,0.0,0.8115955,0.0
2026-01-31 20:00:00,24.96,78.41499999999999,0.0,0.0,0.6780055,0.0
2026-01-31 21:00:00,24.045,79.8,0.0,0.0,0.600701,0.0
2026-01-31 22:00:00,23.650000000000002,80.13666666666667,0.0,0.0,0.576887,0.0
2026-01-31 23:00:00,23.04,80.38,0.0,0.0,0.549278,0.0
2026-02-01 00:00:00,22.423333333333332,80.22666666666667,0.0,0.0,0.5333713333333333,0.0
2026-02-01 01:00:00,22.185000000000002,80.35,0.0,0.0,0.5224044999999999,0.0
2026-02-01 02:00:00,21.744999999999997,80.39,0.0,0.0,0.5075955000000001,0.0
2026-02-01 03:00:00,21.786666666666665,80.63,0.0,0.11333333333333334,0.5026663333333333,0.0
2026-02-01 04:00:00,22.555,80.64,0.0,0.035,0.526351,0.0
2026-02-01 05:00:00,21.505,80.03999999999999,0.0,0.0,0.5091939999999999,0.0
2026-02-01 06:00:00,20.323333333333334,80.02,0.0,0.12333333333333334,0.47414033333333333,0.3566666666666667
2026-02-01 07:00:00,21.42,79.03999999999999,0.0,0.0,0.5331585,16.59
2026-02-01 08:00:00,25.676666666666666,67.01,0.0,1.8533333333333335,1.095181,40.74
2026-02-01 09:00:00,28.2,57.815,0.0,2.9349999999999996,1.603395,43.135000000000005
2026-02-01 10:00:00,30.983333333333334,54.25333333333333,0.0,2.9766666666666666,2.0416073333333333,94.72666666666667
2026-02-01 11:00:00,32.79,51.105000000000004,0.0,3.895,2.4126205,104.375
2026-02-01 12:00:00,33.775,49.09,0.0,4.86,2.6539035,103.25
2026-02-01 13:00:00,34.32,48.15,0.0,5.29,2.784874,103.09
2026-02-01 14:00:00,35.46,46.355,0.0,2.43,3.0687945,101.465
2026-02-01 15:00:00,34.935,45.14,0.0,5.970000000000001,3.049726,67.07
2026-02-01 16:00:00,34.51333333333333,45.20333333333334,0.0,3.8266666666666667,2.975452333333333,41.74333333333333
2026-02-01 17:00:00,32.486666666666665,47.31,0.0,1.4433333333333334,2.5616333333333334,13.376666666666665
2026-02-01 18:00:00,28.549999999999997,52.515,0.0,0.305,1.844369,0.33
2026-02-01 19:00:00,24.78333333333333,62.56333333333333,0.0,0.0,1.1851473333333333,0.0
2026-02-01 20:00:00,20.81,74.73,0.0,0.0,0.61779,0.0
2026-02-01 21:00:00,19.97666666666667,75.63666666666667,0.0,0.0,0.5662726666666666,0.0
2026-02-01 22:00:00,19.645000000000003,77.315,0.0,0.0,0.5161735000000001,0.0
2026-02-01 23:00:00,18.96666666666667,78.70333333333333,0.0,0.0,0.464675,0.0
2026-02-02 00:00:00,18.64,79.16499999999999,0.0,0.0,0.44541949999999997,0.0
2026-02-02 01:00:00,18.4,79.35,0.0,0.0,0.435041,0.0
2026-02-02 02:00:00,18.155,79.5325,0.0,0.0,0.4245215,0.0
2026-02-02 03:00:00,17.86,79.61,0.0,0.0,0.4151656666666667,0.0
2026-02-02 04:00:00,17.900000000000002,79.70333333333333,0.0,0.32,0.4143056666666667,0.0
2026-02-02 05:00:00,18.123333333333335,79.11666666666666,0.0,0.0033333333333333335,0.43226433333333336,0.0
2026-02-02 06:00:00,18.636666666666667,77.06666666666666,0.0,0.043333333333333335,0.4902336666666667,0.5599999999999999
2026-02-02 07:00:00,20.176666666666666,76.68333333333334,0.0,0.09000000000000001,0.5510776666666667,12.013333333333334
2026-02-02 08:00:00,25.459999999999997,63.620000000000005,0.0,1.1500000000000001,1.1883046666666666,42.916666666666664
2026-02-02 09:00:00,27.98,58.17666666666667,0.0,2.21,1.5682749999999999,52.79
2026-02-02 10:00:00,29.97666666666667,54.78666666666667,0.0,5.096666666666667,1.9033976666666668,103.37666666666667
2026-02-02 11:00:00,31.333333333333332,52.026666666666664,0.0,4.536666666666666,2.181599,95.33999999999999
2026-02-02 12:00:00,32.22666666666667,50.18666666666667,0.0,5.669999999999999,2.3816593333333334,103.62333333333333
2026-02-02 13:00:00,32.45666666666667,49.56,0.0,4.916666666666667,2.4418426666666666,96.78666666666668
2026-02-02 14:00:00,32.63,49.196666666666665,0.0,3.4466666666666668,2.4884766666666667,67.36333333333333
2026-02-02 15:00:00,33.96,46.71,0.0,5.316666666666666,2.807601,65.76
2026-02-02 16:00:00,32.67666666666667,47.79333333333333,0.0,2.7866666666666666,2.561384,38.45333333333333
2026-02-02 17:00:00,31.686666666666667,49.1,0.0,1.4033333333333333,2.364577666666667,13.4
2026-02-02 18:00:00,26.276666666666667,60.61333333333334,0.0,0.0,1.3639913333333331,0.21333333333333335
2026-02-02 19:00:00,22.51,70.08,0.0,0.0,0.811255,0.0
2026-02-02 20:00:00,21.636666666666667,74.54666666666667,0.0,0.0,0.654687,0.0
2026-02-02 21:00:00,20.906666666666666,76.32666666666667,0.0,0.0,0.5822226666666667,0.0
2026-02-02 22:00:00,20.236666666666668,77.57,0.0,0.0,0.5294503333333332,0.0
2026-02-02 23:00:00,19.713333333333335,78.42666666666668,0.0,0.0,0.4929483333333333,0.0
2026-02-03 00:00:00,19.316666666666666,79.18666666666667,0.0,0.0,0.46406233333333335,0.0
2026-02-03 01:00:00,18.92,79.18,0.0,0.0,0.452933,0.0
2026-02-03 02:00:00,18.9,79.32499999999999,0.0,0.0,0.4492185,0.0
2026-02-03 03:00:00,18.823333333333334,79.33666666666667,0.0,0.0,0.4468376666666667,0.0
2026-02-03 04:00:00,19.48,78.32000000000001,0.0,0.38333333333333336,0.48845,0.0
2026-02-03 05:00:00,19.39,77.62,0.0,0.006666666666666667,0.5013029999999999,0.0
2026-02-03 06:00:00,18.80666666666667,78.83666666666666,0.0,0.0,0.4572176666666667,0.09000000000000001
2026-02-03 07:00:00,20.423333333333332,76.35333333333334,0.0,0.7799999999999999,0.5732726666666667,10.57
2026-02-03 08:00:00,25.439999999999998,64.84333333333333,0.0,1.7933333333333337,1.1419003333333333,42.776666666666664
2026-02-03 09:00:00,28.09,60.675,0.0,2.835,1.484667,55.5
2026-02-03 10:00:00,30.60666666666667,56.85999999999999,0.0,3.043333333333333,1.8901463333333333,100.80333333333333
2026-02-03 11:00:00,32.910000000000004,53.1,0.0,5.6000000000000005,2.330807333333333,104.59666666666668
2026-02-03 12:00:00,33.93,50.9,0.0,5.65,2.581686,103.83
2026-02-03 13:00:00,34.495000000000005,50.239999999999995,0.0,7.01,2.6989669999999997,103.195
2026-02-03 14:00:00,36.089999999999996,47.4,0.0,2.9899999999999998,3.1166966666666664,102.66000000000001
2026-02-03 15:00:00,36.055,47.7,0.0,4.605,3.0902855000000002,77.6
2026-02-03 16:00:00,33.48,51.81666666666666,0.0,1.61,2.4716506666666667,25.900000000000002
2026-02-03 17:00:00,32.15,54.17666666666667,0.0,0.03,2.1834973333333334,8.386666666666667
2026-02-03 18:00:00,29.833333333333332,61.18666666666667,0.0,0.01,1.6269603333333336,0.47
2026-02-03 19:00:00,27.060000000000002,68.18666666666667,0.0,0.0,1.133725,0.0
2026-02-03 20:00:00,24.013333333333332,75.41000000000001,0.0,0.0,0.7318166666666667,0.0
2026-02-03 21:00:00,22.73,78.11666666666666,0.0,0.0,0.6016683333333334,0.0
2026-02-03 22:00:00,22.263333333333335,79.24333333333334,0.0,0.0,0.5544606666666666,0.0
2026-02-03 23:00:00,21.916666666666668,79.34333333333333,0.0,0.0,0.5403246666666667,0.0
2026-02-04 00:00:00,21.606666666666666,79.69666666666667,0.0,0.0,0.5211443333333333,0.0
2026-02-04 01:00:00,21.186666666666667,79.96,0.0,0.0,0.5013773333333333,0.0
2026-02-04 02:00:00,21.375,80.16499999999999,0.0,0.0,0.5020100000000001,0.0
2026-02-04 03:00:00,21.005000000000003,79.95,0.0,0.0,0.49608300000000005,0.0
2026-02-04 04:00:00,20.686666666666667,80.13666666666667,0.0,0.0,0.481964,0.0
2026-02-04 05:00:00,20.676666666666666,80.25,0.0,0.0,0.478914,0.0
2026-02-04 06:00:00,21.186666666666667,80.24333333333334,0.0,0.0,0.494269,0.06
2026-02-04 07:00:00,22.846666666666664,78.93,0.0,0.0,0.5871543333333333,12.176666666666668
2026-02-04 08:00:00,28.679999999999996,60.49333333333333,0.0,0.0033333333333333335,1.5488173333333333,43.98333333333333
2026-02-04 09:00:00,29.77333333333333,56.25333333333333,0.0,2.64,1.8195500000000002,59.49
2026-02-04 10:00:00,31.80333333333333,53.95333333333334,0.0,3.5966666666666662,2.1504423333333333,90.04666666666667
2026-02-04 11:00:00,33.52333333333333,52.48666666666667,0.0,2.9,2.4425326666666667,104.45333333333333
2026-02-04 12:00:00,34.73333333333333,50.49666666666667,0.0,3.9133333333333336,2.7209773333333334,103.43666666666667
2026-02-04 13:00:00,35.696666666666665,49.57666666666666,0.0,4.316666666666666,2.9217866666666663,102.95666666666666
2026-02-04 14:00:00,36.20666666666667,48.88666666666666,0.0,3.5966666666666662,3.0454516666666667,80.03666666666668
2026-02-04 15:00:00,36.629999999999995,48.553333333333335,0.0,1.74,3.1404723333333333,71.26333333333334
2026-02-04 16:00:00,35.46,49.586666666666666,0.0,2.763333333333333,2.8858913333333334,39.63666666666666
2026-02-04 17:00:00,33.666666666666664,52.303333333333335,0.0,1.4600000000000002,2.475554333333333,14.786666666666667
2026-02-04 18:00:00,29.540000000000003,61.669999999999995,0.0,0.0,1.5911896666666667,0.19666666666666666
2026-02-04 19:00:00,27.310000000000002,68.76,0.0,0.0,1.1272323333333334,0.0
2026-02-04 20:00:00,26.74,70.97000000000001,0.0,0.0,1.0133133333333333,0.0
2026-02-04 21:00:00,24.86,75.88666666666667,0.0,0.0,0.753926,0.0
2026-02-04 22:00:00,23.706666666666667,78.30333333333334,0.0,0.0,0.632398,0.0
2026-02-04 23:00:00,23.136666666666667,79.38666666666667,0.0,0.0033333333333333335,0.5805213333333333,0.0
2026-02-05 00:00:00,22.743333333333336,79.68666666666667,0.0,0.0,0.5586026666666667,0.0
2026-02-05 01:00:00,22.116666666666664,79.69333333333333,0.0,0.0,0.537645,0.0
2026-02-05 02:00:00,21.75333333333333,79.85333333333334,0.0,0.0,0.521801,0.0
2026-02-05 03:00:00,21.52,80.11666666666667,0.0,0.0,0.5076466666666667,0.0
2026-02-05 04:00:00,22.103333333333335,80.18666666666667,0.0,0.0,0.524173,0.0
2026-02-05 05:00:00,21.826666666666668,80.08,0.0,0.0,0.5181843333333334,0.0
2026-02-05 06:00:00,21.623333333333335,80.19333333333333,0.0,0.0,0.5089136666666666,0.35000000000000003
2026-02-05 07:00:00,22.34,80.73,0.0,0.0,0.517139,9.18
2026-02-05 08:00:00,27.50333333333333,70.67666666666666,0.0,0.0,1.0793536666666665,40.876666666666665
2026-02-05 09:00:00,30.416666666666668,65.31,0.0,1.3499999999999999,1.4964456666666666,57.803333333333335
2026-02-05 10:00:00,32.97,60.03333333333333,0.0,0.9233333333333333,1.9960526666666667,79.20333333333333
2026-02-05 11:00:00,34.455,53.83,0.0,2.385,2.5026905,104.61500000000001
2026-02-05 12:00:00,36.35,51.70333333333334,0.0,2.5966666666666667,2.906553666666667,103.81
2026-02-05 13:00:00,34.57333333333333,55.73333333333333,0.0,5.896666666666667,2.419662,103.45333333333333
2026-02-05 14:00:00,33.51,57.31333333333333,0.0,7.826666666666665,2.1919306666666665,93.54666666666667
2026-02-05 15:00:00,32.66,58.815,0.0,8.774999999999999,2.0166589999999998,66.77000000000001
2026-02-05 16:00:00,31.74333333333333,61.370000000000005,0.0,7.543333333333333,1.798023,40.41
2026-02-05 17:00:00,,,0.0,,,
2026-02-05 18:00:00,28.855,66.225,0.0,4.73,1.332395,0.955
2026-02-05 19:00:00,26.683333333333334,69.16666666666667,0.0,0.0,1.075599,0.0
2026-02-05 20:00:00,25.426666666666666,74.18333333333334,0.0,0.03,0.8336943333333333,0.0
2026-02-05 21:00:00,25.25333333333333,75.43333333333334,0.0,0.0,0.7864249999999999,0.0
2026-02-05 22:00:00,23.896666666666665,78.44666666666667,0.0,0.0,0.6353219999999999,0.0
2026-02-05 23:00:00,23.516666666666666,79.27,0.0,0.0,0.597294,0.0
2026-02-06 00:00:00,22.975,79.55,0.0,0.0,0.570285,0.0
2026-02-06 01:00:00,22.456666666666667,80.01666666666667,0.0,0.0,0.5401153333333334,0.0
2026-02-06 02:00:00,22.336666666666662,80.27666666666666,0.0,0.0,0.5291973333333333,0.0
2026-02-06 03:00:00,22.16,80.34,0.0,0.0,0.5218849999999999,0.0
2026-02-06 04:00:00,21.986666666666668,80.47000000000001,0.0,0.0,0.5130026666666666,0.0
2026-02-06 05:00:00,21.79,80.5,0.0,0.0,0.5061205,0.0
2026-02-06 06:00:00,21.493333333333336,80.40333333333334,0.0,0.0,0.49953033333333335,0.3333333333333333
2026-02-06 07:00:00,23.036666666666665,80.60333333333334,0.0,0.0,0.5437886666666666,11.663333333333334
2026-02-06 08:00:00,26.496666666666666,75.86333333333333,0.0,0.61,0.8341219999999999,36.68333333333333
2026-02-06 09:00:00,30.796666666666667,67.57,0.0,0.49666666666666665,1.4306836666666667,57.24333333333333
2026-02-06 10:00:00,29.863333333333333,68.24333333333334,0.0,3.893333333333333,1.3286483333333334,65.59666666666668
2026-02-06 11:00:00,31.349999999999998,64.81,0.0,8.37,1.6009046666666666,104.52333333333333
2026-02-06 12:00:00,31.97666666666667,63.419999999999995,0.0,8.966666666666667,1.7240863333333334,101.45666666666666
2026-02-06 13:00:00,32.35666666666666,61.876666666666665,0.0,9.08,1.8357483333333333,102.82333333333334
2026-02-06 14:00:00,31.86,62.77666666666667,0.0,8.573333333333332,1.7431133333333333,95.00999999999999
2026-02-06 15:00:00,30.723333333333333,64.68333333333334,0.0,6.95,1.5508389999999999,62.47
2026-02-06 16:00:00,29.483333333333334,67.33666666666666,0.0,8.479999999999999,1.337319,24.10666666666667
2026-02-06 17:00:00,28.69666666666667,69.33666666666666,0.0,7.06,1.1985109999999999,8.286666666666667
2026-02-06 18:00:00,27.95,70.82666666666667,0.0,7.596666666666667,1.0922516666666666,0.30333333333333334
2026-02-06 19:00:00,27.28333333333333,73.04333333333334,0.0,0.7166666666666667,0.9709696666666666,0.0
2026-02-06 20:00:00,26.11,75.77,0.0,0.0033333333333333335,0.8159603333333333,0.0
2026-02-06 21:00:00,24.61,77.99666666666667,0.0,0.0,0.6776133333333334,0.0
2026-02-06 22:00:00,23.78,79.31,0.0,0.0,0.605693,0.0
2026-02-06 23:00:00,23.223333333333333,79.92,0.0,0.0,0.5684676666666667,0.0
2026-02-07 00:00:00,22.669999999999998,80.08666666666666,0.0,0.39000000000000007,0.545181,0.0
2026-02-07 01:00:00,22.263333333333335,80.19333333333333,0.0,0.0,0.5290976666666666,0.0
2026-02-07 02:00:00,22.03,80.28666666666668,0.0,0.0,0.5191936666666667,0.0
2026-02-07 03:00:00,21.536666666666665,80.27,0.0,0.0,0.5042606666666667,0.0
2026-02-07 04:00:00,21.49,80.37,0.0,0.0,0.5002823333333334,0.0
2026-02-07 05:00:00,21.33,80.465,0.0,0.0,0.4930185,0.0
2026-02-07 06:00:00,21.22,80.53,0.0,0.0,0.4880905,0.07
2026-02-07 07:00:00,22.526666666666667,80.77666666666666,0.0,0.0,0.5224510000000001,11.969999999999999
2026-02-07 08:00:00,26.255,76.03999999999999,0.0,0.0,0.814137,36.045
2026-02-07 09:00:00,30.096666666666664,67.3,0.0,1.2166666666666666,1.3901423333333334,69.52666666666667
2026-02-07 10:00:00,32.54666666666667,61.51333333333333,0.0,1.11,1.875967,102.96999999999998
2026-02-07 11:00:00,32.25666666666667,60.913333333333334,0.0,1.0733333333333335,1.8710143333333333,70.22000000000001
2026-02-07 12:00:00,31.83,62.43,0.0,7.67,1.755771,102.05
2026-02-07 13:00:00,32.355000000000004,61.375,0.0,9.620000000000001,1.8591955,101.545
2026-02-07 14:00:00,32.53,61.415000000000006,0.0,7.37,1.8756365,93.025
2026-02-07 15:00:00,32.724999999999994,61.14,0.0,7.015000000000001,1.9098555,66.885
2026-02-07 16:00:00,31.57,62.84,0.0,6.175,1.712341,39.02
2026-02-07 17:00:00,30.15,65.265,0.0,6.455,1.4761454999999999,16.82
2026-02-07 18:00:00,28.2,70.005,0.0,6.385,1.13918,0.0
2026-02-07 19:00:00,27.323333333333334,72.30333333333334,0.0,2.6766666666666663,1.0016999999999998,0.0
2026-02-07 20:00:00,25.29,77.68,0.0,0.0,0.7150894999999999,0.0
2026-02-07 21:00:00,24.439999999999998,79.05,0.0,0.0,0.637912,0.0
2026-02-07 22:00:00,24.13,79.70500000000001,0.0,0.0,0.60659,0.0
2026-02-07 23:00:00,23.67,79.9,0.0,0.0,0.5844355,0.0
2026-02-08 00:00:00,23.325000000000003,80.15,0.0,0.0,0.5653520000000001,0.0
2026-02-08 01:00:00,22.98,80.22666666666667,0.0,0.0,0.5515956666666667,0.0
2026-02-08 02:00:00,22.689999999999998,80.425,0.0,0.0,0.536597,0.0
2026-02-08 03:00:00,22.756666666666664,80.59666666666666,0.0,0.0,0.534008,0.0
2026-02-08 04:00:00,22.535,80.57499999999999,0.0,0.0,0.52749,0.0
2026-02-08 05:00:00,22.72666666666667,80.67,0.0,0.0,0.5310773333333333,0.0
2026-02-08 06:00:00,22.916666666666668,80.63,0.0,0.0,0.5382806666666666,0.13
2026-02-08 07:00:00,23.330000000000002,80.75333333333333,0.0,0.023333333333333334,0.548535,8.81
2026-02-08 08:00:00,27.09,75.51,0.0,0.0,0.884219,39.9
2026-02-08 09:00:00,31.46666666666667,66.64333333333333,0.0,0.03,1.5288503333333334,67.06666666666668
2026-02-08 10:00:00,32.78,63.303333333333335,0.0,1.18,1.8165996666666666,87.88333333333333
2026-02-08 11:00:00,34.37,59.79333333333333,0.0,1.95,2.173699,76.06666666666668
2026-02-08 12:00:00,31.566666666666666,64.72,0.0,1.0933333333333335,1.632714,25.41
2026-02-08 13:00:00,29.906666666666666,69.51,0.0,1.2733333333333332,1.277026,24.650000000000002
2026-02-08 14:00:00,29.64,67.54666666666667,0.0,0.6233333333333333,1.338521,34.15333333333333
2026-02-08 15:00:00,29.51,68.48333333333333,0.0,2.0366666666666666,1.299698,21.52333333333333
2026-02-08 16:00:00,29.176666666666666,69.63666666666667,0.0,1.5466666666666666,1.2210486666666667,28.076666666666668
2026-02-08 17:00:00,28.286666666666665,71.13,0.0,1.7566666666666666,1.105406,14.333333333333334
2026-02-08 18:00:00,26.74,75.07666666666667,0.0,0.0,0.8703176666666667,1.18
2026-02-08 19:00:00,25.689999999999998,78.02666666666666,0.0,0.01,0.7206069999999999,0.0
2026-02-08 20:00:00,25.473333333333333,79.19333333333333,0.0,0.0,0.6735573333333335,0.0
2026-02-08 21:00:00,24.95,79.51333333333334,0.0,0.07333333333333333,0.6429813333333333,0.0
2026-02-08 22:00:00,24.66,80.21666666666667,0.0,0.0,0.6102723333333333,0.0
2026-02-08 23:00:00,24.436666666666667,80.47666666666667,0.0,0.0,0.5942896666666667,0.0
2026-02-09 00:00:00,24.22,80.58666666666666,0.0,0.0,0.5833513333333333,0.0
2026-02-09 01:00:00,24.21666666666667,80.58,0.0,0.08666666666666667,0.5834376666666666,0.0
2026-02-09 02:00:00,23.706666666666667,80.52,0.0,0.0,0.5677023333333333,0.0
2026-02-09 03:00:00,22.686666666666667,80.53,0.0,0.0,0.5336203333333334,0.0
2026-02-09 04:00:00,22.423333333333332,80.66333333333334,0.0,0.0,0.5215873333333333,0.0
2026-02-09 05:00:00,22.363333333333333,80.79666666666667,0.0,0.0,0.516083,0.0
2026-02-09 06:00:00,22.25,80.79333333333334,0.0,0.0,0.5126483333333334,0.7566666666666667
2026-02-09 07:00:00,22.95,73.50333333333333,0.0,1.2433333333333332,0.742015,9.116666666666667
2026-02-09 08:00:00,26.013333333333332,63.910000000000004,0.0,2.0166666666666666,1.2209606666666666,36.623333333333335
2026-02-09 09:00:00,28.653333333333332,57.00333333333333,0.0,2.9133333333333327,1.6769550000000002,48.01333333333333
2026-02-09 10:00:00,30.006666666666664,54.75333333333333,0.0,3.603333333333333,1.9141023333333334,88.98333333333333
2026-02-09 11:00:00,31.933333333333334,51.97,0.0,4.116666666666666,2.2579293333333332,104.18333333333334
2026-02-09 12:00:00,33.20333333333333,51.18,0.0,2.18,2.4656673333333337,102.87
2026-02-09 13:00:00,33.83,50.76666666666667,0.0,2.85,2.573733333333333,95.25999999999999
2026-02-09 14:00:00,35.13999999999999,49.23666666666666,0.0,2.0766666666666667,2.8550690000000003,90.86333333333334
2026-02-09 15:00:00,34.54666666666667,50.169999999999995,0.0,0.9633333333333334,2.7152456666666667,50.75
2026-02-09 16:00:00,32.69,52.56666666666666,0.0,0.7233333333333333,2.328554,16.583333333333332
2026-02-09 17:00:00,30.560000000000002,60.12,0.0,0.0,1.741979,4.863333333333333
2026-02-09 18:00:00,27.643333333333334,69.70333333333333,0.0,0.0,1.1190156666666666,0.09999999999999999
2026-02-09 19:00:00,24.395,77.175,0.0,0.0,0.6933655,0.0
2026-02-09 20:00:00,23.189999999999998,75.74000000000001,0.0,0.0,0.685936,0.0
2026-02-09 21:00:00,22.25,77.99000000000001,0.0,0.0,0.587597,0.0
2026-02-09 22:00:00,21.595,79.03999999999999,0.0,0.0,0.5377080000000001,0.0
2026-02-09 23:00:00,20.915,79.66499999999999,0.0,0.0,0.500356,0.0
2026-02-10 00:00:00,20.366666666666664,79.67666666666666,0.0,0.0,0.4835403333333333,0.0
2026-02-10 01:00:00,20.076666666666664,79.83666666666666,0.0,0.0,0.47120466666666666,0.0
2026-02-10 02:00:00,20.076666666666664,80.07000000000001,0.0,0.0,0.4657576666666667,0.0
2026-02-10 03:00:00,20.064999999999998,80.09,0.0,0.0,0.4649575,0.0
2026-02-10 04:00:00,19.494999999999997,80.015,0.0,0.0,0.4505665,0.0
2026-02-10 05:00:00,19.32,80.215,0.0,0.0,0.4412425,0.0
2026-02-10 06:00:00,19.17,80.28666666666668,0.0,0.0,0.4355853333333333,0.4633333333333333
2026-02-10 07:00:00,21.465,80.07499999999999,0.0,0.0,0.508086,16.84
2026-02-10 08:00:00,25.66,71.93666666666667,0.0,0.63,0.9335573333333332,41.47
2026-02-10 09:00:00,29.93,64.89,0.0,1.205,1.4761385,55.155
2026-02-10 10:00:00,31.060000000000002,61.36333333333334,0.0,2.5866666666666664,1.7317349999999998,91.00999999999999
2026-02-10 11:00:00,33.32,54.065,0.0,3.235,2.3459385,104.75
2026-02-10 12:00:00,34.949999999999996,51.1,0.0,3.026666666666667,2.720068,104.14999999999999
2026-02-10 13:00:00,35.9,50.605000000000004,0.0,1.385,2.8944215,103.27
2026-02-10 14:00:00,36.379999999999995,49.475,0.0,2.36,3.0390914999999996,92.16
2026-02-10 15:00:00,35.50666666666667,51.20333333333334,0.0,2.8233333333333337,2.8009916666666665,63.76333333333333
2026-02-10 16:00:00,32.160000000000004,61.379999999999995,0.0,8.485,1.8418755,34.655
2026-02-10 17:00:00,30.44666666666667,64.28,0.0,4.536666666666666,1.5444856666666666,14.313333333333333
2026-02-10 18:00:00,27.83666666666667,69.56333333333333,0.0,0.3133333333333333,1.1389976666666668,0.9233333333333333
2026-02-10 19:00:00,24.61,77.53,0.0,0.0,0.69109,0.0
2026-02-10 20:00:00,23.695,78.815,0.0,0.0,0.6169374999999999,0.0
2026-02-10 21:00:00,23.27,79.57000000000001,0.0,0.0,0.5799789999999999,0.0
2026-02-10 22:00:00,22.515,79.775,0.0,0.0,0.548583,0.0
2026-02-10 23:00:00,22.185000000000002,79.85499999999999,0.0,0.0,0.535567,0.0
2026-02-11 00:00:00,22.03,80.11500000000001,0.0,0.0,0.5237005,0.0
2026-02-11 01:00:00,21.79,80.265,0.0,0.0,0.512227,0.0
2026-02-11 02:00:00,21.44,80.28999999999999,0.0,0.0,0.5007855000000001,0.0
2026-02-11 03:00:00,21.24,80.25,0.0,0.0,0.495713,0.0
2026-02-11 04:00:00,20.81,80.28000000000002,0.0,0.0033333333333333335,0.482106,0.0
2026-02-11 05:00:00,20.496666666666666,80.36333333333333,0.0,0.0,0.47092266666666666,0.0
2026-02-11 06:00:00,20.5,80.28,0.0,0.0,0.473021,0.0
2026-02-11 07:00:00,21.8325,80.72749999999999,0.0,0.0,0.502124,11.125
2026-02-11 08:00:00,26.113333333333333,74.90333333333332,0.0,0.26333333333333336,0.8524006666666666,39.13666666666666
2026-02-11 09:00:00,30.456666666666667,65.54333333333334,0.0,0.48333333333333334,1.499156,57.833333333333336
2026-02-11 10:00:00,32.89666666666667,54.45333333333334,0.0,3.106666666666667,2.2705243333333334,100.62
2026-02-11 11:00:00,35.595,49.865,0.0,1.495,2.8930350000000002,104.4
2026-02-11 12:00:00,36.29,49.19333333333333,0.0,3.6799999999999997,3.0410473333333337,103.46333333333332
2026-02-11 13:00:00,37.14,47.88666666666666,0.0,3.733333333333333,3.267531333333334,102.52999999999999
2026-02-11 14:00:00,37.88,47.32,0.0,2.9,3.4389496666666663,91.83333333333333
2026-02-11 15:00:00,37.693333333333335,47.97,0.0,2.9333333333333336,3.3610399999999996,64.59666666666666
2026-02-11 16:00:00,36.575,48.855000000000004,0.0,2.755,3.1112390000000003,33.385
2026-02-11 17:00:00,33.08,58.365,0.0,0.72,2.160401,7.98
2026-02-11 18:00:00,28.35666666666667,71.28,0.0,0.0,1.1059026666666667,0.12
2026-02-11 19:00:00,26.143333333333334,76.65333333333334,0.0,0.0,0.7871790000000001,0.0
2026-02-11 20:00:00,25.183333333333334,78.98666666666666,0.0,0.0,0.6688489999999999,0.0
2026-02-11 21:00:00,24.61,79.905,0.0,0.0,0.618121,0.0
2026-02-11 22:00:00,24.26,80.09,0.0,0.0,0.59971,0.0
2026-02-11 23:00:00,23.679999999999996,80.26,0.0,0.0,0.574315,0.0
2026-02-12 00:00:00,23.37,80.47,0.0,0.0,0.5577246666666666,0.0
2026-02-12 01:00:00,23.08,80.51333333333334,0.0,0.0,0.5468833333333333,0.0
2026-02-12 02:00:00,22.876666666666665,80.58666666666666,0.0,0.0,0.538165,0.0
2026-02-12 03:00:00,23.235,80.78999999999999,0.0,0.0,0.5441205,0.0
2026-02-12 04:00:00,23.896666666666665,80.96666666666665,0.0,0.0,0.5609773333333333,0.0
2026-02-12 05:00:00,24.065,80.94,0.0,0.0,0.567456,0.0
2026-02-12 06:00:00,23.883333333333336,80.87,0.0,0.0,0.5633823333333333,0.37999999999999995
2026-02-12 07:00:00,24.566666666666666,81.07000000000001,0.0,0.0,0.5808486666666667,10.5
2026-02-12 08:00:00,28.78,73.93333333333334,0.0,0.17333333333333334,1.040247,40.03333333333333
2026-02-12 09:00:00,31.92,66.47,0.0,0.7666666666666666,1.5754190000000001,68.50666666666666
2026-02-12 10:00:00,33.449999999999996,61.193333333333335,0.0,2.6366666666666667,1.994191,102.39999999999999
2026-02-12 11:00:00,34.089999999999996,57.35999999999999,0.0,1.0433333333333332,2.2686336666666667,104.08333333333333
2026-02-12 12:00:00,34.443333333333335,56.74666666666667,0.0,2.0633333333333335,2.342768,82.19666666666667
2026-02-12 13:00:00,34.166666666666664,58.45333333333334,0.0,2.04,2.2203963333333334,72.94
2026-02-12 14:00:00,35.50666666666667,56.31,0.0,3.626666666666667,2.506473,65.78
2026-02-12 15:00:00,31.33666666666667,67.01333333333334,0.0,8.073333333333332,1.5021196666666665,39.836666666666666
2026-02-12 16:00:00,30.313333333333333,68.79666666666667,0.0,7.666666666666667,1.3381083333333335,40.61333333333334
2026-02-12 17:00:00,29.203333333333333,70.95333333333333,0.0,8.946666666666667,1.1703016666666668,15.463333333333333
2026-02-12 18:00:00,25.0825,76.9525,20.4,6.4350000000000005,0.74338775,0.0
2026-02-12 19:00:00,23.025,79.82,0.6000000000000001,1.8849999999999998,0.5644815,0.0
2026-02-12 20:00:00,23.08,80.53,0.2,0.12333333333333334,0.5463863333333333,0.0
2026-02-12 21:00:00,23.145,80.78999999999999,0.0,0.0,0.5412140000000001,0.0
2026-02-12 22:00:00,22.95,80.9,0.0,0.01,0.5318185,0.0
2026-02-12 23:00:00,22.919999999999998,80.94666666666667,0.0,0.03,0.529572,0.0
2026-02-13 00:00:00,22.76,80.97,0.0,0.0,0.5238306666666667,0.0
2026-02-13 01:00:00,22.58,81.005,0.0,0.0,0.517219,0.0
2026-02-13 02:00:00,22.176666666666666,80.95,0.0,0.0,0.5061993333333333,0.0
2026-02-13 03:00:00,22.08666666666667,80.98666666666666,0.0,0.0,0.5024703333333332,0.0
2026-02-13 04:00:00,21.843333333333334,80.98666666666666,0.0,0.0,0.495104,0.0
2026-02-13 05:00:00,22.03,81.05333333333333,0.0,0.0,0.49899333333333334,0.0
2026-02-13 06:00:00,21.725,80.99000000000001,0.0,0.0,0.491466,1.26
2026-02-13 07:00:00,23.153333333333336,81.29333333333334,0.0,0.08,0.527735,17.316666666666666
2026-02-13 08:00:00,26.145,79.69,0.0,0.0,0.6874145,38.15
2026-02-13 09:00:00,29.03333333333333,72.59333333333333,0.0,0.8866666666666667,1.099598,65.57666666666667
2026-02-13 10:00:00,30.035,69.4,0.0,2.4000000000000004,1.293091,75.34
2026-02-13 11:00:00,32.25666666666667,63.99333333333333,0.0,2.1633333333333336,1.7241113333333333,80.36333333333333
2026-02-13 12:00:00,34.38666666666666,58.669999999999995,0.0,2.6333333333333333,2.2337029999999998,104.26333333333332
2026-02-13 13:00:00,33.47,59.405,0.0,4.66,2.079698,97.705
2026-02-13 14:00:00,31.09,66.7,0.0,6.64,1.492438,47.0
2026-02-13 15:00:00,30.813333333333333,67.10000000000001,0.0,6.226666666666667,1.4519096666666667,30.206666666666667
2026-02-13 16:00:00,30.97,66.52,0.0,6.956666666666667,1.490474,39.93333333333333
2026-02-13 17:00:00,30.299999999999997,67.065,0.0,4.15,1.4110909999999999,29.715000000000003
2026-02-13 18:00:00,27.91,71.62,0.0,1.1333333333333333,1.0624063333333333,4.1499999999999995
2026-02-13 19:00:00,26.536666666666665,76.19666666666667,0.0,0.19000000000000003,0.8206633333333334,0.0
2026-02-13 20:00:00,25.896666666666665,77.46666666666665,0.0,0.0,0.748176,0.0
2026-02-13 21:00:00,25.05,79.94,0.0,0.0,0.6333314999999999,0.0
2026-02-13 22:00:00,24.72,80.2,0.0,0.0,0.61299,0.0
2026-02-13 23:00:00,24.44,80.58,0.0,0.0,0.591265,0.0
2026-02-14 00:00:00,24.200000000000003,80.77666666666666,0.0,0.0,0.5769536666666667,0.0
2026-02-14 01:00:00,23.8,80.765,0.0,0.0,0.5636545,0.0
2026-02-14 02:00:00,23.810000000000002,81.02,0.0,0.0,0.5565166666666667,0.0
2026-02-14 03:00:00,24.03,81.05333333333333,0.0,0.0,0.5629053333333333,0.0
2026-02-14 04:00:00,23.89,80.99000000000001,0.0,0.0,0.560075,0.0
2026-02-14 05:00:00,23.75333333333333,81.05333333333333,0.0,0.0,0.5536646666666667,0.0
2026-02-14 06:00:00,23.343333333333334,80.96,0.0,0.0,0.5428966666666667,0.18999999999999997
2026-02-14 07:00:00,24.673333333333332,81.17666666666666,0.0,0.0,0.581979,19.30333333333333
2026-02-14 08:00:00,28.123333333333335,76.46,0.0,0.0,0.8911036666666666,31.16
2026-02-14 09:00:00,29.846666666666664,70.91000000000001,0.0,0.01,1.221849,54.64000000000001
2026-02-14 10:00:00,32.48666666666667,64.12,0.0,0.36000000000000004,1.7460293333333334,85.49333333333334
2026-02-14 11:00:00,34.43,60.27,0.0,1.02,2.1490823333333333,104.75999999999999
2026-02-14 12:00:00,33.23,60.58,0.0,1.87,1.992767,75.82
2026-02-14 13:00:00,32.733333333333334,62.916666666666664,0.0,2.766666666666667,1.834909,59.86666666666667
2026-02-14 14:00:00,31.22,66.61,0.0,7.303333333333334,1.5085126666666666,66.18333333333334
2026-02-14 15:00:00,30.66333333333333,68.96666666666665,0.0,6.216666666666666,1.3579059999999998,48.04666666666666
2026-02-14 16:00:00,31.026666666666667,68.30333333333334,0.0,6.93,1.4170523333333334,42.196666666666665
2026-02-14 17:00:00,29.80333333333333,70.06,0.0,5.263333333333333,1.2490076666666667,15.040000000000001
2026-02-14 18:00:00,28.36,73.08333333333333,0.0,2.8200000000000003,1.032323,0.9
2026-02-14 19:00:00,27.093333333333334,76.62666666666667,0.0,0.0,0.8331593333333333,0.0
2026-02-14 20:00:00,26.349999999999998,78.46,0.0,0.0,0.734573,0.0
2026-02-14 21:00:00,25.706666666666667,79.70333333333333,0.0,0.0,0.6661873333333334,0.0
2026-02-14 22:00:00,25.353333333333335,80.35333333333334,0.0,0.0,0.6315593333333334,0.0
2026-02-14 23:00:00,25.12,80.80333333333333,0.0,0.0,0.608562,0.0
2026-02-15 00:00:00,24.77,80.78666666666668,0.0,0.0,0.5966113333333333,0.0
2026-02-15 01:00:00,24.21666666666667,80.82000000000001,0.0,0.0,0.5762423333333334,0.0
2026-02-15 02:00:00,23.866666666666664,80.92666666666666,0.0,0.0,0.5611536666666667,0.0
2026-02-15 03:00:00,23.823333333333334,81.15333333333332,0.0,0.0,0.5530566666666666,0.0
2026-02-15 04:00:00,23.763333333333332,81.12666666666667,0.0,0.0,0.5518483333333334,0.0
2026-02-15 05:00:00,23.666666666666668,81.16000000000001,0.0,0.0,0.5476833333333334,0.0
2026-02-15 06:00:00,23.416666666666668,81.14666666666666,0.0,0.0,0.5399113333333334,0.49333333333333335
2026-02-15 07:00:00,24.116666666666664,81.38666666666667,0.0,0.0,0.5560916666666667,9.553333333333333
2026-02-15 08:00:00,26.23,79.755,0.0,0.0,0.6881075,33.115
2026-02-15 09:00:00,30.405,70.28,0.0,1.27,1.2823820000000001,69.14500000000001
2026-02-15 10:00:00,32.53,65.18,0.0,0.975,1.693203,86.955
2026-02-15 11:00:00,33.85666666666666,61.18,0.0,1.8333333333333333,2.0358793333333334,104.37333333333333
2026-02-15 12:00:00,35.79666666666667,56.91,0.0,2.276666666666667,2.512545333333333,104.25
2026-02-15 13:00:00,35.53666666666667,56.32666666666666,0.0,3.393333333333333,2.5136553333333334,103.56
2026-02-15 14:00:00,33.41,63.03,0.0,7.7,1.887773,85.3
2026-02-15 15:00:00,32.910000000000004,65.04333333333334,0.0,6.766666666666666,1.736476,66.17999999999999
2026-02-15 16:00:00,31.86,66.36333333333333,0.0,8.353333333333333,1.5753936666666668,39.78
2026-02-15 17:00:00,30.636666666666667,68.72666666666667,0.0,6.576666666666667,1.3670036666666665,14.433333333333332
2026-02-15 18:00:00,28.99,71.26,0.0,3.9333333333333336,1.1431023333333332,0.7633333333333333
2026-02-15 19:00:00,27.80333333333333,74.79333333333334,0.0,0.016666666666666666,0.9368573333333333,0.0
2026-02-15 20:00:00,26.336666666666662,78.34666666666668,0.0,0.0,0.7378093333333333,0.0
2026-02-15 21:00:00,26.026666666666667,79.88666666666667,0.0,0.0,0.6727773333333333,0.0
2026-02-15 22:00:00,25.313333333333333,80.35333333333334,0.0,0.0,0.6300826666666667,0.0
2026-02-15 23:00:00,24.963333333333335,80.68666666666667,0.0,0.0,0.6066566666666667,0.0
2026-02-16 00:00:00,24.46666666666667,80.86666666666667,0.0,0.0,0.583534,0.0
2026-02-16 01:00:00,24.61,80.96,0.0,0.0,0.585595,0.0
2026-02-16 02:00:00,24.686666666666667,81.02,0.0,0.0,0.5864193333333333,0.0
2026-02-16 03:00:00,24.570000000000004,81.03666666666668,0.0,0.0,0.5818556666666667,0.0
2026-02-16 04:00:00,24.51,81.01666666666667,0.0,0.0,0.580403,0.0
2026-02-16 05:00:00,23.939999999999998,81.0,0.0,0.0,0.561465,0.0
2026-02-16 06:00:00,24.24666666666667,81.26,0.0,0.0,0.5640183333333333,0.39999999999999997
2026-02-16 07:00:00,25.12,81.52,0.0,0.0,0.5859920000000001,11.133333333333333
2026-02-16 08:00:00,28.113333333333333,76.01,0.0,0.12333333333333334,0.9138023333333334,38.74333333333333
2026-02-16 09:00:00,31.826666666666668,67.83666666666666,0.0,0.7133333333333333,1.5040683333333333,49.550000000000004
2026-02-16 10:00:00,32.50333333333334,65.37666666666667,0.0,0.9133333333333334,1.6820706666666665,86.38333333333333
2026-02-16 11:00:00,34.77333333333333,59.48666666666667,0.0,1.4566666666666668,2.2378483333333334,104.94666666666667
2026-02-16 12:00:00,36.07333333333333,56.169999999999995,0.0,2.31,2.5949066666666667,103.75
2026-02-16 13:00:00,35.446666666666665,56.52,0.0,3.033333333333333,2.4871763333333337,103.85000000000001
2026-02-16 14:00:00,33.50666666666667,64.03666666666668,0.0,7.080000000000001,1.8486746666666667,90.28666666666668
2026-02-16 15:00:00,32.79666666666667,65.48333333333333,0.0,9.133333333333333,1.7042599999999999,59.22666666666667
2026-02-16 16:00:00,31.95,67.19666666666667,0.0,5.396666666666667,1.5435253333333332,36.06
2026-02-16 17:00:00,30.445,70.95750000000001,0.2,2.6125,1.2629835,17.3775
2026-02-16 18:00:00,27.99666666666667,77.14666666666666,0.0,0.03333333333333333,0.859662,0.8266666666666667
2026-02-16 19:00:00,26.916666666666668,79.29666666666667,0.0,0.0,0.7297560000000001,0.0
2026-02-16 20:00:00,26.55333333333333,80.11,0.0,0.0,0.6862043333333334,0.0
2026-02-16 21:00:00,26.436666666666667,80.40333333333334,0.0,0.0,0.671517,0.0
2026-02-16 22:00:00,25.950000000000003,80.70333333333333,0.0,0.0,0.6425153333333333,0.0
2026-02-16 23:00:00,25.75,81.01,0.0,0.0,0.6249596666666667,0.0
2026-02-17 00:00:00,25.37,81.06,0.0,0.06999999999999999,0.6093966666666667,0.0
2026-02-17 01:00:00,25.560000000000002,81.10333333333334,0.0,0.0,0.6148893333333333,0.0
2026-02-17 02:00:00,25.256666666666664,81.06666666666666,0.0,0.0,0.605128,0.0
2026-02-17 03:00:00,25.046666666666667,81.10333333333334,0.0,0.0,0.5964713333333332,0.0
2026-02-17 04:00:00,24.349999999999998,81.07000000000001,0.0,0.0,0.5732643333333334,0.0
2026-02-17 05:00:00,24.48,81.25,0.0,0.0,0.572229,0.0
2026-02-17 06:00:00,24.48,81.18666666666667,0.0,0.0,0.5741729999999999,0.6133333333333334
2026-02-17 07:00:00,24.96,81.38,0.0,0.0,0.5847990000000001,9.33
2026-02-17 08:00:00,28.183333333333334,76.57,0.0,0.21,0.8987173333333333,40.876666666666665
2026-02-17 09:00:00,31.643333333333334,68.76,0.0,0.73,1.4490553333333331,67.82000000000001
2026-02-17 10:00:00,32.31333333333333,65.72666666666667,0.0,0.9400000000000001,1.6470463333333332,39.25
2026-02-17 11:00:00,35.01,60.72666666666667,0.0,0.6733333333333333,2.221970666666667,91.35666666666667
2026-02-17 12:00:00,36.39666666666667,55.76,0.0,1.6166666666666665,2.6654246666666666,104.08333333333333
2026-02-17 13:00:00,34.29666666666667,61.56,0.0,6.22,2.0754146666666666,103.97333333333334
2026-02-17 14:00:00,32.443333333333335,65.78666666666668,0.0,7.033333333333334,1.6550853333333333,93.56666666666666
2026-02-17 15:00:00,31.086666666666662,67.78666666666668,0.0,8.55,1.4468843333333332,45.53333333333333
2026-02-17 16:00:00,24.39,75.95,7.0,8.03,0.730051,29.27
2026-02-17 17:00:00,,,0.0,,,
2026-02-17 18:00:00,,,0.0,,,
2026-02-17 19:00:00,,,0.0,,,
2026-02-17 20:00:00,,,0.0,,,
2026-02-17 21:00:00,,,0.0,,,
2026-02-17 22:00:00,,,0.0,,,
2026-02-17 23:00:00,,,0.0,,,
2026-02-18 00:00:00,,,0.0,,,
2026-02-18 01:00:00,,,0.0,,,
2026-02-18 02:00:00,,,0.0,,,
2026-02-18 03:00:00,,,0.0,,,
2026-02-18 04:00:00,,,0.0,,,
2026-02-18 05:00:00,,,0.0,,,
2026-02-18 06:00:00,,,0.0,,,
2026-02-18 07:00:00,,,0.0,,,
2026-02-18 08:00:00,,,0.0,,,
2026-02-18 09:00:00,,,0.0,,,
2026-02-18 10:00:00,,,0.0,,,
2026-02-18 11:00:00,,,0.0,,,
2026-02-18 12:00:00,,,0.0,,,
2026-02-18 13:00:00,,,0.0,,,
2026-02-18 14:00:00,,,0.0,,,
2026-02-18 15:00:00,,,0.0,,,
2026-02-18 16:00:00,,,0.0,,,
2026-02-18 17:00:00,,,0.0,,,
2026-02-18 18:00:00,,,0.0,,,
2026-02-18 19:00:00,,,0.0,,,
2026-02-18 20:00:00,,,0.0,,,
2026-02-18 21:00:00,,,0.0,,,
2026-02-18 22:00:00,,,0.0,,,
2026-02-18 23:00:00,,,0.0,,,
2026-02-19 00:00:00,,,0.0,,,
2026-02-19 01:00:00,,,0.0,,,
2026-02-19 02:00:00,,,0.0,,,
2026-02-19 03:00:00,,,0.0,,,
2026-02-19 04:00:00,,,0.0,,,
2026-02-19 05:00:00,,,0.0,,,
2026-02-19 06:00:00,,,0.0,,,
2026-02-19 07:00:00,,,0.0,,,
2026-02-19 08:00:00,,,0.0,,,
2026-02-19 09:00:00,30.74,58.85,0.0,2.89,1.807969,48.2
2026-02-19 10:00:00,33.075,56.515,0.0,1.19,2.1837535,74.33
2026-02-19 11:00:00,34.86333333333334,51.50333333333333,0.0,4.036666666666666,2.685743,104.84999999999998
2026-02-19 12:00:00,35.986666666666665,48.48666666666667,0.0,3.9933333333333336,3.0354069999999997,104.12666666666667
2026-02-19 13:00:00,38.635,45.705,0.0,1.89,3.68951,104.22
2026-02-19 14:00:00,37.94,47.336666666666666,0.0,1.5599999999999998,3.4474699999999996,98.29
2026-02-19 15:00:00,37.45,46.915,0.0,4.25,3.3869395,78.13499999999999
2026-02-19 16:00:00,37.050000000000004,47.916666666666664,0.0,1.86,3.2512553333333334,37.56666666666667
2026-02-19 17:00:00,32.62,57.63,0.0,3.39,2.070036,12.93
2026-02-19 18:00:00,29.63,64.06333333333333,0.0,1.75,1.4863480000000002,0.7799999999999999
2026-02-19 19:00:00,26.21,73.97999999999999,0.0,0.005,0.8806165,0.0
2026-02-19 20:00:00,24.73,78.33666666666666,0.0,0.0,0.6713883333333334,0.0
2026-02-19 21:00:00,24.045,79.715,0.0,0.0,0.603206,0.0
2026-02-19 22:00:00,23.74,79.865,0.0,0.0,0.5879129999999999,0.0
2026-02-19 23:00:00,23.473333333333333,80.28666666666668,0.0,0.0,0.566496,0.0
2026-02-20 00:00:00,23.19666666666667,80.22,0.0,0.0,0.5590583333333333,0.0
2026-02-20 01:00:00,23.3,80.61500000000001,0.0,0.0,0.5512589999999999,0.0
2026-02-20 02:00:00,22.99,80.48,0.0,0.0,0.544834,0.0
2026-02-20 03:00:00,22.86,80.625,0.0,0.0,0.5366105000000001,0.0
2026-02-20 04:00:00,22.535,80.765,0.0,0.0,0.5223249999999999,0.0
2026-02-20 05:00:00,22.535,80.805,0.0,0.0,0.5212495,0.0
2026-02-20 06:00:00,22.116666666666664,80.82666666666667,0.0,0.0,0.5076306666666667,0.9766666666666667
2026-02-20 07:00:00,24.174999999999997,79.63,0.0,0.0,0.611802,18.805
2026-02-20 08:00:00,27.675,70.22999999999999,0.0,0.98,1.1056,44.08
2026-02-20 09:00:00,30.286666666666665,61.669999999999995,0.0,1.1566666666666665,1.6435073333333332,58.800000000000004
2026-02-20 10:00:00,33.76,51.65,0.0,3.83,2.517439,103.64
2026-02-20 11:00:00,34.63,49.599999999999994,0.0,3.2,2.754715,104.75999999999999
2026-02-20 12:00:00,35.79333333333333,48.4,0.0,2.9800000000000004,3.014898,104.10666666666667
2026-02-20 13:00:00,37.166666666666664,47.14333333333334,0.0,4.0233333333333325,3.318946333333333,104.43333333333334
2026-02-20 14:00:00,37.343333333333334,47.26666666666667,0.0,3.1333333333333333,3.342546,95.92
2026-02-20 15:00:00,37.31333333333333,47.330000000000005,0.0,2.78,3.3331196666666667,73.67666666666666
2026-02-20 16:00:00,36.425,48.315,0.0,3.6500000000000004,3.1170615,45.685
2026-02-20 17:00:00,35.983333333333334,49.07,0.0,0.3233333333333333,3.010681333333333,17.416666666666668
2026-02-20 18:00:00,29.103333333333335,62.669999999999995,0.0,0.0,1.535766,0.4033333333333333
2026-02-20 19:00:00,25.375,74.515,0.0,0.0,0.821492,0.0
2026-02-20 20:00:00,23.96,78.28,0.0,0.0,0.642603,0.0
2026-02-20 21:00:00,23.63,79.515,0.0,0.0,0.5942095000000001,0.0
2026-02-20 22:00:00,23.015,79.905,0.0,0.0,0.561787,0.0
2026-02-20 23:00:00,22.573333333333334,80.08666666666666,0.0,0.0,0.5420213333333334,0.0
2026-02-21 00:00:00,22.4,80.34,0.0,0.47,0.5295255000000001,0.0
2026-02-21 01:00:00,22.405,80.49000000000001,0.0,0.0,0.5256425,0.0
2026-02-21 02:00:00,22.46666666666667,80.42666666666668,0.0,0.0,0.5293260000000001,0.0
2026-02-21 03:00:00,22.21,80.45,0.0,0.0,0.520536,0.0
2026-02-21 04:00:00,22.03,80.515,0.0,0.0,0.5131695000000001,0.0
2026-02-21 05:00:00,21.69333333333333,80.55333333333333,0.0,0.0,0.501783,0.0
2026-02-21 06:00:00,21.286666666666665,80.64333333333333,0.0,0.0,0.4872256666666667,0.7733333333333333
2026-02-21 07:00:00,24.0,80.065,0.0,0.0,0.5931865000000001,19.73
2026-02-21 08:00:00,27.52,72.205,0.0,0.0,1.0177775,38.61
2026-02-21 09:00:00,31.97666666666667,61.79333333333333,0.0,1.0966666666666667,1.8064923333333336,67.18333333333334
2026-02-21 10:00:00,33.185,57.739999999999995,0.0,0.89,2.1309475,79.5
2026-02-21 11:00:00,34.715,53.905,0.0,1.475,2.533548,104.59
2026-02-21 12:00:00,36.84,49.239999999999995,0.0,2.065,3.1306380000000003,104.22999999999999
2026-02-21 13:00:00,34.06,56.73,0.0,7.27,2.290791,104.05
2026-02-21 14:00:00,33.800000000000004,60.01666666666667,0.0,7.376666666666668,2.087116,98.47000000000001
2026-02-21 15:00:00,32.47333333333333,63.18666666666667,0.0,8.453333333333333,1.7842669999999998,67.82333333333334
2026-02-21 16:00:00,31.493333333333336,64.71666666666667,0.0,8.516666666666667,1.6182976666666666,36.75
2026-02-21 17:00:00,30.156666666666666,66.90333333333334,0.0,9.553333333333333,1.407871,13.206666666666669
2026-02-21 18:00:00,28.945,69.89,0.0,10.235,1.1938595,0.76
2026-02-21 19:00:00,28.545,71.55,0.0,6.800000000000001,1.102344,0.0
2026-02-21 20:00:00,28.16,72.28999999999999,0.0,5.445,1.0498715,0.0
2026-02-21 21:00:00,27.545,74.215,0.0,0.37,0.944223,0.0
2026-02-21 22:00:00,26.61,77.07,0.0,0.17666666666666667,0.7936753333333333,0.0
2026-02-21 23:00:00,26.625,76.86500000000001,0.0,0.005,0.8020095,0.0
2026-02-22 00:00:00,25.2,79.94,0.0,0.0,0.638985,0.0
2026-02-22 01:00:00,24.72666666666667,80.45333333333333,0.0,0.0,0.605392,0.0
2026-02-22 02:00:00,24.393333333333334,80.70333333333333,0.0,0.0,0.5858949999999999,0.0
2026-02-22 03:00:00,24.173333333333332,80.78333333333333,0.0,0.0,0.5758463333333333,0.0
2026-02-22 04:00:00,24.064999999999998,80.91499999999999,0.0,0.0,0.568213,0.0
2026-02-22 05:00:00,23.91,80.89,0.0,0.0,0.563693,0.0
2026-02-22 06:00:00,23.84,80.96,0.0,0.0,0.5593003333333333,0.5166666666666667
2026-02-22 07:00:00,25.106666666666666,81.11666666666667,0.0,0.0,0.5990416666666667,13.356666666666667
2026-02-22 08:00:00,29.049999999999997,73.015,0.0,0.0,1.0767989999999998,25.025
2026-02-22 09:00:00,30.633333333333336,68.60333333333334,0.0,2.643333333333333,1.3722126666666667,71.39666666666666
2026-02-22 10:00:00,30.52,67.98,0.0,3.62,1.389331,39.73
2026-02-22 11:00:00,31.810000000000002,65.005,0.0,6.275,1.634595,105.14500000000001
2026-02-22 12:00:00,32.42,63.53,0.0,7.66,1.7620205,105.14
2026-02-22 13:00:00,32.46,63.67666666666667,0.0,7.54,1.758778333333333,104.69666666666667
2026-02-22 14:00:00,32.335,63.875,0.0,8.89,1.7371575,100.045
2026-02-22 15:00:00,32.07666666666667,63.74333333333333,0.0,8.62,1.7181146666666667,71.27333333333333
2026-02-22 16:00:00,31.176666666666666,65.78,0.0,7.739999999999999,1.5414703333333335,37.25666666666667
2026-02-22 17:00:00,30.67,67.03999999999999,0.0,4.484999999999999,1.4432925,16.875
2026-02-22 18:00:00,28.74,70.86,0.0,4.626666666666666,1.142418,1.0966666666666667
2026-02-22 19:00:00,27.13,75.515,0.0,0.0,0.87612,0.0
2026-02-22 20:00:00,25.945,78.5,0.0,0.0,0.7159264999999999,0.0
2026-02-22 21:00:00,25.29,79.63,0.0,0.0,0.6523725,0.0
2026-02-22 22:00:00,24.77,80.16666666666667,0.0,0.0,0.6159373333333333,0.0
2026-02-22 23:00:00,24.415,80.45,0.0,0.0,0.5943590000000001,0.0
2026-02-23 00:00:00,24.290000000000003,80.74333333333334,0.0,0.0,0.581079,0.0
2026-02-23 01:00:00,24.21666666666667,80.84333333333333,0.0,0.0,0.575568,0.0
2026-02-23 02:00:00,24.35,81.015,0.0,0.0,0.574924,0.0
2026-02-23 03:00:00,23.94333333333333,80.97666666666667,0.0,0.016666666666666666,0.5622569999999999,0.0
2026-02-23 04:00:00,23.78333333333333,81.11,0.0,0.006666666666666667,0.5529916666666667,0.0
2026-02-23 05:00:00,23.845,81.11500000000001,0.0,0.055,0.5548915,0.0
2026-02-23 06:00:00,23.606666666666666,81.12,0.0,0.21333333333333335,0.5468696666666667,1.0533333333333335
2026-02-23 07:00:00,24.725,81.0,0.0,0.03,0.5891545,11.74
2026-02-23 08:00:00,28.18,74.83,0.0,0.64,0.958419,40.875
2026-02-23 09:00:00,31.565,68.16499999999999,0.0,1.54,1.4663965,56.94499999999999
2026-02-23 10:00:00,32.97,64.53666666666668,0.0,1.9633333333333332,1.7671569999999999,85.26333333333334
2026-02-23 11:00:00,33.696666666666665,63.199999999999996,0.0,3.3233333333333337,1.9113266666666666,96.58333333333333
2026-02-23 12:00:00,33.67,62.675,0.0,1.81,1.9341914999999998,87.58
2026-02-23 13:00:00,33.43333333333334,63.21666666666667,0.0,7.343333333333334,1.8815586666666668,100.52333333333333
2026-02-23 14:00:00,33.36,63.7,0.0,8.83,1.848401,94.36
2026-02-23 15:00:00,33.23,63.35,0.0,7.71,1.8540653333333335,75.99000000000001
2026-02-23 16:00:00,32.25,65.055,0.0,7.025,1.6737475000000002,44.445
2026-02-23 17:00:00,30.736666666666668,68.07666666666667,0.0,6.113333333333333,1.4054173333333333,14.826666666666668
2026-02-23 18:00:00,28.886666666666667,71.70333333333333,0.0,2.063333333333333,1.1189743333333333,0.34
2026-02-23 19:00:00,27.426666666666666,75.72666666666667,0.0,0.0,0.883487,0.0
2026-02-23 20:00:00,26.23,78.83333333333333,0.0,0.0,0.7165966666666667,0.0
2026-02-23 21:00:00,25.965000000000003,79.765,0.0,0.065,0.674381,0.0
2026-02-23 22:00:00,25.34,80.37,0.0,0.0,0.630519,0.0
2026-02-23 23:00:00,25.225,80.7,0.0,0.0,0.61568,0.0
2026-02-24 00:00:00,25.473333333333333,80.73666666666666,0.0,0.0,0.623612,0.0
2026-02-24 01:00:00,25.486666666666665,80.69666666666667,0.0,0.0,0.6253856666666667,0.0
2026-02-24 02:00:00,25.38,80.85,0.0,0.035,0.6165484999999999,0.0
2026-02-24 03:00:00,25.123333333333335,80.92666666666668,0.0,0.25666666666666665,0.604792,0.0
2026-02-24 04:00:00,24.805,80.95,0.0,0.0,0.592751,0.0
2026-02-24 05:00:00,24.439999999999998,81.13,0.0,0.0,0.5745825,0.0
2026-02-24 06:00:00,24.24666666666667,81.23,0.0,0.0,0.5649276666666666,0.5433333333333333
2026-02-24 07:00:00,25.490000000000002,81.215,0.0,0.0,0.6095010000000001,14.205
2026-02-24 08:00:00,29.060000000000002,74.15333333333334,0.0,0.48,1.0484030000000002,39.52333333333333
2026-02-24 09:00:00,31.786666666666665,66.67666666666666,0.0,1.16,1.5539603333333334,67.39333333333333
2026-02-24 10:00:00,32.225,64.765,0.0,3.3200000000000003,1.683672,102.465
2026-02-24 11:00:00,33.22,63.346666666666664,0.0,1.54,1.8519096666666666,53.24
2026-02-24 12:00:00,33.32,63.370000000000005,0.0,3.1466666666666665,1.8614146666666667,101.33333333333333
2026-02-24 13:00:00,33.10333333333333,64.08333333333333,0.0,6.203333333333333,1.802875,104.89333333333333
2026-02-24 14:00:00,32.375,65.425,0.0,8.84,1.666418,101.0
2026-02-24 15:00:00,31.51,66.16,0.0,12.456666666666665,1.5533023333333331,83.44666666666667
2026-02-24 16:00:00,31.395000000000003,66.575,0.0,9.015,1.524141,50.6
2026-02-24 17:00:00,28.939999999999998,71.39,0.0,1.5699999999999998,1.1339,7.22
2026-02-24 18:00:00,29.290000000000003,71.28666666666668,0.0,6.8066666666666675,1.1617913333333334,1.5233333333333334
2026-02-24 19:00:00,28.505000000000003,73.415,0.0,2.545,1.027621,0.0
2026-02-24 20:00:00,28.37,74.13,0.0,1.29,0.992152,0.0
2026-02-24 21:00:00,27.09,77.16333333333334,0.0,0.16333333333333333,0.8132183333333334,0.0
2026-02-24 22:00:00,26.959999999999997,77.32666666666667,0.0,0.47333333333333333,0.8012643333333335,0.0
2026-02-24 23:00:00,25.924999999999997,76.38,0.0,0.0,0.785317,0.0
2026-02-25 00:00:00,25.62,77.41666666666667,0.0,0.16,0.7374876666666667,0.0
2026-02-25 01:00:00,24.8,78.49333333333334,0.0,0.0,0.6693206666666667,0.0
2026-02-25 02:00:00,24.28,80.105,0.0,0.0,0.6000099999999999,0.0
2026-02-25 03:00:00,24.105,80.575,0.0,0.0,0.579704,0.0
2026-02-25 04:00:00,24.085,80.565,0.0,0.0,0.5793055,0.0
2026-02-25 05:00:00,23.766666666666666,80.72666666666667,0.0,0.0,0.5636800000000001,0.0
2026-02-25 06:00:00,23.736666666666668,80.94333333333333,0.0,0.0,0.5563266666666666,0.25
2026-02-25 07:00:00,25.75,78.98,0.0,0.005,0.7018500000000001,23.104999999999997
2026-02-25 08:00:00,30.955,68.93,0.0,0.625,1.381867,41.864999999999995
2026-02-25 09:00:00,32.09,67.13,0.0,0.06,1.558792,62.82
2026-02-25 10:00:00,32.75,66.265,0.0,0.68,1.660283,73.9
2026-02-25 11:00:00,33.406666666666666,64.52,0.0,2.223333333333333,1.815389,79.51
2026-02-25 12:00:00,34.364999999999995,62.175,0.0,5.050000000000001,2.0378730000000003,81.4
2026-02-25 13:00:00,31.105000000000004,68.355,4.0,4.615,1.451521,36.08
2026-02-25 14:00:00,31.656666666666666,68.04666666666667,0.2,2.4033333333333333,1.4859736666666665,102.31
2026-02-25 15:00:00,32.855000000000004,64.03999999999999,0.0,8.325,1.7802935,84.06
2026-02-25 16:00:00,32.575,63.79,0.0,6.050000000000001,1.7648215,64.095
2026-02-25 17:00:00,31.33,66.515,0.0,2.275,1.528421,11.26
2026-02-25 18:00:00,29.450000000000003,70.44,0.0,7.585,1.2071635,2.455
2026-02-25 19:00:00,28.650000000000002,72.45,0.0,1.7366666666666666,1.0739953333333334,0.0
2026-02-25 20:00:00,26.39,71.66000000000001,0.0,0.45333333333333337,0.9691306666666666,0.0
2026-02-25 21:00:00,25.57,73.955,0.0,0.0,0.8479845,0.0
2026-02-25 22:00:00,25.53,75.13,0.0,0.0,0.807816,0.0
2026-02-25 23:00:00,25.236666666666668,76.19333333333333,0.0,0.016666666666666666,0.7603206666666665,0.0
2026-02-26 00:00:00,24.97666666666667,78.34333333333335,0.0,0.13,0.6807613333333333,0.0
2026-02-26 01:00:00,25.09,78.39,0.0,0.055,0.6839409999999999,0.0
2026-02-26 02:00:00,25.075000000000003,79.705,0.0,0.0,0.6417299999999999,0.0
2026-02-26 03:00:00,25.27,80.265,0.0,0.0,0.6312325000000001,0.0
2026-02-26 04:00:00,25.115000000000002,80.64,0.0,0.0,0.613583,0.0
2026-02-26 05:00:00,24.74,80.73,0.0,0.0,0.597273,0.0
2026-02-26 06:00:00,24.55333333333333,81.05,0.0,0.0,0.580861,0.8333333333333334
2026-02-26 07:00:00,26.735,78.54,0.0,0.08,0.751055,27.525
2026-02-26 08:00:00,29.743333333333336,71.30333333333334,0.0,0.10333333333333333,1.1934966666666667,49.196666666666665
2026-02-26 09:00:00,31.655,67.405,0.0,3.2199999999999998,1.5088759999999999,59.03
2026-02-26 10:00:00,32.10666666666666,65.86,0.0,3.1666666666666665,1.6246696666666667,97.46666666666665
2026-02-26 11:00:00,33.550000000000004,61.653333333333336,0.0,3.93,1.973717,102.03333333333335
2026-02-26 12:00:00,32.89666666666667,62.96333333333333,0.0,7.44,1.8382733333333334,104.66000000000001
2026-02-26 13:00:00,32.769999999999996,63.665,0.0,5.51,1.7906535,104.725
2026-02-26 14:00:00,32.96666666666667,63.25333333333333,0.0,9.59,1.8307993333333332,99.69666666666666
2026-02-26 15:00:00,32.12,64.73333333333333,0.0,7.903333333333333,1.6763233333333334,77.51333333333334
2026-02-26 16:00:00,31.174999999999997,66.34,0.0,9.105,1.5158935,47.08
2026-02-26 17:00:00,30.235,66.765,0.0,6.335,1.419041,21.57
2026-02-26 18:00:00,29.146666666666665,70.67666666666666,0.0,6.093333333333334,1.1768973333333335,0.6733333333333333
2026-02-26 19:00:00,28.33,71.63,0.0,1.3900000000000001,1.0858225,0.0
2026-02-26 20:00:00,27.04,75.35,0.0,0.025,0.8750545000000001,0.0
2026-02-26 21:00:00,26.419999999999998,77.22000000000001,0.0,0.44333333333333336,0.7798376666666668,0.0
2026-02-26 22:00:00,25.57,79.055,0.0,0.0,0.6819365,0.0
2026-02-26 23:00:00,25.33,79.08000000000001,0.0,0.0,0.671606,0.0
2026-02-27 00:00:00,25.063333333333333,79.41000000000001,0.0,0.0,0.6505866666666666,0.0
2026-02-27 01:00:00,25.036666666666665,79.41000000000001,0.0,0.0,0.6495306666666667,0.0
2026-02-27 02:00:00,24.73,79.92,1.4,0.35333333333333333,0.622329,0.0
2026-02-27 03:00:00,23.692,80.726,4.199999999999999,1.682,0.5612152,0.0
2026-02-27 04:00:00,23.676666666666666,81.20333333333333,0.4,0.6133333333333334,0.5467546666666667,0.0
2026-02-27 05:00:00,23.313333333333333,81.06,0.0,0.63,0.5390393333333333,0.0
2026-02-27 06:00:00,23.215000000000003,81.11500000000001,0.0,0.015,0.534294,0.205
2026-02-27 07:00:00,23.715,81.265,0.0,0.03,0.546223,9.0
2026-02-27 08:00:00,25.516666666666666,78.58666666666666,0.0,1.9233333333333331,0.698763,50.06
2026-02-27 09:00:00,28.376666666666665,72.76,0.0,2.4566666666666666,1.0477013333333334,60.31666666666666
2026-02-27 10:00:00,30.853333333333335,66.98666666666666,0.0,2.793333333333333,1.462885,88.04666666666667
2026-02-27 11:00:00,27.5,72.87,0.0,3.236666666666667,1.0216853333333333,29.97
2026-02-27 12:00:00,29.30666666666667,68.51,0.0,1.17,1.2782783333333334,83.82000000000001
2026-02-27 13:00:00,30.625,68.74,0.0,2.2,1.364919,75.83
2026-02-27 14:00:00,28.649999999999995,76.50333333333333,0.0,2.02,0.963775,18.81
2026-02-27 15:00:00,27.740000000000002,77.53999999999999,0.0,0.455,0.834011,44.24
2026-02-27 16:00:00,30.145,70.565,0.0,5.09,1.2504845,52.635000000000005
2026-02-27 17:00:00,31.099999999999998,67.28333333333335,0.0,3.4566666666666666,1.4690113333333332,28.28
2026-02-27 18:00:00,29.07,71.765,0.0,0.58,1.1307335,2.465
2026-02-27 19:00:00,26.93,78.5,0.0,0.0,0.758285,0.0
2026-02-27 20:00:00,25.936666666666667,78.51333333333334,0.0,0.0,0.715361,0.0
2026-02-27 21:00:00,25.005000000000003,80.19,0.0,0.0,0.6237794999999999,0.0
2026-02-27 22:00:00,24.72666666666667,80.69333333333333,0.0,0.0,0.5979453333333333,0.0
2026-02-27 23:00:00,24.564999999999998,80.86500000000001,0.0,0.0,0.58694,0.0
2026-02-28 00:00:00,24.186666666666667,81.01666666666667,0.0,0.0,0.5693033333333334,0.0
2026-02-28 01:00:00,23.94333333333333,81.16666666666667,0.0,0.19333333333333333,0.5566456666666667,0.0
2026-02-28 02:00:00,23.736666666666668,81.22000000000001,0.0,0.0,0.548249,0.0
2026-02-28 03:00:00,23.65,81.34,0.0,0.0,0.5419134999999999,0.0
2026-02-28 04:00:00,23.515,81.305,0.0,0.0,0.5385495,0.0
2026-02-28 05:00:00,23.3,81.29333333333334,0.0,0.0,0.531968,0.0
2026-02-28 06:00:00,23.3,81.39,0.0,0.05,0.5292254999999999,0.34
2026-02-28 07:00:00,24.285,81.61500000000001,0.0,0.0,0.5548755000000001,12.42
2026-02-28 08:00:00,28.913333333333338,74.74333333333333,0.0,0.7633333333333333,1.0118016666666667,49.06666666666666
2026-02-28 09:00:00,31.073333333333334,68.73666666666666,0.0,1.0433333333333332,1.4002999999999999,37.626666666666665
2026-02-28 10:00:00,31.72,66.94,0.0,3.585,1.5358915,71.765
2026-02-28 11:00:00,34.215,62.925,0.0,4.05,1.98026,100.6
2026-02-28 12:00:00,35.375,61.59,0.0,1.64,2.1906195,85.27000000000001
2026-02-28 13:00:00,29.55666666666667,70.44333333333333,0.0,2.3433333333333333,1.216327,31.976666666666663
2026-02-28 14:00:00,29.575000000000003,70.43,0.0,1.06,1.217247,48.69499999999999
2026-02-28 15:00:00,30.37,69.51,0.0,1.29,1.3153723333333334,47.64333333333334
2026-02-28 16:00:00,32.193333333333335,64.08666666666667,0.0,7.853333333333334,1.713285,67.51
2026-02-28 17:00:00,31.564999999999998,65.24000000000001,0.0,5.665,1.600848,37.345
2026-02-28 18:00:00,29.916666666666668,68.89333333333333,0.0,3.6966666666666668,1.3076543333333335,5.743333333333333
2026-02-28 19:00:00,28.14,73.25999999999999,0.0,1.9266666666666665,1.015041,0.0
2026-02-28 20:00:00,26.52333333333333,78.09333333333333,0.0,0.0,0.7554713333333334,0.0
2026-02-28 21:00:00,25.4,79.755,0.0,0.0,0.6526325,0.0
2026-02-28 22:00:00,25.006666666666664,80.36333333333333,0.0,0.0,0.6184843333333333,0.0
2026-02-28 23:00:00,24.48,80.7,0.0,0.0,0.589014,0.0
2026-03-01 00:00:00,24.395000000000003,81.08,0.0,0.0,0.5744965,0.0
2026-03-01 01:00:00,23.89,81.065,0.0,0.0,0.5578784999999999,0.0
2026-03-01 02:00:00,23.384999999999998,81.09,0.0,0.0,0.5405065,0.0
2026-03-01 03:00:00,23.475,81.155,0.0,0.0,0.5415665000000001,0.0
2026-03-01 04:00:00,23.14,81.20333333333333,0.0,0.0,0.5294053333333334,0.0
2026-03-01 05:00:00,22.905,81.175,0.0,0.0,0.5227565000000001,0.0
2026-03-01 06:00:00,23.105,81.22999999999999,0.0,0.28,0.5275385,0.545
2026-03-01 07:00:00,24.305,81.36500000000001,0.0,0.0,0.5631189999999999,13.275
2026-03-01 08:00:00,29.03333333333333,74.37666666666667,0.0,0.6166666666666667,1.0315079999999999,52.88666666666666
2026-03-01 09:00:00,32.01,67.54,0.0,2.45,1.538324,82.88499999999999
2026-03-01 10:00:00,28.433333333333334,74.29333333333334,0.2,2.733333333333333,0.9936133333333332,21.790000000000003
2026-03-01 11:00:00,29.75,73.69999999999999,0.0,1.495,1.10854,48.894999999999996
2026-03-01 12:00:00,32.31,64.98333333333333,0.0,5.283333333333333,1.6838056666666665,102.80333333333333
2026-03-01 13:00:00,28.605,73.39,0.2,1.9675,1.057052,21.46
2026-03-01 14:00:00,30.02,72.08,0.0,1.1633333333333333,1.1906013333333334,65.54
2026-03-01 15:00:00,33.49,61.39333333333334,0.0,4.92,1.9792379999999998,92.23666666666668
2026-03-01 16:00:00,33.417500000000004,57.6525,0.0,4.335,2.1639225,53.275
2026-03-01 17:00:00,32.986000000000004,56.628,0.0,4.986,2.1636598,27.85
2026-03-01 18:00:00,30.21166666666667,63.995000000000005,0.0,1.9316666666666666,1.5416041666666667,2.211666666666667
2026-03-01 19:00:00,26.904000000000003,72.786,0.0,0.054000000000000006,0.9598076000000001,0.0
2026-03-01 20:00:00,25.173333333333332,77.00333333333333,0.0,0.03666666666666667,0.7322755000000001,0.0
2026-03-01 21:00:00,24.18,79.426,0.0,0.0,0.6167986,0.0
2026-03-01 22:00:00,23.45,79.7025,0.0,0.0,0.582497,0.0
2026-03-01 23:00:00,22.982,79.792,0.0,0.0,0.5637570000000001,0.0
2026-03-02 00:00:00,22.538,80.402,0.0,0.0,0.5323468,0.0
2026-03-02 01:00:00,22.048,80.45400000000001,0.0,0.0,0.5153496000000001,0.0
2026-03-02 02:00:00,21.650000000000002,80.64333333333333,0.0,0.0,0.49814866666666663,0.0
2026-03-02 03:00:00,21.41,80.582,0.0,0.0,0.49248839999999994,0.0
2026-03-02 04:00:00,21.0225,80.6975,0.0,0.0,0.47809225,0.0
2026-03-02 05:00:00,20.78,80.772,0.0,0.0,0.4692144,0.0
2026-03-02 06:00:00,20.785,80.73166666666667,0.0,0.0,0.4703478333333333,1.4533333333333334
2026-03-02 07:00:00,23.384999999999998,79.8275,0.0,0.0425,0.584328,20.66
2026-03-02 08:00:00,29.369999999999997,68.672,0.0,0.6839999999999999,1.2894702,55.318000000000005
2026-03-02 09:00:00,32.586666666666666,64.405,0.0,1.4266666666666667,1.7379769999999999,80.67333333333333
2026-03-02 10:00:00,33.89166666666667,62.11666666666667,0.0,1.345,1.9927668333333333,85.98333333333333
2026-03-02 11:00:00,34.5975,60.305,0.0,3.1225,2.17244625,84.0775
2026-03-02 12:00:00,34.5875,60.185,0.0,4.7924999999999995,2.1715637500000002,77.125
2026-03-02 13:00:00,34.215,62.215,0.0,3.95,2.020863,57.92
2026-03-02 14:00:00,34.202,62.024,0.0,6.92,2.0265926,99.84
2026-03-02 15:00:00,34.13333333333333,62.254999999999995,0.0,6.048333333333333,2.007413666666667,90.545
2026-03-02 16:00:00,33.220000000000006,64.55799999999999,0.0,6.792,1.7910446,49.141999999999996
2026-03-02 17:00:00,31.755000000000003,67.4525,0.0,6.4925,1.51759975,21.4575
2026-03-02 18:00:00,29.704,71.532,0.0,6.786,1.179917,1.9600000000000002
2026-03-02 19:00:00,28.834999999999997,73.34833333333334,0.0,3.5583333333333336,1.0500773333333333,0.0
2026-03-02 20:00:00,27.272000000000002,76.798,0.0,0.0,0.8380846,0.0
2026-03-02 21:00:00,26.061666666666667,79.60000000000001,0.0,0.0,0.6839203333333334,0.0
2026-03-02 22:00:00,25.374000000000002,80.19800000000001,0.0,0.0,0.6373844,0.0
2026-03-02 23:00:00,25.18,80.565,0.0,0.0,0.6183355,0.0
2026-03-03 00:00:00,24.531666666666666,80.72833333333334,0.0,0.0,0.5899725,0.0
2026-03-03 01:00:00,24.192,80.71400000000001,0.0,0.0,0.5785674000000001,0.0
2026-03-03 02:00:00,23.5625,80.7325,0.0,0.0,0.55666025,0.0
2026-03-03 03:00:00,23.3425,80.815,0.0,0.0,0.546989,0.0
2026-03-03 04:00:00,23.041666666666668,80.88166666666667,0.0,0.0,0.5352953333333333,0.0
2026-03-03 05:00:00,22.895999999999997,80.846,0.0,0.0,0.5316042,0.0
2026-03-03 06:00:00,22.82,80.838,0.0,0.0,0.52938,1.294
2026-03-03 07:00:00,24.612000000000002,80.252,0.0,0.014000000000000002,0.6109828,17.598
2026-03-03 08:00:00,29.490000000000002,72.64500000000001,0.0,0.5700000000000001,1.133875,52.1475
2026-03-03 09:00:00,32.75,66.42833333333333,0.0,1.0333333333333334,1.6544258333333335,74.71666666666667
2026-03-03 10:00:00,32.732,64.444,0.0,2.67,1.7482748000000001,71.174
2026-03-03 11:00:00,34.193333333333335,61.18166666666667,0.0,4.003333333333333,2.073387,96.33666666666666
2026-03-03 12:00:00,34.74,59.64,0.0,3.7299999999999995,2.218706,83.74000000000001
2026-03-03 13:00:00,35.09666666666667,60.73,0.0,4.383333333333334,2.2020536666666666,104.73833333333334
2026-03-03 14:00:00,34.336666666666666,62.69333333333333,0.0,7.546666666666667,2.0058556666666667,103.06333333333333
2026-03-03 15:00:00,34.199999999999996,63.696666666666665,0.0,5.535,1.9371746666666665,91.71
2026-03-03 16:00:00,33.291999999999994,65.104,0.0,6.256,1.7703492,47.775999999999996
2026-03-03 17:00:00,32.25,67.18333333333334,0.0,5.43,1.570778,21.143333333333334
2026-03-03 18:00:00,30.038,70.938,0.0,2.17,1.2299598,1.92
2026-03-03 19:00:00,28.57,74.0275,0.0,0.6125,1.0081435,0.0
2026-03-03 20:00:00,26.738,78.578,0.0,0.0,0.7480249999999999,0.0
2026-03-03 21:00:00,25.925,80.0975,0.0,0.0,0.66176175,0.0
2026-03-03 22:00:00,25.546666666666667,80.36833333333334,0.0,0.018333333333333333,0.6383126666666666,0.0
2026-03-03 23:00:00,25.07166666666667,80.61,0.0,0.0,0.6130161666666667,0.0
2026-03-04 00:00:00,24.855,80.89,0.0,0.0,0.5963825,0.0
2026-03-04 01:00:00,24.314,80.842,0.0,0.0,0.5789275999999999,0.0
2026-03-04 02:00:00,24.2075,81.045,0.0,0.0,0.56917025,0.0
2026-03-04 03:00:00,24.085,81.08,0.0,0.0,0.563961,0.0
2026-03-04 04:00:00,23.64,80.94,0.0,0.0,0.5532091666666666,0.0
2026-03-04 05:00:00,23.508,81.062,0.0,0.0,0.5453256000000001,0.0
2026-03-04 06:00:00,23.419999999999998,81.092,0.0,0.016,0.5415984,1.156
2026-03-04 07:00:00,24.916,81.36800000000001,0.0,0.0,0.5843923999999999,13.786000000000001
2026-03-04 08:00:00,28.381666666666664,76.615,0.0,0.0033333333333333335,0.9148418333333334,43.23833333333334
2026-03-04 09:00:00,32.817499999999995,66.03999999999999,0.0,1.1975,1.68175425,67.96000000000001
2026-03-04 10:00:00,33.834,61.472,0.0,0.62,2.0210502000000004,86.082
2026-03-04 11:00:00,36.29,56.3225,0.0,1.25,2.61659975,105.0925
2026-03-04 12:00:00,34.33166666666667,59.99166666666667,0.0,2.57,2.1543491666666665,72.48333333333333
2026-03-04 13:00:00,34.134,60.662,0.0,6.822,2.0915854000000005,104.744
2026-03-04 14:00:00,33.346666666666664,62.685,0.0,8.265,1.8990171666666669,99.61166666666668
2026-03-04 15:00:00,33.2525,63.197500000000005,0.0,7.1925,1.8629769999999999,94.36500000000001
2026-03-04 16:00:00,32.6275,62.92,0.0,6.9399999999999995,1.81245725,52.62
2026-03-04 17:00:00,31.689999999999998,63.705999999999996,0.0,5.14,1.6835571999999999,21.856
2026-03-04 18:00:00,29.992,67.602,0.0,2.834,1.3669528,2.246
2026-03-04 19:00:00,26.667499999999997,76.50999999999999,0.0,0.005,0.816447,0.0
2026-03-04 20:00:00,25.683333333333334,78.985,0.0,0.0,0.6891916666666668,0.0
2026-03-04 21:00:00,25.011666666666667,80.02666666666666,0.0,0.07166666666666667,0.6292013333333334,0.0
2026-03-04 22:00:00,24.363333333333333,79.94333333333333,0.0,0.0,0.6078006666666667,0.0
2026-03-04 23:00:00,23.5275,80.015,0.0,0.0,0.57620425,0.0
2026-03-05 00:00:00,23.21,80.35799999999999,0.0,0.0,0.555553,0.0
2026-03-05 01:00:00,23.098000000000003,80.524,0.0,0.0,0.547185,0.0
2026-03-05 02:00:00,23.005,80.68,0.0,0.0,0.539744,0.0
2026-03-05 03:00:00,23.02,80.77799999999999,0.0,0.0,0.5374956,0.0
2026-03-05 04:00:00,22.701666666666668,80.74499999999999,0.0,0.0,0.528181,0.0
2026-03-05 05:00:00,22.62,80.84,0.0,0.0025,0.52296875,0.0
2026-03-05 06:00:00,22.811666666666667,80.97166666666666,0.0,0.25666666666666665,0.5254331666666666,1.1099999999999999
2026-03-05 07:00:00,24.742,80.758,0.0,0.0,0.5986100000000001,16.038
2026-03-05 08:00:00,29.94,72.9075,0.0,0.045,1.1383075,47.545
2026-03-05 09:00:00,31.646000000000004,68.332,0.0,0.7539999999999999,1.473091,62.23199999999999
2026-03-05 10:00:00,28.877499999999998,70.4325,0.0,3.6075,1.17366075,34.1025
2026-03-05 11:00:00,33.989999999999995,61.012,0.0,2.026,2.066765,104.654
2026-03-05 12:00:00,33.574999999999996,59.968333333333334,0.0,4.77,2.0637328333333333,88.44666666666666
2026-03-05 13:00:00,32.4875,62.015,0.0,8.565000000000001,1.8440397499999999,79.6
2026-03-05 14:00:00,33.419999999999995,59.068333333333335,0.0,8.293333333333333,2.0913844999999998,100.58
2026-03-05 15:00:00,32.934000000000005,59.477999999999994,0.0,8.51,2.0150046,93.75399999999999
2026-03-05 16:00:00,32.1,62.318,0.0,9.276,1.7886146,43.458
2026-03-05 17:00:00,31.295,64.3225,0.0,4.4175,1.619497,15.6825
2026-03-05 18:00:00,29.416000000000004,68.852,0.0,1.7719999999999998,1.2725778,1.31
2026-03-05 19:00:00,26.486,75.464,0.0,0.0,0.8459557999999999,0.0
2026-03-05 20:00:00,25.096,79.042,0.0,0.0,0.6637542,0.0
2026-03-05 21:00:00,24.400000000000002,79.33666666666666,0.0,0.0,0.6276628333333333,0.0
2026-03-05 22:00:00,23.876666666666665,79.93166666666666,0.0,0.0,0.5908264999999999,0.0
2026-03-05 23:00:00,23.69333333333333,80.24666666666667,0.0,0.0,0.5751841666666667,0.0
2026-03-06 00:00:00,23.505,80.465,0.0,0.0,0.5624025,0.0
2026-03-06 01:00:00,23.8875,80.66,0.0,0.0,0.569782,0.0
2026-03-06 02:00:00,24.192,79.766,0.0,0.318,0.6070044,0.0
2026-03-06 03:00:00,23.9325,78.7625,0.0,0.13,0.6274725,0.0
2026-03-06 04:00:00,23.183333333333334,79.905,0.0,0.0,0.5675803333333334,0.0
2026-03-06 05:00:00,22.833333333333332,80.42,0.0,0.0,0.5413806666666666,0.0
2026-03-06 06:00:00,22.5125,80.695,0.0,0.0,0.52350775,1.2825
2026-03-06 07:00:00,24.832,78.596,0.0,0.122,0.6753184,18.726
2026-03-06 08:00:00,28.3,71.11,0.0,0.6224999999999999,1.1088895,46.807500000000005
2026-03-06 09:00:00,30.974,64.652,0.0,2.6079999999999997,1.5753262,80.99
2026-03-06 10:00:00,33.4275,60.615,0.0,1.775,2.0145429999999998,95.86250000000001
2026-03-06 11:00:00,34.718,58.70399999999999,0.0,2.678,2.2686796,87.64
2026-03-06 12:00:00,35.615,56.77333333333333,0.0,1.7533333333333332,2.4959664999999998,90.38499999999999
2026-03-06 13:00:00,37.595,53.91,0.0,2.1925,2.962028,104.5625
2026-03-06 14:00:00,35.839999999999996,56.286,0.0,3.8619999999999997,2.587492,84.904
2026-03-06 15:00:00,33.17,60.438,0.0,8.744,1.9941756000000002,74.568
2026-03-06 16:00:00,26.151999999999997,69.41799999999999,0.0,5.0280000000000005,1.0337046,12.59
2026-03-06 17:00:00,25.206666666666667,72.47,0.0,2.1933333333333334,0.8774443333333334,4.38
2026-03-06 18:00:00,24.716,74.498,0.0,0.6,0.7894281999999999,0.10400000000000001
2026-03-06 19:00:00,24.224999999999998,76.96666666666667,0.0,0.0,0.6927885000000001,0.0
2026-03-06 20:00:00,23.4525,78.83250000000001,0.0,0.055,0.60771625,0.0
2026-03-06 21:00:00,23.42,78.49,0.0,0.6,0.6170365,0.0
2026-03-06 22:00:00,23.025,76.02250000000001,0.0,0.11,0.671461,0.0
2026-03-06 23:00:00,22.355,78.275,0.0,0.06,0.5838030000000001,0.0
2026-03-07 00:00:00,22.258,78.412,0.0,0.584,0.576532,0.0
2026-03-07 01:00:00,21.812,79.04,0.0,0.0,0.5448494,0.0
2026-03-07 02:00:00,21.66,80.055,0.0,0.0,0.5136051666666667,0.0
2026-03-07 03:00:00,21.4375,80.1975,0.0,0.0,0.5030865,0.0
2026-03-07 04:00:00,21.25,80.16600000000001,0.0,0.12,0.4981306,0.0
2026-03-07 05:00:00,21.14,80.25833333333334,0.0,0.0,0.4924928333333333,0.0
2026-03-07 06:00:00,21.264,80.382,0.0,0.0,0.4931214,0.736
2026-03-07 07:00:00,23.43,79.06,0.0,0.0,0.608122,20.0175
2026-03-07 08:00:00,28.4625,69.10249999999999,0.0,0.36000000000000004,1.202128,51.6075
2026-03-07 09:00:00,32.076,61.660000000000004,0.0,1.8719999999999999,1.8202922000000001,77.21600000000001
2026-03-07 10:00:00,33.178,59.428,0.0,2.766,2.0454174000000003,88.94200000000001
2026-03-07 11:00:00,34.202,57.48199999999999,0.0,2.564,2.274591,103.61399999999999
2026-03-07 12:00:00,36.14,53.8825,0.0,2.9625,2.73799975,104.5175
2026-03-07 13:00:00,37.29,51.9725,0.0,3.0975,3.0357950000000002,88.115
2026-03-07 14:00:00,37.4875,50.7625,0.0,1.995,3.146434,95.35249999999999
2026-03-07 15:00:00,36.5875,52.635,0.0,1.3800000000000001,2.8925865,42.8525
2026-03-07 16:00:00,36.983999999999995,51.032,0.0,1.286,3.0462651999999997,50.709999999999994
2026-03-07 17:00:00,33.766,56.782000000000004,0.0,1.59,2.2610376,12.72
2026-03-07 18:00:00,29.784000000000002,69.054,0.0,0.538,1.2919357999999999,0.374
2026-03-07 19:00:00,27.7,72.695,0.0,0.0625,1.009658,0.0
2026-03-07 20:00:00,25.793333333333333,77.22,0.0,0.0,0.7525013333333334,0.0
2026-03-07 21:00:00,24.926666666666666,79.12333333333333,0.0,0.0,0.6544553333333333,0.0
2026-03-07 22:00:00,24.490000000000002,79.836,0.0,0.0,0.6158096,0.0
2026-03-07 23:00:00,24.094,80.09200000000001,0.0,0.0,0.5937506,0.0
2026-03-08 00:00:00,23.753999999999998,80.31800000000001,0.0,0.0,0.575171,0.0
2026-03-08 01:00:00,23.481666666666666,80.35166666666667,0.0,0.0,0.5648906666666668,0.0
2026-03-08 02:00:00,23.276666666666667,80.385,0.0,0.0,0.5570195,0.0
2026-03-08 03:00:00,22.993333333333336,80.385,0.0,0.0,0.5476153333333333,0.0
2026-03-08 04:00:00,22.92833333333333,80.57833333333333,0.0,0.0,0.5400801666666667,0.0
2026-03-08 05:00:00,22.811666666666667,80.59666666666666,0.0,0.0,0.5357905,0.0
2026-03-08 06:00:00,22.790000000000003,80.75333333333334,0.0,0.25166666666666665,0.5307873333333334,0.8333333333333334
2026-03-08 07:00:00,24.503333333333334,80.46166666666666,0.0,0.0,0.598668,20.30666666666667
2026-03-08 08:00:00,28.768333333333334,72.36166666666666,0.0,0.4216666666666667,1.093667,52.16833333333333
2026-03-08 09:00:00,31.406666666666666,65.83333333333333,0.0,1.7,1.5704475,71.21166666666666
2026-03-08 10:00:00,33.35666666666666,60.07333333333333,0.0,2.1683333333333334,2.0338548333333333,94.55
2026-03-08 11:00:00,34.89333333333334,56.74166666666667,0.0,2.1333333333333333,2.405822666666667,102.68333333333334
2026-03-08 12:00:00,34.68666666666667,55.93166666666667,0.0,0.6266666666666666,2.4208666666666665,67.47333333333334
2026-03-08 13:00:00,36.39333333333334,52.77166666666667,0.0,0.6983333333333334,2.8504753333333332,76.06666666666666
2026-03-08 14:00:00,37.08,50.526666666666664,0.0,1.468333333333333,3.0942588333333334,76.635
2026-03-08 15:00:00,37.11833333333333,48.089999999999996,0.0,1.055,3.253906666666667,69.31333333333333
2026-03-08 16:00:00,37.97666666666667,45.415,0.0,0.6883333333333334,3.5817195,47.565
2026-03-08 17:00:00,36.52,48.54333333333333,0.0,0.5433333333333333,3.1351181666666665,16.023333333333333
2026-03-08 18:00:00,30.393333333333334,64.63833333333334,0.0,2.0066666666666664,1.5343078333333333,0.8450000000000001
2026-03-08 19:00:00,29.14833333333333,70.59,0.0,3.6466666666666665,1.1800388333333334,0.0
2026-03-08 20:00:00,27.238,73.124,0.0,0.0,0.9667768000000001,0.0
2026-03-08 21:00:00,25.018333333333334,76.99,0.0,0.0,0.7259245,0.0
2026-03-08 22:00:00,24.065,79.17333333333333,0.0,0.0,0.620166,0.0
2026-03-08 23:00:00,23.751666666666665,79.86833333333334,0.0,0.0,0.5882661666666666,0.0
2026-03-09 00:00:00,23.32166666666667,80.08166666666666,0.0,0.0,0.5671906666666666,0.0
2026-03-09 01:00:00,23.03,80.22500000000001,0.0,0.0,0.553284,0.0
2026-03-09 02:00:00,22.7,80.29333333333334,0.0,0.0,0.5405166666666666,0.0
2026-03-09 03:00:00,22.679999999999996,80.48666666666666,0.0,0.0,0.5345783333333333,0.0
2026-03-09 04:00:00,22.686666666666667,80.55166666666666,0.0,0.0,0.5329863333333333,0.0
2026-03-09 05:00:00,22.365,80.56,0.0,0.0,0.5225058333333333,0.0
2026-03-09 06:00:00,22.148333333333337,80.61166666666666,0.0,0.0,0.5143043333333334,1.1266666666666667
2026-03-09 07:00:00,24.088333333333335,79.915,0.0,0.09000000000000001,0.6016288333333334,17.351666666666667
2026-03-09 08:00:00,27.448333333333334,72.04,0.0,0.005,1.0320468333333332,45.666666666666664
2026-03-09 09:00:00,31.998333333333335,59.879999999999995,0.0,1.1583333333333334,1.8973641666666665,83.25666666666667
2026-03-09 10:00:00,33.295,57.63166666666667,0.0,2.716666666666667,2.1513455,83.54166666666667
2026-03-09 11:00:00,35.805,53.318333333333335,0.0,1.96,2.727679833333333,104.81833333333333
2026-03-09 12:00:00,36.45333333333333,52.653333333333336,0.0,1.0483333333333333,2.8622763333333334,86.38166666666666
2026-03-09 13:00:00,38.559999999999995,48.60833333333333,0.0,1.9566666666666668,3.4783223333333333,104.685
2026-03-09 14:00:00,38.50333333333333,47.20333333333334,0.0,2.2183333333333333,3.5646035,97.66000000000001
2026-03-09 15:00:00,35.96666666666666,52.89333333333334,0.0,0.03833333333333334,2.786293,25.35166666666667
2026-03-09 16:00:00,34.541666666666664,57.181666666666665,0.0,0.015,2.3295236666666668,19.333333333333332
2026-03-09 17:00:00,34.47,58.66833333333333,0.0,0.0,2.2460855,15.763333333333334
2026-03-09 18:00:00,29.570000000000004,67.405,0.0,0.5383333333333333,1.3520443333333334,0.9166666666666666
2026-03-09 19:00:00,26.72,73.96,0.0,0.23166666666666666,0.9086998333333334,0.0
2026-03-09 20:00:00,25.175,78.14833333333333,0.0,0.0,0.695541,0.0
2026-03-09 21:00:00,24.22666666666667,79.55166666666666,0.0,0.0,0.6147861666666666,0.0
2026-03-09 22:00:00,23.771666666666665,80.03166666666667,0.0,0.0,0.5841728333333333,0.0
2026-03-09 23:00:00,23.406666666666666,80.19000000000001,0.0,0.0,0.5669858333333333,0.0
2026-03-10 00:00:00,23.22,80.27666666666666,0.0,0.0,0.5581921666666667,0.0
2026-03-10 01:00:00,23.11,80.34166666666667,0.0,0.0,0.5526840000000001,0.0
2026-03-10 02:00:00,23.145,80.51,0.0,0.01,0.5491258333333333,0.0
2026-03-10 03:00:00,23.511666666666667,80.30333333333333,0.0,0.13833333333333334,0.5673143333333334,0.0
2026-03-10 04:00:00,22.965,80.20333333333333,0.0,0.006666666666666667,0.5517393333333334,0.0
2026-03-10 05:00:00,22.291666666666668,79.92333333333333,0.0,0.02,0.5372666666666667,0.0
2026-03-10 06:00:00,22.205,79.85666666666667,0.0,0.09000000000000001,0.5362318333333334,1.0650000000000002
2026-03-10 07:00:00,24.67833333333333,71.99833333333333,0.0,2.0516666666666663,0.8792338333333333,19.34
2026-03-10 08:00:00,28.415000000000003,62.93166666666667,0.0,3.315,1.4287705,53.365
2026-03-10 09:00:00,31.095,60.01166666666666,0.0,3.4450000000000003,1.7955603333333334,80.415
2026-03-10 10:00:00,32.31166666666667,58.445,0.0,4.31,1.9991246666666667,68.91666666666667
2026-03-10 11:00:00,34.42666666666667,54.94833333333333,0.0,3.84,2.4365358333333336,93.69
2026-03-10 12:00:00,35.285000000000004,53.96666666666667,0.0,2.875,2.6175188333333335,68.05333333333333
2026-03-10 13:00:00,35.31666666666667,53.678333333333335,0.0,3.5866666666666664,2.6327874999999996,102.79
2026-03-10 14:00:00,36.51166666666666,51.89333333333334,0.0,3.28,2.915332,90.20166666666667
2026-03-10 15:00:00,36.75833333333333,51.51166666666666,0.0,2.42,2.9783778333333335,86.80666666666667
2026-03-10 16:00:00,36.74333333333333,50.943333333333335,0.0,2.2333333333333334,3.0107730000000004,47.32333333333333
2026-03-10 17:00:00,34.571666666666665,53.35,0.0,0.7216666666666667,2.5425461666666664,14.495
2026-03-10 18:00:00,30.01,64.42666666666666,0.0,0.0016666666666666668,1.5246921666666668,0.7833333333333333
2026-03-10 19:00:00,26.565,73.24499999999999,0.0,0.0,0.9259631666666667,0.0
2026-03-10 20:00:00,25.08666666666667,77.52333333333333,0.0,0.0,0.7114918333333334,0.0
2026-03-10 21:00:00,24.618333333333336,78.89333333333333,0.0,0.0,0.6495346666666667,0.0
2026-03-10 22:00:00,24.495,79.39,0.0,0.0016666666666666668,0.6296054999999999,0.0
2026-03-10 23:00:00,24.545,79.31833333333333,0.0,0.0,0.6336698333333334,0.0
2026-03-11 00:00:00,24.85166666666667,78.87666666666667,0.0,0.13833333333333334,0.6591638333333333,0.0
2026-03-11 01:00:00,24.603333333333335,79.395,0.0,0.04833333333333333,0.6334986666666667,0.0
2026-03-11 02:00:00,24.458333333333332,79.84,0.0,0.0,0.6144838333333333,0.0
2026-03-11 03:00:00,24.115,80.16333333333334,0.0,0.0,0.5923628333333334,0.0
2026-03-11 04:00:00,23.935000000000002,79.485,0.0,0.0,0.6059605,0.0
2026-03-11 05:00:00,23.613333333333333,77.51166666666667,0.0,0.0,0.651896,0.0
2026-03-11 06:00:00,24.006666666666664,72.35666666666667,0.0,0.23666666666666666,0.8209566666666667,0.4583333333333333
2026-03-11 07:00:00,24.955,66.99833333333333,0.0,0.9616666666666666,1.0376506666666667,12.13
2026-03-11 08:00:00,28.854000000000003,60.477999999999994,0.0,2.7520000000000002,1.5612842,59.751999999999995
2026-03-11 09:00:00,31.268333333333334,57.165,0.0,3.69,1.9413918333333333,87.14333333333333
2026-03-11 10:00:00,32.553333333333335,54.48499999999999,0.0,5.118333333333333,2.2167606666666666,78.06333333333333
2026-03-11 11:00:00,34.915,51.153333333333336,0.0,4.151666666666666,2.7130318333333334,104.61333333333333
2026-03-11 12:00:00,36.986666666666665,49.248333333333335,0.0,1.78,3.157956,104.03833333333334
2026-03-11 13:00:00,36.93333333333333,49.79333333333333,0.0,1.72,3.1127610000000003,90.85666666666667
2026-03-11 14:00:00,35.87833333333333,50.995000000000005,0.0,2.066666666666667,2.8760006666666666,51.50333333333333
2026-03-11 15:00:00,34.93,53.35166666666667,0.0,1.8233333333333333,2.6017538333333334,55.529999999999994
2026-03-11 16:00:00,31.536666666666665,61.318333333333335,0.0,7.12,1.7810998333333332,20.356666666666666
2026-03-11 17:00:00,30.801666666666666,61.95666666666667,0.0,4.03,1.6774938333333334,17.98
2026-03-11 18:00:00,28.55666666666667,65.45666666666666,0.0,0.33166666666666667,1.3522236666666665,1.8866666666666667
2026-03-11 19:00:00,25.791666666666668,72.86,0.0,0.011666666666666667,0.8964518333333333,0.0
2026-03-11 20:00:00,25.151666666666667,76.56666666666668,0.0,0.08666666666666667,0.7443283333333333,0.0
2026-03-11 21:00:00,24.938333333333333,77.70166666666667,0.0,0.09166666666666667,0.6993595,0.0
2026-03-11 22:00:00,24.74333333333333,78.72,0.0,0.0,0.6597336666666667,0.0
2026-03-11 23:00:00,24.601666666666663,79.09833333333334,0.0,0.0016666666666666668,0.6425521666666666,0.0
2026-03-12 00:00:00,24.42833333333333,79.55666666666667,0.0,0.03666666666666667,0.6220208333333334,0.0
2026-03-12 01:00:00,24.173333333333332,79.825,0.0,0.0,0.6045550000000001,0.0
2026-03-12 02:00:00,24.231666666666666,80.05333333333334,0.0,0.03666666666666667,0.5998028333333333,0.0
2026-03-12 03:00:00,23.956666666666667,80.14833333333333,0.0,0.0,0.5872134999999999,0.0
2026-03-12 04:00:00,23.64833333333333,80.35000000000001,0.0,0.0,0.5705935,0.0
2026-03-12 05:00:00,23.458333333333332,80.46833333333333,0.0,0.0,0.5607605,0.0
2026-03-12 06:00:00,23.605,80.72,0.0,0.0,0.5584555,2.5683333333333334
2026-03-12 07:00:00,26.515,78.20333333333333,0.0,0.008333333333333333,0.7604541666666668,23.955000000000002
2026-03-12 08:00:00,31.131666666666664,66.575,0.0,1.6500000000000001,1.5063706666666665,59.473333333333336
2026-03-12 09:00:00,31.08,61.214999999999996,0.0,2.91,1.7377223333333334,71.11166666666666
2026-03-12 10:00:00,31.918333333333333,59.96333333333334,0.0,2.515,1.8819206666666668,78.10166666666667
2026-03-12 11:00:00,33.93,56.535,0.0,3.2533333333333334,2.293628,104.42833333333334
2026-03-12 12:00:00,34.115,56.595,0.0,2.4816666666666665,2.3082146666666667,95.415
2026-03-12 13:00:00,32.96,59.02333333333333,0.0,2.7716666666666665,2.04465,67.66
2026-03-12 14:00:00,31.525000000000002,61.685,0.0,0.4483333333333333,1.7601808333333333,36.24333333333333
2026-03-12 15:00:00,30.853333333333335,62.44833333333333,0.0,0.7716666666666666,1.6609403333333332,23.268333333333334
2026-03-12 16:00:00,30.948333333333334,62.57333333333333,0.0,0.25333333333333335,1.6640325,21.376666666666665
2026-03-12 17:00:00,30.066666666666666,64.02333333333333,0.0,0.075,1.5228868333333334,8.386666666666667
2026-03-12 18:00:00,28.126666666666665,69.185,0.0,0.005,1.1682721666666667,0.6316666666666667
2026-03-12 19:00:00,26.48,74.28500000000001,0.0,0.0,0.8835578333333333,0.0
2026-03-12 20:00:00,25.515,76.2,0.0,0.0,0.7737738333333333,0.0
2026-03-12 21:00:00,24.814999999999998,76.03666666666668,0.0,0.15166666666666667,0.7475108333333332,0.0
2026-03-12 22:00:00,24.583333333333332,75.88666666666667,0.0,0.38999999999999996,0.7417121666666667,0.0
2026-03-12 23:00:00,23.526666666666667,77.95166666666667,0.0,0.0,0.6358541666666667,0.0
2026-03-13 00:00:00,22.92833333333333,79.01166666666667,0.0,0.0,0.583715,0.0
2026-03-13 01:00:00,22.286666666666665,79.61,0.0,0.0,0.5455048333333333,0.0
2026-03-13 02:00:00,21.936666666666667,79.935,0.0,0.0,0.525473,0.0
2026-03-13 03:00:00,22.02333333333333,80.27666666666666,0.0,0.0,0.5192355000000001,0.0
2026-03-13 04:00:00,22.073333333333334,80.39,0.0,0.09333333333333334,0.5178223333333333,0.0
2026-03-13 05:00:00,22.021666666666665,80.42666666666666,0.0,0.0,0.5152356666666668,0.0
2026-03-13 06:00:00,22.066666666666666,80.21666666666667,0.0,0.0016666666666666668,0.5221735,0.8583333333333334
2026-03-13 07:00:00,23.356666666666666,72.855,0.0,1.02,0.7774181666666666,8.58
2026-03-13 08:00:00,25.705,67.46,0.0,1.366666666666667,1.0710013333333335,31.888333333333335
2026-03-13 09:00:00,28.60166666666667,62.97,0.0,3.528333333333333,1.442257,67.48666666666666
2026-03-13 10:00:00,30.911666666666665,60.303333333333335,0.0,3.466666666666667,1.7617976666666666,93.64166666666667
2026-03-13 11:00:00,32.85,56.718333333333334,0.0,4.536666666666666,2.1436301666666666,99.84166666666665
2026-03-13 12:00:00,34.00333333333334,53.96,0.0,4.985,2.43022,97.34833333333334
2026-03-13 13:00:00,33.58833333333333,52.626666666666665,0.0,7.0,2.4450625,87.57
2026-03-13 14:00:00,33.51,51.855,0.0,6.796666666666667,2.4730486666666667,94.68
2026-03-13 15:00:00,32.54,54.48166666666666,0.0,5.888333333333333,2.2199951666666666,59.568333333333335
2026-03-13 16:00:00,31.09166666666667,56.120000000000005,0.0,5.855,1.9673358333333333,33.318333333333335
2026-03-13 17:00:00,29.985,56.333333333333336,0.0,4.2316666666666665,1.8396971666666666,9.298333333333334
2026-03-13 18:00:00,28.23,59.718333333333334,0.0,0.5083333333333333,1.534003,0.64
2026-03-13 19:00:00,26.238333333333333,64.13166666666667,0.0,0.15666666666666665,1.217612,0.0
2026-03-13 20:00:00,24.036666666666665,70.62,0.0,0.0,0.8753463333333333,0.0
2026-03-13 21:00:00,23.096666666666668,74.52,0.0,0.0,0.7156953333333332,0.0
2026-03-13 22:00:00,23.453333333333333,73.67833333333333,0.0,0.0,0.7555061666666667,0.0
2026-03-13 23:00:00,24.326666666666668,69.55166666666666,0.0,0.6699999999999999,0.924175,0.0
2026-03-14 00:00:00,22.439999999999998,75.53166666666667,0.0,0.0,0.6612633333333333,0.0
2026-03-14 01:00:00,21.71666666666667,77.86,0.0,0.0,0.5720928333333334,0.0
2026-03-14 02:00:00,21.298000000000002,78.952,0.0,0.0,0.530203,0.0
2026-03-14 03:00:00,21.368333333333336,79.045,0.0,0.0,0.5300953333333333,0.0
2026-03-14 04:00:00,20.900000000000002,79.37333333333333,0.0,0.0,0.507122,0.0
2026-03-14 05:00:00,20.683333333333334,79.70166666666667,0.0,0.0,0.492431,0.0
2026-03-14 06:00:00,21.41,79.73666666666666,0.0,0.2783333333333333,0.5139658333333333,1.4616666666666667
2026-03-14 07:00:00,24.474999999999998,71.97833333333334,0.0,1.6933333333333334,0.8750848333333333,20.03
2026-03-14 08:00:00,27.916666666666668,63.11166666666667,0.0,3.421666666666667,1.3802761666666665,55.84166666666667
2026-03-14 09:00:00,30.635,58.77,0.0,1.6516666666666666,1.8048845,87.77499999999999
2026-03-14 10:00:00,32.63166666666667,56.203333333333326,0.0,2.9466666666666668,2.1425468333333333,93.16000000000001
2026-03-14 11:00:00,34.72666666666667,53.18333333333334,0.0,2.59,2.5763529999999997,94.10000000000001
2026-03-14 12:00:00,34.44833333333333,52.52333333333333,0.0,3.328333333333333,2.5715425,79.98
2026-03-14 13:00:00,35.985,50.06166666666667,0.0,2.893333333333333,2.9415711666666664,104.48166666666667
2026-03-14 14:00:00,36.11666666666667,49.57666666666666,0.0,2.231666666666667,2.9965081666666666,66.91666666666667
2026-03-14 15:00:00,36.321666666666665,48.98166666666666,0.0,2.63,3.0593836666666667,70.21666666666667
2026-03-14 16:00:00,34.163333333333334,52.23,0.0,1.39,2.556756,21.661666666666665
2026-03-14 17:00:00,33.64666666666667,56.681666666666665,0.0,0.0,2.2444718333333333,13.88
2026-03-14 18:00:00,29.548333333333332,65.69,0.0,0.0,1.4446788333333334,0.9816666666666666
2026-03-14 19:00:00,25.406666666666666,74.78166666666667,0.0,0.0,0.8150223333333333,0.0
2026-03-14 20:00:00,23.845,78.07666666666667,0.0,0.0,0.6444628333333333,0.0
2026-03-14 21:00:00,23.11,78.94833333333334,0.0,0.0,0.591929,0.0
2026-03-14 22:00:00,22.598333333333333,79.25166666666667,0.0,0.0,0.5656168333333333,0.0
2026-03-14 23:00:00,22.175,79.425,0.0,0.0,0.546669,0.0
2026-03-15 00:00:00,22.021666666666665,79.67666666666666,0.0,0.0,0.5349728333333333,0.0
2026-03-15 01:00:00,21.95,79.80333333333333,0.0,0.0,0.5293368333333334,0.0
2026-03-15 02:00:00,22.241666666666664,79.89666666666666,0.0,0.0,0.536308,0.0
2026-03-15 03:00:00,22.189999999999998,79.90166666666667,0.0,0.0,0.5344878333333333,0.0
2026-03-15 04:00:00,21.891666666666666,79.96833333333333,0.0,0.0,0.5231733333333334,0.0
2026-03-15 05:00:00,21.71666666666667,79.86,0.0,0.0,0.5204098333333333,0.0
2026-03-15 06:00:00,21.723333333333333,80.085,0.0,0.0,0.5148245,1.3866666666666667
2026-03-15 07:00:00,24.333333333333332,77.01333333333334,0.0,0.0,0.7071703333333333,19.746666666666666
2026-03-15 08:00:00,29.80333333333333,63.623333333333335,0.0,0.5666666666666665,1.5240580000000001,56.60166666666667
2026-03-15 09:00:00,31.91,57.55166666666667,0.0,1.8783333333333332,1.9962464999999998,89.85166666666667
2026-03-15 10:00:00,33.36333333333334,54.27166666666667,0.0,3.7016666666666667,2.333664333333333,98.83999999999999
2026-03-15 11:00:00,34.82,49.919999999999995,0.0,5.151666666666666,2.7681264999999997,104.52333333333333
2026-03-15 12:00:00,36.315000000000005,47.89333333333334,0.0,3.2016666666666667,3.125519,103.95166666666667
2026-03-15 13:00:00,37.70166666666666,46.63166666666667,0.0,2.7733333333333334,3.4502875,104.65333333333332
2026-03-15 14:00:00,37.24166666666667,47.10333333333333,0.0,2.111666666666667,3.3362348333333336,80.84833333333334
2026-03-15 15:00:00,37.60666666666667,46.73500000000001,0.0,1.23,3.433597666666667,78.12666666666667
2026-03-15 16:00:00,36.67333333333333,48.181666666666665,0.0,0.12,3.1726333333333336,30.611666666666668
2026-03-15 17:00:00,32.72833333333333,58.76333333333333,0.0,2.7916666666666665,2.0315743333333334,17.765
2026-03-15 18:00:00,29.84,65.07333333333334,0.0,0.35166666666666674,1.4697206666666667,1.1033333333333333
2026-03-15 19:00:00,26.68166666666667,73.07666666666667,0.0,0.0016666666666666668,0.938649,0.0
2026-03-15 20:00:00,25.208333333333332,77.04333333333334,0.0,0.0,0.7321313333333334,0.0
2026-03-15 21:00:00,24.348333333333333,78.97,0.0,0.0016666666666666668,0.6368561666666667,0.0
2026-03-15 22:00:00,23.939999999999998,79.45166666666667,0.0,0.0,0.6072615,0.0
2026-03-15 23:00:00,23.621666666666666,79.78666666666668,0.0,0.0,0.5860493333333333,0.0
2026-03-16 00:00:00,23.185000000000002,79.98666666666666,0.0,0.0,0.565202,0.0
2026-03-16 01:00:00,23.03,80.14333333333333,0.0,0.0,0.5555681666666666,0.0
2026-03-16 02:00:00,22.766666666666666,80.14,0.0,0.0,0.5469181666666666,0.0
2026-03-16 03:00:00,22.59166666666667,80.24,0.0,0.0,0.53844,0.0
2026-03-16 04:00:00,22.468333333333334,80.28666666666668,0.0,0.0,0.5331661666666666,0.0
2026-03-16 05:00:00,22.22,80.34833333333333,0.0,0.0,0.5235766666666667,0.0
2026-03-16 06:00:00,22.58,80.495,0.0,0.0,0.5311061666666667,1.5116666666666667
2026-03-16 07:00:00,24.438333333333333,79.985,0.0,0.0,0.6118123333333333,19.235
2026-03-16 08:00:00,29.571999999999996,70.94800000000001,0.0,0.064,1.1996774000000001,61.70399999999999
2026-03-16 09:00:00,31.794999999999998,66.38333333333334,0.0,0.5833333333333334,1.5714918333333332,72.325
2026-03-16 10:00:00,34.09166666666667,57.74666666666667,0.0,2.5466666666666664,2.2470908333333335,102.13666666666667
2026-03-16 11:00:00,35.943333333333335,52.76499999999999,0.0,2.3083333333333336,2.778991833333333,104.34166666666665
2026-03-16 12:00:00,36.92166666666667,50.25,0.0,2.0183333333333335,3.0841715,95.825
2026-03-16 13:00:00,37.59166666666667,47.40833333333333,0.0,2.2016666666666667,3.380739833333333,95.35166666666667
2026-03-16 14:00:00,35.92166666666667,52.16166666666667,0.0,5.073333333333333,2.837048333333333,88.63833333333334
2026-03-16 15:00:00,33.435,62.165,0.0,9.055,1.9383456666666667,90.03666666666668
2026-03-16 16:00:00,31.866666666666664,64.31333333333333,0.0,8.97,1.6715071666666665,43.86000000000001
2026-03-16 17:00:00,30.444999999999997,65.915,0.0,8.065,1.4743685,15.015
2026-03-16 18:00:00,28.310000000000002,68.44333333333334,0.0,6.3933333333333335,1.2102791666666668,0.9616666666666666
2026-03-16 19:00:00,22.87375,77.91,1.4000000000000001,1.67625,0.613442375,0.0
2026-03-16 20:00:00,22.998333333333335,79.74833333333333,0.0,0.25,0.5655241666666666,0.0
2026-03-16 21:00:00,23.263333333333335,79.865,0.0,0.14333333333333334,0.5713225,0.0
2026-03-16 22:00:00,23.175,79.91833333333334,0.0,0.11499999999999999,0.566788,0.0
2026-03-16 23:00:00,23.22666666666667,80.26166666666667,0.0,0.06166666666666667,0.5588221666666667,0.0
2026-03-17 00:00:00,22.991666666666664,80.35666666666667,0.0,0.11,0.5483391666666667,0.0
2026-03-17 01:00:00,22.906666666666666,80.50333333333333,0.0,0.049999999999999996,0.5414555,0.0
2026-03-17 02:00:00,22.81833333333333,80.57166666666667,0.0,0.0,0.5366906666666666,0.0
2026-03-17 03:00:00,22.751666666666665,80.665,0.0,0.04,0.5319636666666666,0.0
2026-03-17 04:00:00,22.49285714285714,80.62142857142858,0.2,0.02142857142857143,0.5248901428571429,0.0
2026-03-17 05:00:00,22.189999999999998,80.57666666666667,0.0,0.015,0.5165481666666666,0.0
2026-03-17 06:00:00,22.001666666666665,80.62833333333333,0.0,0.0,0.5093073333333333,1.4566666666666663
2026-03-17 07:00:00,23.401666666666667,80.97166666666666,0.0,0.0,0.5446973333333334,15.435
2026-03-17 08:00:00,26.031666666666666,77.84,0.0,0.14166666666666666,0.7446478333333334,41.99166666666667
2026-03-17 09:00:00,28.92833333333333,72.31166666666667,0.0,0.8183333333333332,1.1031931666666666,62.751666666666665
2026-03-17 10:00:00,32.225,63.43833333333333,0.0,1.7166666666666668,1.7542593333333334,100.42666666666668
2026-03-17 11:00:00,32.843333333333334,61.25833333333333,0.0,2.8200000000000003,1.9304926666666666,91.71499999999999
2026-03-17 12:00:00,33.755,58.98833333333334,0.0,4.388333333333334,2.137706833333333,101.23833333333334
2026-03-17 13:00:00,32.516666666666666,60.425000000000004,0.0,6.296666666666667,1.9229593333333332,94.52833333333335
2026-03-17 14:00:00,32.705,60.905,0.0,8.496666666666668,1.9197576666666667,97.36333333333334
2026-03-17 15:00:00,31.583333333333332,63.81,0.0,8.110000000000001,1.6686248333333333,90.76
2026-03-17 16:00:00,30.89,65.14166666666667,0.0,7.611666666666667,1.544834,46.58166666666667
2026-03-17 17:00:00,29.55666666666667,67.32333333333334,0.0,9.906666666666666,1.3426273333333334,15.781666666666666
2026-03-17 18:00:00,28.686666666666667,69.86833333333334,0.0,4.680000000000001,1.1771278333333333,0.9249999999999999
2026-03-17 19:00:00,28.088333333333335,70.84833333333333,0.0,2.11,1.1000733333333332,0.0
2026-03-17 20:00:00,27.063333333333333,73.80833333333334,0.0,0.5633333333333334,0.9320233333333334,0.0
2026-03-17 21:00:00,25.611666666666665,77.20166666666667,0.0,0.0,0.7444398333333333,0.0
2026-03-17 22:00:00,24.758333333333336,78.70166666666667,0.0,0.041666666666666664,0.6609595,0.0
2026-03-17 23:00:00,24.278333333333332,79.56166666666667,0.0,0.14,0.6163331666666667,0.0
2026-03-18 00:00:00,24.209999999999997,79.96833333333333,0.0,0.018333333333333333,0.6015905,0.0
2026-03-18 01:00:00,24.086000000000002,80.272,0.0,0.096,0.5880723999999999,0.0
2026-03-18 02:00:00,24.115,80.315,0.0,0.0,0.587821,0.0
2026-03-18 03:00:00,24.238333333333333,80.53833333333334,0.0,0.25666666666666665,0.5854501666666666,0.0
2026-03-18 04:00:00,24.209999999999997,80.49333333333333,0.0,0.0,0.5858098333333334,0.0
2026-03-18 05:00:00,24.125,80.59833333333334,0.0,0.11666666666666668,0.579714,0.0
2026-03-18 06:00:00,24.151666666666667,80.69333333333333,0.0,0.0,0.5777841666666667,1.4400000000000002
2026-03-18 07:00:00,24.631666666666664,80.59333333333333,0.0,0.0,0.5976786666666666,4.261666666666667
2026-03-18 08:00:00,25.185000000000002,80.22500000000001,0.0,0.0,0.629634,9.556666666666667
2026-03-18 09:00:00,26.316666666666666,78.60166666666667,0.0,0.0,0.7286711666666666,16.025000000000002
2026-03-18 10:00:00,28.293333333333333,74.25666666666667,0.0,0.16333333333333333,0.9927595,55.544999999999995
2026-03-18 11:00:00,32.464999999999996,64.97666666666667,0.0,1.4633333333333336,1.700289,93.935
2026-03-18 12:00:00,33.52166666666667,62.303333333333335,0.0,1.545,1.93862,103.54333333333334
2026-03-18 13:00:00,34.37,59.431666666666665,0.0,2.8516666666666666,2.1868065,90.485
2026-03-18 14:00:00,34.623333333333335,58.98500000000001,0.0,4.2,2.2512038333333333,84.01166666666667
2026-03-18 15:00:00,32.26166666666666,63.88166666666666,0.0,8.163333333333332,1.7320061666666666,71.11166666666666
2026-03-18 16:00:00,31.73,64.68666666666667,0.0,7.221666666666667,1.6415423333333334,58.01166666666666
2026-03-18 17:00:00,29.898333333333337,67.83166666666666,0.0,8.406666666666666,1.3496491666666668,18.813333333333333
2026-03-18 18:00:00,28.491666666666664,71.61999999999999,0.0,7.058333333333334,1.096629,0.7966666666666667
2026-03-18 19:00:00,27.826666666666668,73.14,0.0,3.98,0.9982538333333334,0.0
2026-03-18 20:00:00,27.323333333333334,74.08999999999999,0.0,1.4033333333333333,0.935852,0.0
2026-03-18 21:00:00,25.765,77.97,0.0,0.0,0.7261756666666667,0.0
2026-03-18 22:00:00,25.201666666666668,79.365,0.0,0.0,0.657408,0.0
2026-03-18 23:00:00,24.741666666666664,79.885,0.0,0.0,0.6235866666666666,0.0
2026-03-19 00:00:00,24.22666666666667,80.10833333333333,0.0,0.0,0.5979966666666666,0.0
2026-03-19 01:00:00,24.21166666666667,80.40833333333333,0.0,0.0,0.5884221666666667,0.0
2026-03-19 02:00:00,24.013333333333332,80.385,0.0,0.0,0.5821933333333333,0.0
2026-03-19 03:00:00,24.136666666666667,80.55,0.0,0.0,0.581558,0.0
2026-03-19 04:00:00,24.385,80.615,0.0,0.0,0.5882811666666666,0.0
2026-03-19 05:00:00,24.73,80.47500000000001,0.0,0.0,0.6048263333333334,0.0
2026-03-19 06:00:00,24.611666666666665,80.30499999999999,0.0,0.0,0.605815,1.4466666666666665
2026-03-19 07:00:00,26.316666666666666,77.94833333333334,0.0,0.041666666666666664,0.7573841666666666,23.328333333333333
2026-03-19 08:00:00,30.861666666666668,68.775,0.0,0.49333333333333335,1.3925778333333332,62.60833333333334
2026-03-19 09:00:00,32.42,64.97333333333333,0.0,1.5,1.697056,81.595
2026-03-19 10:00:00,32.583333333333336,63.51166666666666,0.0,0.45166666666666666,1.7798876666666665,51.75333333333333
2026-03-19 11:00:00,33.75666666666667,61.24,0.0,3.1533333333333338,2.018082,78.66166666666668
2026-03-19 12:00:00,33.63333333333333,60.88166666666666,0.0,5.0633333333333335,2.028286,82.75
2026-03-19 13:00:00,33.39833333333333,61.51500000000001,0.0,8.156666666666666,1.965095,104.79833333333333
2026-03-19 14:00:00,32.60333333333333,63.20333333333334,0.0,9.063333333333334,1.7967223333333333,96.675
2026-03-19 15:00:00,31.991666666666664,63.98833333333334,0.0,9.668333333333333,1.6985741666666667,90.37833333333333
2026-03-19 16:00:00,31.451666666666668,64.19833333333334,0.0,9.278333333333334,1.638164,45.16833333333333
2026-03-19 17:00:00,30.334999999999997,66.44166666666666,0.0,8.955,1.4418796666666667,15.481666666666667
2026-03-19 18:00:00,29.088333333333335,68.96166666666667,0.0,7.023333333333333,1.2411726666666667,0.8783333333333333
2026-03-19 19:00:00,28.616666666666664,69.85666666666667,0.0,4.431666666666667,1.1727263333333333,0.0
2026-03-19 20:00:00,27.105,73.20666666666666,0.0,0.22,0.9595045,0.0
2026-03-19 21:00:00,25.311666666666667,77.545,0.0,0.0,0.7203050000000001,0.0
2026-03-19 22:00:00,24.808333333333334,79.33666666666666,0.0,0.0,0.6430948333333334,0.0
2026-03-19 23:00:00,24.486666666666665,79.78333333333333,0.0,0.0,0.6172581666666667,0.0
2026-03-20 00:00:00,24.26,79.94333333333334,0.0,0.0,0.6041341666666666,0.0
2026-03-20 01:00:00,24.224999999999998,79.74333333333334,0.0,0.655,0.6089668333333333,0.0
2026-03-20 02:00:00,23.846666666666664,79.89333333333333,0.0,0.0,0.5908574999999999,0.0
2026-03-20 03:00:00,23.775000000000002,80.14666666666666,0.0,0.20166666666666666,0.5809013333333334,0.0
2026-03-20 04:00:00,23.768333333333334,80.43333333333334,0.0,0.4666666666666666,0.5722855,0.0
2026-03-20 05:00:00,24.073333333333334,80.42666666666666,0.0,0.18833333333333335,0.5830331666666667,0.0
2026-03-20 06:00:00,24.575,80.42166666666667,0.0,0.0,0.6009213333333333,2.388333333333333
2026-03-20 07:00:00,25.268333333333334,79.89,0.0,0.0,0.6431903333333333,5.6816666666666675
2026-03-20 08:00:00,26.595,77.56166666666667,0.0,0.5183333333333333,0.7771210000000001,18.503333333333334
2026-03-20 09:00:00,28.403333333333332,73.84333333333333,0.0,0.44333333333333336,1.0100385,52.84166666666667
2026-03-20 10:00:00,32.538333333333334,64.84833333333333,0.0,1.0283333333333333,1.7109333333333332,84.79666666666667
2026-03-20 11:00:00,31.830000000000002,64.41166666666668,0.0,2.005,1.6704666666666668,77.48166666666667
2026-03-20 12:00:00,33.12833333333334,63.41,0.0,2.3466666666666667,1.8439625,83.38666666666667
2026-03-20 13:00:00,33.843333333333334,60.59166666666667,0.0,3.5366666666666666,2.062768333333333,90.29833333333333
2026-03-20 14:00:00,32.843333333333334,62.415,0.0,8.808333333333334,1.8610203333333333,98.46499999999999
2026-03-20 15:00:00,31.18166666666667,63.90833333333333,0.0,9.246666666666668,1.6261796666666666,85.17999999999999
2026-03-20 16:00:00,31.151666666666667,64.47500000000001,0.0,9.086666666666668,1.5981113333333334,41.015
2026-03-20 17:00:00,30.07166666666667,67.125,0.0,8.243333333333334,1.3930328333333335,14.821666666666667
2026-03-20 18:00:00,28.761666666666667,70.19833333333334,0.0,6.9433333333333325,1.1692693333333335,0.7166666666666667
2026-03-20 19:00:00,28.541666666666668,70.19666666666667,0.0,4.3500000000000005,1.1544113333333332,0.0
2026-03-20 20:00:00,27.905,72.345,0.0,0.5983333333333334,1.0358875,0.0
2026-03-20 21:00:00,25.90833333333333,77.00333333333333,0.0,0.0,0.7643738333333333,0.0
2026-03-20 22:00:00,25.281666666666666,78.52333333333333,0.0,0.018333333333333333,0.6875718333333333,0.0
2026-03-20 23:00:00,24.828333333333333,79.385,0.0,0.0,0.6423388333333333,0.0
2026-03-21 00:00:00,24.459999999999997,79.74833333333333,0.0,0.0,0.617388,0.0
2026-03-21 01:00:00,24.151666666666667,80.11,0.0,0.0016666666666666668,0.59525,0.0
2026-03-21 02:00:00,23.94333333333333,80.32666666666667,0.0,0.0,0.5814801666666667,0.0
2026-03-21 03:00:00,24.05,80.46166666666666,0.0,0.18166666666666667,0.5811678333333333,0.0
2026-03-21 04:00:00,23.96166666666667,80.44,0.0,0.0,0.5787751666666666,0.0
2026-03-21 05:00:00,23.48,80.51,0.0,0.0,0.5602815,0.0
2026-03-21 06:00:00,23.343333333333334,80.55833333333334,0.0,0.0,0.5543043333333334,2.015
2026-03-21 07:00:00,25.415000000000003,79.46,0.0,0.0,0.6675443333333333,21.051666666666666
2026-03-21 08:00:00,29.554999999999996,71.04666666666667,0.0,0.665,1.198815,63.35333333333333
2026-03-21 09:00:00,32.10666666666666,66.335,0.0,2.4499999999999997,1.5997156666666665,94.065
2026-03-21 10:00:00,34.038333333333334,62.82333333333333,0.0,2.9283333333333332,1.9668485,100.31333333333333
2026-03-21 11:00:00,35.47833333333333,57.77,0.0,2.2216666666666667,2.4230793333333334,104.195
2026-03-21 12:00:00,36.373333333333335,57.173333333333325,0.0,4.285,2.6151981666666666,94.575
2026-03-21 13:00:00,33.265,63.44333333333333,0.0,9.935,1.8518626666666667,104.7
2026-03-21 14:00:00,29.42625,69.21625,0.6000000000000001,4.0175,1.3065761249999999,33.61625
2026-03-21 15:00:00,26.555714285714284,76.00285714285714,0.4,0.8957142857142857,0.8279474285714287,23.28142857142857
2026-03-21 16:00:00,27.496666666666666,75.14666666666666,0.0,0.0,0.9064911666666666,17.94333333333333
2026-03-21 17:00:00,28.215,75.23666666666666,0.0,0.8283333333333333,0.942716,13.748333333333333
2026-03-21 18:00:00,27.295,76.74333333333334,0.0,0.145,0.8405571666666667,1.1500000000000001
2026-03-21 19:00:00,26.266666666666666,79.61,0.0,0.005,0.6917178333333333,0.0
2026-03-21 20:00:00,25.948333333333334,79.90166666666666,0.0,0.0,0.6691525,0.0
2026-03-21 21:00:00,25.61,80.06,0.0,0.0,0.6507711666666667,0.0
2026-03-21 22:00:00,25.208333333333332,80.28833333333334,0.0,0.0,0.6282018333333333,0.0
2026-03-21 23:00:00,25.05666666666667,80.44,0.0,0.0,0.6177748333333334,0.0
2026-03-22 00:00:00,24.816666666666666,80.59666666666666,0.0,0.0,0.6041658333333334,0.0
2026-03-22 01:00:00,24.423333333333332,80.56,0.0,0.0,0.5912821666666667,0.0
2026-03-22 02:00:00,24.198333333333334,80.68666666666667,0.0,0.0,0.579618,0.0
2026-03-22 03:00:00,24.18166666666667,80.78,0.0,0.0,0.576225,0.0
2026-03-22 04:00:00,24.218333333333334,80.76333333333334,0.0,0.0,0.5779885,0.0
2026-03-22 05:00:00,24.313333333333333,80.84666666666666,0.2,0.0,0.5787573333333333,0.0
2026-03-22 06:00:00,24.51,80.92333333333333,0.0,0.35000000000000003,0.5832516666666666,2.155
2026-03-22 07:00:00,25.698333333333334,80.69166666666666,0.0,0.36000000000000004,0.6338483333333333,14.813333333333333
2026-03-22 08:00:00,28.05333333333333,76.7,0.0,0.23,0.8864595,48.905
2026-03-22 09:00:00,32.718333333333334,67.43166666666666,0.0,0.6633333333333333,1.6010458333333333,71.46333333333332
2026-03-22 10:00:00,32.26833333333333,66.94833333333334,0.0,2.158333333333333,1.5866665,90.925
2026-03-22 11:00:00,32.276666666666664,66.44500000000001,0.0,4.79,1.6082648333333331,79.07166666666667
2026-03-22 12:00:00,31.823333333333334,67.32166666666667,0.0,8.153333333333334,1.5284206666666666,87.10333333333334
2026-03-22 13:00:00,31.31714285714286,67.68428571428572,0.2,4.868571428571428,1.4693612857142857,57.142857142857146
2026-03-22 14:00:00,32.305,64.71166666666666,0.0,10.103333333333333,1.6938466666666667,97.43
2026-03-22 15:00:00,31.671666666666667,67.07833333333333,0.0,9.03,1.5256143333333334,83.065
2026-03-22 16:00:00,30.736666666666665,68.16333333333334,0.0,7.6933333333333325,1.3993743333333333,40.12166666666666
2026-03-22 17:00:00,29.35166666666667,69.39,0.0,6.635000000000001,1.241009,5.961666666666666
2026-03-22 18:00:00,24.55333333333333,73.69333333333334,0.0,1.8233333333333333,0.8168441666666667,0.8416666666666667
2026-03-22 19:00:00,23.41,78.84833333333334,0.0,0.7766666666666667,0.6055039999999999,0.0
2026-03-22 20:00:00,23.599999999999998,79.03666666666668,0.0,0.0,0.6070143333333333,0.0
2026-03-22 21:00:00,23.721666666666664,79.63166666666667,0.0,0.38000000000000006,0.5940581666666667,0.0
2026-03-22 22:00:00,23.786666666666665,79.685,0.0,0.54,0.5948443333333333,0.0
2026-03-22 23:00:00,23.766666666666666,80.07833333333333,0.0,0.005,0.582612,0.0
2026-03-23 00:00:00,23.765,80.105,0.0,0.3499999999999999,0.581776,0.0
2026-03-23 01:00:00,23.896666666666665,80.40333333333334,0.0,0.51,0.577591,0.0
2026-03-23 02:00:00,24.051666666666666,80.44833333333334,0.0,0.0,0.581631,0.0
2026-03-23 03:00:00,24.24,80.43,0.0,0.0,0.5887908333333333,0.0
2026-03-23 04:00:00,24.75,80.435,0.0,0.0,0.606777,0.0
2026-03-23 05:00:00,24.94666666666667,80.38666666666667,0.0,0.0,0.615441,0.0
2026-03-23 06:00:00,25.064999999999998,80.41000000000001,0.0,0.05333333333333334,0.6191171666666667,4.873333333333334
2026-03-23 07:00:00,26.886666666666667,78.18833333333333,0.0,0.0,0.7721456666666667,20.815
2026-03-23 08:00:00,30.416666666666668,70.90166666666666,0.0,0.9,1.2662363333333333,59.343333333333334
2026-03-23 09:00:00,32.145,67.18166666666666,0.0,1.5066666666666668,1.5649473333333335,89.985
2026-03-23 10:00:00,33.26166666666666,63.705000000000005,0.0,3.1149999999999998,1.8438178333333333,86.75666666666666
2026-03-23 11:00:00,32.800000000000004,63.69499999999999,0.0,2.9483333333333337,1.794727,76.92833333333333
2026-03-23 12:00:00,33.55833333333334,62.93166666666667,0.0,5.945,1.9125025000000002,89.64
2026-03-23 13:00:00,33.23833333333334,63.50666666666667,0.0,8.966666666666667,1.846421,102.03333333333335
2026-03-23 14:00:00,32.82833333333333,63.94,0.0,10.038333333333332,1.7824551666666668,93.89833333333333
2026-03-23 15:00:00,32.75666666666667,63.915,0.0,7.376666666666666,1.7768558333333333,86.21
2026-03-23 16:00:00,31.661666666666665,66.08,0.0,8.981666666666667,1.5706603333333333,41.151666666666664
2026-03-23 17:00:00,30.566666666666666,68.05333333333333,0.0,8.373333333333333,1.390766,15.476666666666667
2026-03-23 18:00:00,29.374000000000002,70.104,0.0,8.008000000000001,1.2151542000000002,0.9199999999999999
2026-03-23 19:00:00,28.973333333333333,71.65333333333334,0.0,5.343333333333334,1.1257335,0.0
2026-03-23 20:00:00,28.892000000000003,72.072,0.0,3.3200000000000003,1.1039632000000001,0.0
2026-03-23 21:00:00,28.463333333333335,73.40666666666667,0.0,0.2866666666666667,1.0262336666666667,0.0
2026-03-23 22:00:00,26.951666666666668,76.855,0.0,0.0,0.818708,0.0
2026-03-23 23:00:00,26.125999999999998,78.882,0.0,0.0,0.7105332000000001,0.0
2026-03-24 00:00:00,25.843333333333334,79.74833333333333,0.0,0.0,0.6701211666666667,0.0
2026-03-24 01:00:00,25.391666666666666,80.00166666666667,0.0,0.0,0.6443106666666667,0.0
2026-03-24 02:00:00,24.981666666666666,80.135,0.0,0.0,0.6246613333333333,0.0
2026-03-24 03:00:00,24.62,80.31166666666667,0.0,0.0,0.6059048333333333,0.0
2026-03-24 04:00:00,24.843333333333334,80.515,0.0,0.0,0.6076541666666667,0.0
2026-03-24 05:00:00,24.866666666666664,80.54333333333334,0.0,0.0,0.6076238333333334,0.0
2026-03-24 06:00:00,24.698333333333334,80.56166666666667,0.0,0.0,0.6010005,2.138333333333333
2026-03-24 07:00:00,26.581666666666667,78.82000000000001,0.0,0.0,0.7383666666666667,23.578333333333333
2026-03-24 08:00:00,30.78,69.88666666666667,0.0,0.5233333333333333,1.3340476666666667,52.10833333333333
2026-03-24 09:00:00,32.434999999999995,66.51666666666667,0.0,1.6066666666666667,1.6222898333333333,80.02833333333334
2026-03-24 10:00:00,33.01166666666666,65.05166666666666,0.0,3.84,1.754647,82.23333333333333
2026-03-24 11:00:00,32.58833333333333,65.72166666666666,0.0,6.803333333333334,1.6720281666666665,98.32166666666667
2026-03-24 12:00:00,32.95333333333333,64.92166666666667,0.0,7.858333333333333,1.746256,103.99833333333333
2026-03-24 13:00:00,31.968333333333334,66.12166666666667,0.0,10.33,1.5967518333333333,77.69333333333333
2026-03-24 14:00:00,32.071666666666665,66.20666666666666,0.0,10.053333333333333,1.6014271666666666,91.315
2026-03-24 15:00:00,31.861666666666665,66.02833333333334,0.0,11.243333333333332,1.5905414999999998,80.76
2026-03-24 16:00:00,31.145,67.70666666666666,0.0,8.723333333333333,1.4530035000000001,40.28666666666667
2026-03-24 17:00:00,30.02333333333333,70.035,0.0,7.828333333333333,1.2641591666666667,17.419999999999998
2026-03-24 18:00:00,29.116666666666664,71.48166666666667,0.0,6.825,1.1420696666666668,0.7916666666666666
2026-03-24 19:00:00,28.886666666666667,71.73666666666666,0.0,6.223333333333334,1.116816,0.0
2026-03-24 20:00:00,28.55,72.22666666666667,0.0,1.2750000000000001,1.0767878333333334,0.0
2026-03-24 21:00:00,27.455,75.87,0.0,0.26666666666666666,0.879018,0.0
2026-03-24 22:00:00,26.528333333333332,77.92666666666666,0.0,0.16,0.7605144999999999,0.0
2026-03-24 23:00:00,26.228333333333335,79.07333333333334,0.0,0.0,0.7082955000000001,0.0
2026-03-25 00:00:00,25.875,79.115,0.0,0.0,0.692519,0.0
2026-03-25 01:00:00,25.131666666666664,79.86166666666666,0.0,0.0,0.6389278333333334,0.0
2026-03-25 02:00:00,24.655,80.05833333333334,0.0,0.0,0.6149863333333333,0.0
2026-03-25 03:00:00,24.28333333333333,80.31333333333333,0.0,0.38666666666666666,0.5938263333333333,0.0
2026-03-25 04:00:00,23.905,80.285,0.0,0.018333333333333333,0.5813756666666666,0.0
2026-03-25 05:00:00,23.423333333333332,80.37333333333333,0.0,0.0,0.5622936666666667,0.0
2026-03-25 06:00:00,23.3,80.51,0.0,0.0,0.5542513333333333,2.0683333333333334
2026-03-25 07:00:00,26.005,80.08666666666666,0.0,0.0,0.6689775,23.988333333333333
2026-03-25 08:00:00,30.933333333333334,69.46499999999999,0.0,0.0,1.364381,68.295
2026-03-25 09:00:00,33.10666666666667,63.82333333333333,0.0,1.43,1.822662,89.47666666666667
2026-03-25 10:00:00,33.67,61.99,0.0,2.9150000000000005,1.9724215,96.71
2026-03-25 11:00:00,33.67666666666667,61.56166666666667,0.0,5.548333333333333,2.0040815,82.40666666666667
2026-03-25 12:00:00,33.946666666666665,61.60666666666666,0.0,2.8000000000000003,2.0266101666666665,80.47666666666667
2026-03-25 13:00:00,33.516666666666666,63.335,0.0,7.875,1.8848281666666666,82.60333333333334
2026-03-25 14:00:00,33.94,62.998333333333335,0.0,8.053333333333333,1.9461278333333334,96.70666666666666
2026-03-25 15:00:00,33.04833333333334,64.50666666666666,0.0,8.868333333333334,1.778022166666667,78.04666666666667
2026-03-25 16:00:00,31.810000000000002,66.01,0.0,9.063333333333334,1.5873344999999999,43.18166666666667
2026-03-25 17:00:00,30.715,67.74166666666666,0.0,8.801666666666668,1.4159463333333333,14.368333333333332
2026-03-25 18:00:00,29.728333333333335,69.86,0.0,7.136666666666667,1.2503228333333334,0.75
2026-03-25 19:00:00,29.35166666666667,70.90666666666667,0.0,5.168333333333333,1.1807455,0.0
2026-03-25 20:00:00,28.893333333333334,71.615,0.0,1.9266666666666667,1.122367,0.0
2026-03-25 21:00:00,27.623333333333335,75.93166666666667,0.0,0.013333333333333334,0.8846416666666667,0.0
2026-03-25 22:00:00,27.16333333333333,77.35666666666667,0.0,0.0,0.8096679999999999,0.0
2026-03-25 23:00:00,26.843333333333334,78.20833333333333,0.0,0.0,0.7650771666666666,0.0
2026-03-26 00:00:00,26.098333333333333,79.645,0.0,0.018333333333333333,0.6837656666666666,0.0
2026-03-26 01:00:00,25.52333333333333,79.91833333333334,0.0,0.0,0.6520693333333333,0.0
2026-03-26 02:00:00,24.995,80.195,0.0,0.0,0.62323025,0.0
2026-03-26 03:00:00,24.601999999999997,80.39200000000001,0.0,0.53,0.602777,0.0
2026-03-26 04:00:00,24.130000000000003,80.382,0.0,0.0,0.5863554000000001,0.0
2026-03-26 05:00:00,23.717499999999998,80.37,0.0,0.14,0.5724,0.0
2026-03-26 06:00:00,23.753999999999998,80.58200000000001,0.0,0.0,0.5674712,2.19
2026-03-26 07:00:00,26.486,80.562,0.0,0.0,0.671083,23.954
2026-03-26 08:00:00,30.901666666666667,70.14666666666666,0.0,0.2383333333333333,1.3326085,66.67833333333333
2026-03-26 09:00:00,33.045,63.5875,0.0,2.1875,1.82325425,88.57249999999999
2026-03-26 10:00:00,33.256,62.988,0.0,3.05,1.8848790000000002,76.786
2026-03-26 11:00:00,33.55833333333333,62.51833333333334,0.0,4.326666666666667,1.9340115000000002,87.75166666666667
2026-03-26 12:00:00,33.25666666666667,63.23666666666667,0.0,6.016666666666667,1.8618059999999998,57.73666666666666
2026-03-26 13:00:00,34.325,61.6125,0.0,7.67,2.06360975,99.4825
2026-03-26 14:00:00,33.995,62.519999999999996,0.0,8.29,1.9772385,98.575
2026-03-26 15:00:00,33.550000000000004,63.410000000000004,0.0,10.106666666666667,1.8833206666666669,74.25666666666666
2026-03-26 16:00:00,32.4225,65.2025,0.0,10.095,1.683546,41.065
2026-03-26 17:00:00,31.060000000000002,67.68199999999999,0.0,7.306,1.4466291999999998,15.459999999999999
2026-03-26 18:00:00,29.884999999999998,69.66499999999999,0.0,6.6075,1.2695254999999999,0.375
2026-03-26 19:00:00,29.628333333333334,70.17833333333333,0.0,3.2566666666666664,1.2297155,0.0
2026-03-26 20:00:00,27.93,74.47200000000001,0.0,0.0,0.9564234,0.0
2026-03-26 21:00:00,27.5,77.07333333333334,0.0,0.0,0.8359485000000001,0.0
2026-03-26 22:00:00,27.194,78.048,0.0,0.0,0.7863,0.0
2026-03-26 23:00:00,26.964,78.666,0.0,0.0,0.7539746,0.0
2026-03-27 00:00:00,26.336000000000002,79.252,0.0,0.0,0.7068242,0.0
2026-03-27 01:00:00,26.063333333333333,79.88166666666667,0.0,0.008333333333333333,0.6743608333333334,0.0
2026-03-27 02:00:00,25.808333333333334,79.85833333333333,0.0,0.0,0.6651331666666667,0.0
2026-03-27 03:00:00,25.154,80.102,0.0,0.12,0.6321186,0.0
2026-03-27 04:00:00,24.622,80.268,0.0,0.044,0.6073432000000001,0.0
2026-03-27 05:00:00,24.295,80.435,0.0,0.0,0.5905859999999999,0.0
2026-03-27 06:00:00,24.236,80.562,0.0,0.0,0.5846598000000001,2.8619999999999997
2026-03-27 07:00:00,27.238,78.438,0.0,0.142,0.7810664,27.928000000000004
2026-03-27 08:00:00,31.577999999999996,69.328,0.0,0.152,1.421529,65.15
2026-03-27 09:00:00,32.4025,65.3775,0.0,2.6775,1.67337325,97.9225
2026-03-27 10:00:00,32.9575,63.3525,0.0,5.2275,1.824649,103.4625
2026-03-27 11:00:00,33.282,63.448,0.0,6.401999999999999,1.8549278,95.336
2026-03-27 12:00:00,32.662,65.026,0.0,10.251999999999999,1.7140609999999998,95.116
2026-03-27 13:00:00,33.494,63.64200000000001,0.0,9.706,1.8652377999999998,104.328
2026-03-27 14:00:00,32.952,64.268,0.0,10.104000000000001,1.7786832000000001,96.968
2026-03-27 15:00:00,33.088,64.104,0.0,8.402,1.8003883999999999,77.336
2026-03-27 16:00:00,32.071666666666665,65.92333333333333,0.0,8.865,1.6154766666666667,40.12166666666666
2026-03-27 17:00:00,31.22,67.6525,0.0,4.8175,1.4606572500000001,16.785
2026-03-27 18:00:00,29.622500000000002,71.00999999999999,0.0,3.0425,1.19525875,0.5349999999999999
2026-03-27 19:00:00,27.981666666666666,74.76333333333334,0.0,0.005,0.9485325000000001,0.0
2026-03-27 20:00:00,26.732,78.348,0.0,0.0,0.7549508,0.0
2026-03-27 21:00:00,25.98,79.06,0.0,0.0,0.698554,0.0
2026-03-27 22:00:00,25.53,79.718,0.0,0.0,0.658856,0.0
2026-03-27 23:00:00,25.3675,79.89750000000001,0.0,0.0,0.64671575,0.0
2026-03-28 00:00:00,24.916666666666668,80.00666666666667,0.0,0.0,0.626275,0.0
2026-03-28 01:00:00,24.628,80.194,0.0,0.0,0.6098015999999999,0.0
2026-03-28 02:00:00,25.063333333333333,80.30333333333333,0.0,0.0,0.62235,0.0
2026-03-28 03:00:00,24.885,80.175,0.0,0.0,0.61981,0.0
2026-03-28 04:00:00,24.07,80.218,0.0,0.0,0.5891544,0.0
2026-03-28 05:00:00,23.723333333333333,80.25333333333333,0.0,0.0,0.5759973333333334,0.0
2026-03-28 06:00:00,23.8825,80.5,0.0,0.0,0.5742357499999999,2.9050000000000002
2026-03-28 07:00:00,26.5,79.814,0.0,0.0,0.7016326,23.554
2026-03-28 08:00:00,31.334999999999997,69.915,0.0,0.6333333333333334,1.3722598333333333,72.80333333333333
2026-03-28 09:00:00,31.5775,67.465,0.0,3.62,1.5010780000000001,61.88
2026-03-28 10:00:00,34.56,60.63666666666666,0.0,3.3699999999999997,2.1447179999999997,102.52333333333333
2026-03-28 11:00:00,33.212,64.094,0.0,6.866,1.8223455999999998,84.45
2026-03-28 12:00:00,32.792500000000004,64.96000000000001,0.0,9.495000000000001,1.7288605,104.2775
2026-03-28 13:00:00,31.9,65.736,0.0,9.702,1.60764,76.16799999999999
2026-03-28 14:00:00,32.54,64.14,0.0,10.135000000000002,1.74440475,96.1875
2026-03-28 15:00:00,32.36833333333333,64.145,0.0,9.215,1.727308,77.76666666666667
2026-03-28 16:00:00,31.21,65.97200000000001,0.0,8.668,1.5355124,37.088
2026-03-28 17:00:00,30.8125,67.395,0.0,7.54,1.439224,18.985
2026-03-28 18:00:00,29.52,69.29666666666667,0.0,5.308333333333334,1.2584593333333334,1.0066666666666666
2026-03-28 19:00:00,28.244,72.44000000000001,0.0,0.882,1.0530796,0.0
2026-03-28 20:00:00,26.381999999999998,76.48400000000001,0.0,0.0,0.8039972000000001,0.0
2026-03-28 21:00:00,25.468,76.318,0.0,0.0,0.7664788,0.0
2026-03-28 22:00:00,24.708333333333332,78.17833333333333,0.0,0.0,0.6752325,0.0
2026-03-28 23:00:00,24.503999999999998,78.98400000000001,0.0,0.0,0.6423628,0.0
2026-03-29 00:00:00,24.246,79.47200000000001,0.0,0.08,0.6178116,0.0
2026-03-29 01:00:00,24.05,79.77666666666667,0.0,0.0,0.6015778333333334,0.0
2026-03-29 02:00:00,23.766666666666666,79.94666666666667,0.0,0.0,0.5864751666666667,0.0
2026-03-29 03:00:00,23.595,80.07,0.0,0.0,0.57688975,0.0
2026-03-29 04:00:00,23.106,80.124,0.0,0.162,0.5586688000000001,0.0
2026-03-29 05:00:00,23.028333333333336,80.20833333333333,0.0,0.0,0.5537108333333333,0.0
2026-03-29 06:00:00,22.75,80.27,0.0,0.0,0.54279625,2.26
2026-03-29 07:00:00,25.31,79.494,0.0,0.0,0.6623554,21.928
2026-03-29 08:00:00,29.898000000000003,70.478,0.0,1.4739999999999998,1.2509206,67.112
2026-03-29 09:00:00,32.63166666666667,63.97666666666667,0.0,3.5333333333333337,1.7635043333333333,98.07166666666667
2026-03-29 10:00:00,34.945,58.85666666666666,0.0,2.9233333333333333,2.2936986666666663,103.77333333333333
2026-03-29 11:00:00,34.6875,58.64,0.0,1.675,2.2773630000000002,88.13
2026-03-29 12:00:00,34.028,59.722,0.0,7.67,2.128769,103.44200000000001
2026-03-29 13:00:00,33.578,60.878,0.0,9.156,2.0168876,104.172
2026-03-29 14:00:00,33.15,61.081999999999994,0.0,10.074000000000002,1.9591922,95.386
2026-03-29 15:00:00,32.506,62.572,0.0,10.058,1.8175736,76.586
2026-03-29 16:00:00,31.830000000000002,64.04,0.0,8.205,1.6811315,40.0775
2026-03-29 17:00:00,30.772000000000002,65.30199999999999,0.0,9.09,1.5274100000000002,15.482
2026-03-29 18:00:00,29.5025,67.4925,0.0,5.8475,1.3312487499999999,0.41
2026-03-29 19:00:00,28.981666666666666,69.04,0.0,3.9233333333333333,1.2301198333333334,0.0
2026-03-29 20:00:00,28.33,70.26,0.0,0.77,1.1392123333333333,0.0
2026-03-29 21:00:00,26.515,74.9025,0.0,0.0075,0.86509525,0.0
2026-03-29 22:00:00,25.286,78.17999999999999,0.0,0.23199999999999998,0.6986829999999999,0.0
2026-03-29 23:00:00,24.86,78.43333333333334,0.0,0.0,0.6734346666666667,0.0
2026-03-30 00:00:00,24.603333333333335,79.36166666666666,0.0,0.03666666666666667,0.634527,0.0
2026-03-30 01:00:00,24.23,79.574,0.0,0.194,0.6141778,0.0
2026-03-30 02:00:00,24.496666666666666,79.8,0.0,0.0,0.6171123333333334,0.0
2026-03-30 03:00:00,24.755000000000003,79.685,0.0,0.0,0.6302205000000001,0.0
2026-03-30 04:00:00,23.955000000000002,79.75666666666667,0.0,0.0,0.5987486666666667,0.0
2026-03-30 05:00:00,23.822,79.90599999999999,0.0,0.0,0.5896162,0.0
2026-03-30 06:00:00,23.708000000000002,80.06800000000001,0.0,0.0,0.5808694,2.5
2026-03-30 07:00:00,26.68,77.5075,0.0,0.0,0.79499175,27.21
2026-03-30 08:00:00,30.71,68.744,0.0,1.456,1.3736822,75.168
2026-03-30 09:00:00,32.6625,64.75750000000001,0.0,2.715,1.73066275,103.0875
2026-03-30 10:00:00,34.44833333333333,59.35666666666666,0.0,5.751666666666666,2.199136166666667,96.765
2026-03-30 11:00:00,32.7825,62.67,0.0,5.515000000000001,1.841729,83.385
2026-03-30 12:00:00,33.66833333333333,61.901666666666664,0.0,7.778333333333333,1.9754943333333335,85.43166666666667
2026-03-30 13:00:00,33.696666666666665,62.47,0.0,7.02,1.9475596666666668,104.10333333333334
2026-03-30 14:00:00,33.13666666666666,62.59,0.0,10.026666666666666,1.8813816666666667,97.75833333333333
2026-03-30 15:00:00,33.39833333333333,61.085,0.0,8.651666666666667,1.9859716666666667,79.995
2026-03-30 16:00:00,32.426,61.903999999999996,0.0,8.85,1.8418584,43.162
2026-03-30 17:00:00,31.76,62.67666666666667,0.0,5.156666666666666,1.7374696666666667,24.650000000000002
2026-03-30 18:00:00,29.206666666666667,66.93666666666667,0.0,2.1366666666666667,1.3337253333333334,0.5766666666666667
2026-03-30 19:00:00,26.45,73.7475,0.0,0.0,0.900783,0.0
2026-03-30 20:00:00,25.555,76.69,0.0,0.14,0.7585489999999999,0.0
2026-03-30 21:00:00,24.853333333333335,78.255,0.0,0.0016666666666666668,0.6785951666666666,0.0
2026-03-30 22:00:00,24.393333333333334,79.22,0.0,0.0033333333333333335,0.6309273333333333,0.0
2026-03-30 23:00:00,24.151666666666667,79.39666666666666,0.0,0.27499999999999997,0.6166163333333333,0.0
2026-03-31 00:00:00,23.716,79.46000000000001,0.0,0.042,0.5989028,0.0
2026-03-31 01:00:00,23.451666666666668,79.59833333333334,0.0,0.14333333333333334,0.5854918333333333,0.0
2026-03-31 02:00:00,23.276666666666667,79.79166666666667,0.0,0.0,0.5738706666666666,0.0
2026-03-31 03:00:00,23.013333333333332,79.82833333333333,0.0,0.0,0.563819,0.0
2026-03-31 04:00:00,22.948333333333334,80.04333333333334,0.0,0.0,0.5556346666666666,0.0
2026-03-31 05:00:00,22.697499999999998,80.0275,0.0,0.0,0.54772,0.0
2026-03-31 06:00:00,23.142,80.184,0.0,0.442,0.5581964,3.122
2026-03-31 07:00:00,25.400000000000002,78.29333333333334,0.0,0.0,0.710849,24.376666666666665
2026-03-31 08:00:00,30.412,68.00399999999999,0.0,0.9480000000000001,1.3939928,68.95
2026-03-31 09:00:00,33.64,60.56666666666666,0.0,1.8666666666666665,2.046246,103.13333333333333
2026-03-31 10:00:00,33.6775,57.1525,0.0,3.055,2.2292755,85.015
2026-03-31 11:00:00,34.858000000000004,54.70799999999999,0.0,3.2700000000000005,2.5105162,104.08399999999999
2026-03-31 12:00:00,34.266666666666666,56.81166666666667,0.0,7.278333333333333,2.3131781666666664,101.61500000000001
2026-03-31 13:00:00,34.225,57.432500000000005,0.0,6.859999999999999,2.2745794999999998,104.3225
2026-03-31 14:00:00,34.1475,57.71,0.0,7.4575,2.250646,98.4975
2026-03-31 15:00:00,33.6325,59.1475,0.0,7.4825,2.1124135,74.0525
2026-03-31 16:00:00,33.2,59.09833333333333,0.0,7.640000000000001,2.0644863333333334,41.693333333333335
2026-03-31 17:00:00,31.875,61.9225,0.0,6.7375,1.7879015,19.92
2026-03-31 18:00:00,29.73,67.772,0.0,1.152,1.3384966,0.41
2026-03-31 19:00:00,27.738,72.584,0.0,0.10400000000000001,1.0153912,0.0
2026-03-31 20:00:00,26.266000000000002,76.512,0.0,0.23200000000000004,0.7971978,0.0
2026-03-31 21:00:00,25.4325,77.4725,0.0,0.0,0.7276185,0.0
2026-03-31 22:00:00,24.634999999999998,77.8475,0.0,0.0,0.6823435,0.0
2026-03-31 23:00:00,23.986666666666668,78.51166666666667,0.0,0.0,0.63683,0.0
2026-04-01 00:00:00,23.53333333333333,79.00333333333333,0.0,0.0,0.605615,0.0
2026-04-01 01:00:00,23.115000000000002,79.32,0.0,0.0,0.58158025,0.0
2026-04-01 02:00:00,22.952,79.53200000000001,0.0,0.0,0.5700062,0.0
2026-04-01 03:00:00,22.706,79.59400000000001,0.0,0.44800000000000006,0.5598875999999999,0.0
2026-04-01 04:00:00,22.644,79.662,0.0,0.21000000000000002,0.5559301999999999,0.0
2026-04-01 05:00:00,22.512,79.74600000000001,0.0,0.0,0.5492442000000001,0.0
2026-04-01 06:00:00,23.3325,80.0025,0.0,0.0,0.5698307499999999,2.8875
2026-04-01 07:00:00,26.143333333333334,77.40833333333333,0.0,0.0,0.7733666666666666,25.893333333333334
2026-04-01 08:00:00,31.814999999999998,66.765,0.0,0.0033333333333333335,1.5607446666666667,73.23666666666666
2026-04-01 09:00:00,32.66166666666667,63.324999999999996,0.0,2.74,1.7974911666666669,84.05166666666666
2026-04-01 10:00:00,33.641666666666666,60.550000000000004,0.0,2.7099999999999995,2.0457675,80.06666666666666
2026-04-01 11:00:00,33.906666666666666,61.26333333333333,0.0,5.203333333333333,2.03683,87.19833333333334
2026-04-01 12:00:00,34.70333333333333,60.06166666666667,0.0,6.496666666666666,2.192334666666667,104.13499999999999
2026-04-01 13:00:00,34.485,60.62833333333333,0.0,9.38,2.1340723333333336,104.02166666666666
2026-04-01 14:00:00,34.39833333333333,60.94,0.0,9.295,2.1072358333333336,97.81833333333333
2026-04-01 15:00:00,33.725,61.98333333333333,0.0,9.215,1.9756351666666667,73.96666666666667
2026-04-01 16:00:00,32.88666666666666,63.25666666666667,0.0,8.123333333333333,1.8224978333333333,39.78
2026-04-01 17:00:00,31.508333333333336,64.985,0.0,7.381666666666667,1.6079713333333334,16.985
2026-04-01 18:00:00,30.028333333333336,67.68166666666666,0.0,2.5799999999999996,1.3646916666666666,1.0333333333333334
2026-04-01 19:00:00,28.39,71.70666666666666,0.0,0.26166666666666666,1.0907363333333333,0.0
2026-04-01 20:00:00,26.53,77.04333333333334,0.0,0.049999999999999996,0.7913218333333334,0.0
2026-04-01 21:00:00,25.668333333333333,78.54,0.0,0.0,0.7028575,0.0
2026-04-01 22:00:00,25.209999999999997,79.15833333333333,0.0,0.0,0.6643026666666666,0.0
2026-04-01 23:00:00,24.996666666666666,79.53166666666667,0.0,0.0,0.6441776666666666,0.0
2026-04-02 00:00:00,24.525000000000002,79.59666666666666,0.0,0.0,0.6243945000000001,0.0
2026-04-02 01:00:00,24.168333333333333,79.735,0.0,0.0,0.6070856666666667,0.0
2026-04-02 02:00:00,23.731666666666666,79.79333333333334,0.0,0.0,0.5897249999999999,0.0
2026-04-02 03:00:00,23.531666666666666,79.92,0.0,0.0,0.579025,0.0
2026-04-02 04:00:00,23.116666666666664,79.995,0.0,0.0,0.56269,0.0
2026-04-02 05:00:00,22.993333333333336,80.10666666666667,0.0,0.25666666666666665,0.5553881666666667,0.0
2026-04-02 06:00:00,23.09,80.19833333333334,0.0,0.0,0.5560326666666667,2.6333333333333333
2026-04-02 07:00:00,25.83666666666667,78.79,0.0,0.0,0.708951,25.198333333333334
2026-04-02 08:00:00,30.830000000000002,68.94,0.0,1.04,1.3822278333333333,71.00166666666667
2026-04-02 09:00:00,31.81,67.02333333333333,0.0,2.58,1.5401638333333334,75.17333333333333
2026-04-02 10:00:00,34.10666666666666,61.89000000000001,0.0,1.8099999999999998,2.030656,96.49333333333334
2026-04-02 11:00:00,36.86333333333334,56.45666666666667,0.0,1.8399999999999999,2.694756,92.265
2026-04-02 12:00:00,36.615,56.24,0.0,3.0700000000000003,2.669826666666667,98.64333333333333
2026-04-02 13:00:00,35.155,59.02,0.0,9.356666666666667,2.3055465,93.86166666666668
2026-04-02 14:00:00,34.58166666666667,59.65333333333333,0.0,10.745,2.19912,95.43
2026-04-02 15:00:00,33.41833333333333,62.15833333333333,0.0,10.42,1.9342553333333334,72.415
2026-04-02 16:00:00,32.32666666666667,63.57333333333333,0.0,9.448333333333332,1.7514905,39.02333333333333
2026-04-02 17:00:00,31.183333333333334,66.51166666666667,0.0,7.906666666666666,1.5094781666666668,16.491666666666667
2026-04-02 18:00:00,29.956666666666667,68.83166666666666,0.0,7.668333333333333,1.3102728333333333,1.0
2026-04-02 19:00:00,29.430000000000003,69.765,0.0,5.335000000000001,1.2327145,0.0
2026-04-02 20:00:00,28.623333333333335,71.31,0.0,0.875,1.1191256666666667,0.0
2026-04-02 21:00:00,26.923333333333332,75.72666666666667,0.0,0.31333333333333335,0.8562626666666667,0.0
2026-04-02 22:00:00,26.143333333333334,77.07000000000001,0.0,0.38666666666666666,0.7726238333333333,0.0
2026-04-02 23:00:00,25.304999999999996,78.50166666666667,0.0,0.09833333333333333,0.6891663333333334,0.0
2026-04-03 00:00:00,24.839999999999996,79.258,0.0,0.004,0.6467518,0.0
2026-04-03 01:00:00,24.721666666666664,79.49833333333333,0.0,0.018333333333333333,0.6347605,0.0
2026-04-03 02:00:00,24.348333333333333,79.60833333333333,0.0,0.06166666666666667,0.6174751666666667,0.0
2026-04-03 03:00:00,24.291666666666668,79.77666666666666,0.0,0.0,0.6103086666666667,0.0
2026-04-03 04:00:00,24.115,79.84333333333333,0.0,0.0,0.6019063333333333,0.0
2026-04-03 05:00:00,24.123333333333335,79.84166666666667,0.0,0.0,0.6022511666666667,0.0
2026-04-03 06:00:00,24.37,80.03500000000001,0.0,0.0,0.6053431666666667,2.7883333333333336
2026-04-03 07:00:00,26.843333333333334,78.465,0.0,0.0,0.7641325,22.80666666666667
2026-04-03 08:00:00,31.24,69.85000000000001,0.0,0.6549999999999999,1.3688238333333331,64.22
2026-04-03 09:00:00,32.86,64.47666666666667,0.0,2.3816666666666664,1.7590681666666665,87.13666666666666
2026-04-03 10:00:00,33.06333333333333,62.73500000000001,0.0,6.9366666666666665,1.8670251666666668,103.78500000000001
2026-04-03 11:00:00,33.64666666666667,61.54833333333334,0.0,7.228333333333334,1.9897403333333334,103.995
2026-04-03 12:00:00,33.78666666666667,61.855,0.0,9.459999999999999,1.9894378333333333,104.10666666666667
2026-04-03 13:00:00,33.55166666666667,62.428333333333335,0.0,8.811666666666667,1.9339888333333333,103.84499999999998
2026-04-03 14:00:00,33.07666666666667,62.685,0.0,9.755,1.870382,94.29833333333333
2026-04-03 15:00:00,32.53666666666667,64.02666666666666,0.0,9.604999999999999,1.7499638333333332,71.60333333333334
2026-04-03 16:00:00,31.53833333333333,65.865,0.0,9.748333333333333,1.5694691666666667,40.291666666666664
2026-04-03 17:00:00,30.758333333333336,67.10666666666667,0.0,7.988333333333333,1.4475011666666668,14.975
2026-04-03 18:00:00,29.728333333333335,69.75333333333333,0.0,8.386666666666667,1.2548401666666666,0.8983333333333333
2026-04-03 19:00:00,29.30666666666667,70.66333333333334,0.0,4.045,1.1875856666666667,0.0
2026-04-03 20:00:00,28.804000000000002,71.942,0.0,0.63,1.1038578,0.0
2026-04-03 21:00:00,27.8,74.12833333333333,0.0,0.46,0.961423,0.0
2026-04-03 22:00:00,26.325,77.44333333333333,0.0,0.085,0.7680616666666666,0.0
2026-04-03 23:00:00,25.808333333333334,78.44,0.0,0.0,0.711988,0.0
2026-04-04 00:00:00,25.201666666666668,79.12333333333333,0.0,0.0,0.6650776666666667,0.0
2026-04-04 01:00:00,25.013333333333335,79.44333333333334,0.0,0.365,0.6475863333333334,0.0
2026-04-04 02:00:00,25.333333333333332,79.37833333333333,0.0,0.041666666666666664,0.6620956666666666,0.0
2026-04-04 03:00:00,25.05,79.42833333333333,0.0,0.021666666666666667,0.6494766666666667,0.0
2026-04-04 04:00:00,25.275000000000002,79.70166666666667,0.0,0.0,0.6494488333333334,0.0
2026-04-04 05:00:00,25.028333333333336,79.79,0.0,0.0,0.6372476666666667,0.0
2026-04-04 06:00:00,24.998333333333335,79.96166666666666,0.0,0.0,0.6306878333333333,3.063333333333334
2026-04-04 07:00:00,27.308333333333334,77.35333333333334,0.0,0.10666666666666667,0.8253391666666667,23.48
2026-04-04 08:00:00,32.108333333333334,67.88166666666667,0.0,0.3516666666666666,1.5374590000000001,70.99333333333333
2026-04-04 09:00:00,34.01166666666666,62.623333333333335,0.0,1.8716666666666668,1.9754663333333333,93.52499999999999
2026-04-04 10:00:00,33.45,61.406666666666666,0.0,6.398333333333333,1.9754013333333333,103.94166666666666
2026-04-04 11:00:00,33.815,60.531666666666666,0.0,7.396666666666667,2.062139333333333,103.99833333333333
2026-04-04 12:00:00,34.435,59.865,0.0,7.776666666666666,2.170246833333333,104.13166666666666
2026-04-04 13:00:00,34.055,60.66166666666667,0.0,9.025,2.082395,103.835
2026-04-04 14:00:00,33.71666666666667,61.843333333333334,0.0,9.051666666666668,1.9821609999999998,94.59333333333332
2026-04-04 15:00:00,33.056666666666665,63.068333333333335,0.0,9.503333333333332,1.8496721666666665,70.06166666666667
2026-04-04 16:00:00,32.43666666666667,64.83333333333333,0.0,8.203333333333333,1.7011895,39.995
2026-04-04 17:00:00,31.333333333333332,66.81166666666667,0.0,8.973333333333333,1.5087573333333333,16.773333333333333
2026-04-04 18:00:00,29.796666666666667,69.565,0.0,6.75,1.268146,1.065
2026-04-04 19:00:00,28.63,72.265,0.0,1.1366666666666667,1.0817591666666668,0.0
2026-04-04 20:00:00,26.996666666666666,76.45166666666667,0.0,0.0,0.833959,0.0
2026-04-04 21:00:00,26.076666666666668,77.90333333333334,0.0,0.0,0.7415569999999999,0.0
2026-04-04 22:00:00,25.401666666666667,78.92333333333333,0.0,0.0,0.6794461666666667,0.0
2026-04-04 23:00:00,25.03333333333333,79.29166666666667,0.0,0.0,0.6531685,0.0
2026-04-05 00:00:00,24.641666666666666,79.47833333333334,0.0,0.0,0.6323823333333333,0.0
2026-04-05 01:00:00,24.735,79.64,0.0,0.0,0.6308706666666667,0.0
2026-04-05 02:00:00,24.48166666666667,79.79166666666667,0.0,0.0,0.6168165,0.0
2026-04-05 03:00:00,24.503333333333334,79.895,0.0,0.3233333333333333,0.6144426666666667,0.0
2026-04-05 04:00:00,24.453333333333333,79.86166666666666,0.0,0.0,0.6136515,0.0
2026-04-05 05:00:00,24.08,79.88166666666667,0.0,0.023333333333333334,0.5995265,0.0
2026-04-05 06:00:00,24.15833333333333,80.09666666666668,0.0,0.0,0.5959091666666666,3.22
2026-04-05 07:00:00,26.973333333333333,78.14666666666666,0.0,0.36333333333333334,0.7812293333333334,25.77
2026-04-05 08:00:00,31.320000000000004,69.45833333333333,0.0,1.2366666666666666,1.396058,70.51333333333334
2026-04-05 09:00:00,34.17166666666667,62.52,0.0,1.4966666666666668,1.9984105,78.36
2026-04-05 10:00:00,33.858333333333334,61.03666666666667,0.0,4.488333333333333,2.0433738333333333,99.34166666666665
2026-04-05 11:00:00,34.855,59.093333333333334,0.0,6.2,2.2632041666666667,103.71
2026-04-05 12:00:00,34.785000000000004,59.94833333333333,0.0,7.921666666666667,2.207378,103.39
2026-04-05 13:00:00,34.79833333333333,60.211666666666666,0.0,9.76,2.1945346666666663,103.765
2026-04-05 14:00:00,34.44166666666666,60.73833333333334,0.0,9.858333333333333,2.1231519999999997,95.01833333333333
2026-04-05 15:00:00,33.98166666666666,61.16166666666667,0.0,9.495,2.0473815,72.52333333333333
2026-04-05 16:00:00,33.06333333333333,63.031666666666666,0.0,8.428333333333333,1.8563,41.32333333333333
2026-04-05 17:00:00,31.64833333333333,66.22666666666667,0.0,6.908333333333334,1.5623655,18.18
2026-04-05 18:00:00,30.105,68.89833333333333,0.0,4.151666666666666,1.318668,1.0316666666666665
2026-04-05 19:00:00,27.171666666666667,74.635,0.0,0.0,0.9130476666666666,0.0
2026-04-05 20:00:00,25.55333333333333,78.375,0.0,0.0,0.7034755,0.0
2026-04-05 21:00:00,24.823333333333334,78.85833333333333,0.0,0.0,0.658642,0.0
2026-04-05 22:00:00,24.33666666666667,79.14333333333333,0.0,0.15,0.6311406666666667,0.0
2026-04-05 23:00:00,23.78,79.33833333333332,0.0,0.0,0.6047573333333334,0.0
2026-04-06 00:00:00,23.554999999999996,79.57333333333334,0.0,0.0,0.5898376666666666,0.0
2026-04-06 01:00:00,23.698333333333334,79.77,0.0,0.041666666666666664,0.5892261666666666,0.0
2026-04-06 02:00:00,24.245,80.0,0.0,0.028333333333333335,0.601884,0.0
2026-04-06 03:00:00,24.081666666666667,80.045,0.0,0.0,0.5947095,0.0
2026-04-06 04:00:00,23.868333333333336,80.03666666666668,0.0,0.0,0.5874081666666667,0.0
2026-04-06 05:00:00,23.583333333333332,80.12,0.0,0.0,0.5751265,0.0
2026-04-06 06:00:00,23.96166666666667,80.28666666666668,0.2,0.006666666666666667,0.5833383333333333,4.75
2026-04-06 07:00:00,26.96666666666667,79.24833333333333,0.0,0.0016666666666666668,0.7384516666666666,26.56833333333333
2026-04-06 08:00:00,31.64833333333333,69.84,0.0,0.6016666666666667,1.4086515000000002,68.02166666666666
2026-04-06 09:00:00,33.41166666666667,63.98833333333334,0.0,3.3200000000000003,1.8410121666666666,80.28166666666667
2026-04-06 10:00:00,32.583333333333336,64.30166666666666,0.0,10.216666666666667,1.7412343333333336,104.24000000000001
2026-04-06 11:00:00,33.538333333333334,60.595,0.0,8.578333333333333,2.0272208333333332,103.22833333333334
2026-04-06 12:00:00,34.324999999999996,59.48333333333333,0.0,8.108333333333333,2.1770475,104.23166666666667
2026-04-06 13:00:00,34.35166666666667,58.245000000000005,0.0,9.956666666666667,2.246875333333333,103.88166666666666
2026-04-06 14:00:00,34.251666666666665,58.98499999999999,0.0,10.878333333333332,2.195054333333333,95.59166666666665
2026-04-06 15:00:00,34.52166666666667,58.85999999999999,0.0,8.038333333333334,2.2347181666666667,72.56
2026-04-06 16:00:00,33.75333333333334,60.45666666666667,0.0,8.051666666666668,2.060703833333333,41.541666666666664
2026-04-06 17:00:00,32.18,64.15666666666667,0.0,9.771666666666667,1.7109378333333334,17.756666666666664
2026-04-06 18:00:00,30.203333333333333,69.16000000000001,0.0,3.0033333333333334,1.3171928333333334,0.9783333333333334
2026-04-06 19:00:00,28.016000000000002,73.53999999999999,0.0,0.0,0.9965728,0.0
2026-04-06 20:00:00,25.793333333333333,77.65666666666667,0.0,0.0,0.7378238333333332,0.0
2026-04-06 21:00:00,24.705,78.76666666666667,0.0,0.0,0.6569851666666667,0.0
2026-04-06 22:00:00,24.028333333333332,79.045,0.0,0.0,0.6226665,0.0
2026-04-06 23:00:00,23.501666666666665,79.28166666666667,0.0,0.0,0.5964131666666667,0.0
2026-04-07 00:00:00,22.87,79.28666666666668,0.0,0.0,0.5739791666666667,0.0
2026-04-07 01:00:00,22.578333333333333,79.34833333333334,0.0,0.0,0.5622715,0.0
2026-04-07 02:00:00,22.38,79.54333333333334,0.0,0.0,0.5503156666666666,0.0
2026-04-07 03:00:00,22.636666666666667,79.69500000000001,0.0,0.0,0.5547885,0.0
2026-04-07 04:00:00,22.708333333333332,79.81,0.0,0.18833333333333332,0.5540458333333333,0.0
2026-04-07 05:00:00,22.936666666666667,79.84333333333333,0.0,0.041666666666666664,0.5608075,0.0
2026-04-07 06:00:00,23.655714285714286,80.03428571428572,0.2,0.0,0.5801035714285714,2.6257142857142854
2026-04-07 07:00:00,26.96666666666667,78.75666666666667,0.0,0.32,0.7574988333333333,26.94666666666667
2026-04-07 08:00:00,31.44333333333333,70.55666666666666,0.0,2.216666666666667,1.3550433333333334,70.42333333333333
2026-04-07 09:00:00,34.50666666666667,63.17666666666667,0.0,3.02,1.9992288333333335,91.24000000000001
2026-04-07 10:00:00,33.52166666666667,63.86166666666666,0.0,7.3183333333333325,1.8579563333333333,93.22500000000001
2026-04-07 11:00:00,34.12,62.211666666666666,0.0,7.521666666666667,2.007357333333333,104.07
2026-04-07 12:00:00,34.31,61.57833333333334,0.0,7.891666666666667,2.0630076666666666,104.28833333333334
2026-04-07 13:00:00,34.586666666666666,60.48666666666667,0.0,10.748333333333333,2.1542813333333335,103.82666666666667
2026-04-07 14:00:00,34.705,59.53,0.0,8.291666666666666,2.2208548333333336,95.315
2026-04-07 15:00:00,34.61666666666667,58.605,0.0,9.28,2.2601788333333332,71.85166666666667
2026-04-07 16:00:00,34.10666666666666,59.57666666666666,0.0,7.258333333333333,2.1468386666666666,41.38833333333333
2026-04-07 17:00:00,32.705000000000005,62.27666666666667,0.0,7.751666666666666,1.8533931666666668,19.288333333333334
2026-04-07 18:00:00,30.715,65.53666666666668,0.0,3.17,1.5171816666666667,1.6600000000000001
2026-04-07 19:00:00,26.886666666666667,73.27333333333333,0.0,0.0,0.9441961666666666,0.0
2026-04-07 20:00:00,24.858333333333334,77.72,0.0,0.0,0.6957286666666667,0.0
2026-04-07 21:00:00,24.058333333333334,78.67833333333333,0.0,0.0,0.6345778333333333,0.0
2026-04-07 22:00:00,23.736666666666665,78.95,0.0,0.0,0.6145578333333334,0.0
2026-04-07 23:00:00,23.766666666666666,78.85666666666667,0.0,0.05333333333333334,0.6183743333333332,0.0
2026-04-08 00:00:00,23.651666666666667,79.14,0.0,0.0,0.6058648333333333,0.0
2026-04-08 01:00:00,23.988333333333333,79.22166666666666,0.0,0.0,0.615846,0.0
2026-04-08 02:00:00,23.576666666666668,78.99333333333334,0.0,0.0,0.6075643333333333,0.0
2026-04-08 03:00:00,22.569999999999997,79.30833333333334,0.0,0.0,0.5631195,0.0
2026-04-08 04:00:00,22.295,79.46166666666666,0.0,0.0,0.5497013333333333,0.0
2026-04-08 05:00:00,22.111666666666665,79.58666666666666,0.0,0.0,0.540316,0.0
2026-04-08 06:00:00,22.276666666666667,79.715,0.0,0.0,0.5423239999999999,3.4233333333333333
2026-04-08 07:00:00,25.676666666666666,77.545,0.0,0.0,0.7478868333333333,27.30666666666667
2026-04-08 08:00:00,31.363333333333333,68.08666666666666,0.0,0.40499999999999997,1.4586053333333335,68.95
2026-04-08 09:00:00,34.513333333333335,61.61166666666667,0.0,1.805,2.0881095,102.82666666666667
2026-04-08 10:00:00,35.031666666666666,58.63166666666667,0.0,4.165,2.3150589999999998,100.34500000000001
2026-04-08 11:00:00,34.705000000000005,59.13333333333333,0.0,7.346666666666667,2.2430471666666665,100.62
2026-04-08 12:00:00,35.04833333333333,59.065,0.0,8.775,2.2891351666666666,104.26333333333334
2026-04-08 13:00:00,34.915,58.846666666666664,0.0,8.266666666666667,2.284514666666667,103.71833333333332
2026-04-08 14:00:00,34.39,59.971666666666664,0.0,9.706666666666667,2.1590548333333333,94.13499999999999
2026-04-08 15:00:00,33.903333333333336,61.30833333333334,0.0,9.758333333333333,2.0309945,70.3
2026-04-08 16:00:00,33.18666666666667,62.48333333333333,0.0,9.676666666666668,1.8931388333333334,39.873333333333335
2026-04-08 17:00:00,31.96666666666667,65.40666666666667,0.0,7.52,1.6301708333333333,16.669999999999998
2026-04-08 18:00:00,30.496666666666666,68.795,0.0,5.0,1.353387,1.0333333333333334
2026-04-08 19:00:00,29.77333333333333,70.42,0.0,3.6616666666666666,1.2301551666666666,0.0
2026-04-08 20:00:00,28.28,73.18666666666667,0.0,0.6366666666666666,1.0276218333333333,0.0
2026-04-08 21:00:00,26.098333333333333,77.41333333333334,0.0,0.0,0.7588893333333333,0.0
2026-04-08 22:00:00,25.37,78.55666666666667,0.0,0.0,0.6900314999999999,0.0
2026-04-08 23:00:00,24.853333333333335,78.91,0.0,0.0,0.6581415,0.0
2026-04-09 00:00:00,24.27,79.04,0.0,0.0,0.6317348333333334,0.0
2026-04-09 01:00:00,23.73,79.145,0.0,0.0,0.6085815,0.0
2026-04-09 02:00:00,23.451666666666668,79.17666666666666,0.0,0.0,0.5975808333333333,0.0
2026-04-09 03:00:00,23.058333333333334,79.12333333333333,0.0,0.0,0.5851281666666667,0.0
2026-04-09 04:00:00,23.14,79.402,0.0,0.0,0.5801769999999999,0.0
2026-04-09 05:00:00,23.066666666666666,79.53500000000001,0.0,0.0,0.5738863333333334,0.0
2026-04-09 06:00:00,23.211666666666662,79.57666666666667,0.0,0.0,0.577768,3.375
2026-04-09 07:00:00,26.60166666666667,77.23666666666666,0.0,0.0,0.7977428333333334,24.74333333333333
2026-04-09 08:00:00,32.15833333333333,67.60333333333334,0.0,0.06833333333333334,1.553204,61.373333333333335
2026-04-09 09:00:00,32.95166666666667,65.22333333333334,0.0,3.525,1.7353373333333335,57.68666666666667
2026-04-09 10:00:00,32.93833333333333,64.28,0.0,4.488333333333333,1.78329,85.35666666666667
2026-04-09 11:00:00,33.791666666666664,61.49333333333333,0.0,7.533333333333334,2.0090523333333334,97.63166666666666
2026-04-09 12:00:00,34.208333333333336,61.086666666666666,0.0,9.2,2.0771271666666666,98.38166666666666
2026-04-09 13:00:00,34.55833333333333,59.525,0.0,8.155,2.203466166666667,102.11333333333334
2026-04-09 14:00:00,34.60166666666667,59.18666666666667,0.0,8.353333333333333,2.2268149999999998,94.49666666666667
2026-04-09 15:00:00,33.79333333333333,60.123333333333335,0.0,10.125,2.080199,70.66333333333334
2026-04-09 16:00:00,33.071666666666665,60.221666666666664,0.0,7.456666666666667,1.9936068333333334,35.48166666666666
2026-04-09 17:00:00,32.07833333333333,61.585,0.0,8.883333333333333,1.82182,17.94333333333333
2026-04-09 18:00:00,30.358333333333334,65.82,0.0,6.841666666666666,1.470604,1.3083333333333333
2026-04-09 19:00:00,29.040000000000003,67.87666666666667,0.0,0.8116666666666666,1.2844879999999999,0.0
2026-04-09 20:00:00,26.10166666666667,75.13666666666667,0.0,0.0,0.8370799999999999,0.0
2026-04-09 21:00:00,24.736666666666665,77.635,0.0,0.0,0.6935465000000001,0.0
2026-04-09 22:00:00,24.065,78.48333333333333,0.0,0.005,0.6406561666666667,0.0
2026-04-09 23:00:00,23.641666666666666,78.81166666666667,0.0,0.19833333333333333,0.6150518333333334,0.0
2026-04-10 00:00:00,23.03833333333333,78.97500000000001,0.0,0.0,0.5885836666666667,0.0
2026-04-10 01:00:00,22.584999999999997,79.235,0.0,0.0,0.565617,0.0
2026-04-10 02:00:00,22.185000000000002,79.34333333333332,0.0,0.0,0.5491908333333333,0.0
2026-04-10 03:00:00,21.986666666666665,79.395,0.0,0.0,0.5412541666666667,0.0
2026-04-10 04:00:00,21.653333333333336,79.44333333333334,0.0,0.0,0.5291715,0.0
2026-04-10 05:00:00,21.314999999999998,79.45,0.0,0.0,0.518162,0.0
2026-04-10 06:00:00,21.796666666666667,79.715,0.0,0.0,0.526744,3.4299999999999997
2026-04-10 07:00:00,25.735,78.045,0.0,0.0,0.7343160000000001,26.558333333333334
2026-04-10 08:00:00,31.855,67.565,0.0,0.0,1.5353921666666668,67.895
2026-04-10 09:00:00,34.818333333333335,60.835,0.0,1.2583333333333333,2.166160666666667,100.48166666666667
2026-04-10 10:00:00,34.04,60.665,0.0,4.403333333333333,2.089844333333333,83.17833333333333
2026-04-10 11:00:00,34.818333333333335,58.656666666666666,0.0,7.098333333333333,2.2839348333333334,103.945
2026-04-10 12:00:00,35.005,59.05166666666667,0.0,6.746666666666666,2.2843131666666667,104.32333333333334
2026-04-10 13:00:00,34.830000000000005,58.99333333333334,0.0,8.345,2.2661198333333332,103.64166666666667
2026-04-10 14:00:00,34.464,61.288,0.0,9.67,2.0962486,94.372
2026-04-10 15:00:00,33.685,62.473333333333336,0.0,9.058333333333334,1.9462831666666667,69.15166666666667
2026-04-10 16:00:00,32.74333333333333,64.06666666666666,0.0,8.598333333333334,1.7689138333333334,39.01166666666666
2026-04-10 17:00:00,31.778333333333332,65.345,0.0,7.526666666666667,1.6159666666666668,16.21
2026-04-10 18:00:00,30.031666666666666,68.42333333333333,0.0,6.345,1.3335033333333335,1.1316666666666666
2026-04-10 19:00:00,29.248333333333335,70.03166666666667,0.0,4.216666666666667,1.2091288333333334,0.0
2026-04-10 20:00:00,27.615,74.41,0.0,0.0,0.9422611666666666,0.0
2026-04-10 21:00:00,26.69666666666667,76.885,0.0,0.0,0.8044603333333332,0.0
2026-04-10 22:00:00,26.09166666666667,77.895,0.0,0.0,0.7422768333333334,0.0
2026-04-10 23:00:00,25.246666666666666,78.61166666666666,0.0,0.0,0.6833216666666667,0.0
2026-04-11 00:00:00,24.856666666666666,79.13666666666667,0.0,0.0,0.6511715,0.0
2026-04-11 01:00:00,24.438333333333333,79.29,0.0,0.0,0.6305156666666667,0.0
2026-04-11 02:00:00,23.926666666666666,79.36833333333334,0.0,0.0,0.609195,0.0
2026-04-11 03:00:00,23.661666666666665,79.50666666666667,0.0,0.0,0.5955849999999999,0.0
2026-04-11 04:00:00,23.40833333333333,79.58166666666666,0.0,0.0,0.5844803333333334,0.0
2026-04-11 05:00:00,22.91333333333333,79.68833333333333,0.0,0.0,0.5643325,0.0
2026-04-11 06:00:00,22.985,79.795,0.0,0.0,0.5638195,3.2449999999999997
2026-04-11 07:00:00,26.50333333333333,77.59,0.0,0.0,0.7819518333333333,29.78
2026-04-11 08:00:00,31.325,67.56833333333334,0.0,1.6983333333333333,1.4801951666666666,70.21
2026-04-11 09:00:00,33.75666666666667,59.67666666666667,0.0,2.643333333333333,2.0999309999999998,91.23
2026-04-11 10:00:00,33.74166666666667,58.211666666666666,0.0,6.508333333333333,2.174138166666667,104.42333333333333
2026-04-11 11:00:00,34.66,56.553333333333335,0.0,7.246666666666666,2.3779486666666667,104.02
2026-04-11 12:00:00,34.660000000000004,56.33833333333334,0.0,8.721666666666666,2.3903955,104.37666666666667
2026-04-11 13:00:00,35.475,53.92666666666667,0.0,8.051666666666668,2.6382995,103.65499999999999
2026-04-11 14:00:00,34.986666666666665,55.30166666666667,0.0,9.325000000000001,2.4908481666666664,95.815
2026-04-11 15:00:00,34.435,56.865,0.0,9.020000000000001,2.3319176666666666,70.44166666666666
2026-04-11 16:00:00,33.72,58.81999999999999,0.0,7.585,2.1397296666666668,39.47
2026-04-11 17:00:00,32.655,60.96666666666667,0.0,5.895,1.9125898333333333,17.208333333333332
2026-04-11 18:00:00,30.438333333333333,66.40666666666667,0.0,4.596666666666667,1.4554503333333333,1.2883333333333333
2026-04-11 19:00:00,27.819999999999997,72.88833333333334,0.0,0.09666666666666668,1.0132116666666666,0.0
2026-04-11 20:00:00,25.493333333333336,77.44166666666668,0.0,0.0,0.7317756666666666,0.0
2026-04-11 21:00:00,24.661666666666665,78.55666666666667,0.0,0.0,0.6615658333333333,0.0
2026-04-11 22:00:00,23.810000000000002,78.72,0.0,0.0,0.6240603333333333,0.0
2026-04-11 23:00:00,23.176666666666666,79.06,0.0,0.0,0.5910885,0.0
2026-04-12 00:00:00,22.703333333333333,79.23333333333333,0.0,0.0,0.5697848333333333,0.0
2026-04-12 01:00:00,21.905,79.19833333333334,0.0,0.0,0.5437163333333334,0.0
2026-04-12 02:00:00,21.833333333333332,79.395,0.0,0.0,0.5362316666666667,0.0
2026-04-12 03:00:00,21.74,79.47200000000001,0.0,0.0,0.5311984,0.0
2026-04-12 04:00:00,21.528333333333336,79.55833333333334,0.0,0.0,0.5221853333333334,0.0
2026-04-12 05:00:00,21.323333333333334,79.54,0.0,0.0,0.5161703333333333,0.0
2026-04-12 06:00:00,21.74666666666667,79.73166666666667,0.0,0.0,0.5247325,3.1749999999999994
2026-04-12 07:00:00,25.59,76.85166666666667,0.0,0.0,0.7677108333333335,28.031666666666666
2026-04-12 08:00:00,31.13,67.88666666666667,0.0,0.9049999999999999,1.4508185000000002,60.60166666666667
2026-04-12 09:00:00,33.318333333333335,62.718333333333334,0.0,1.6066666666666667,1.8969283333333333,74.03833333333334
2026-04-12 10:00:00,34.413333333333334,59.82333333333333,0.0,1.9783333333333333,2.1719643333333334,79.52166666666666
2026-04-12 11:00:00,34.915,58.44166666666666,0.0,4.458333333333333,2.3117813333333337,95.36333333333334
2026-04-12 12:00:00,35.32833333333333,57.748333333333335,0.0,7.3,2.3993853333333335,104.38833333333334
2026-04-12 13:00:00,35.09,59.339999999999996,0.0,8.216666666666667,2.279666333333333,103.64
2026-04-12 14:00:00,34.68333333333333,59.973333333333336,0.0,11.104999999999999,2.1937971666666667,95.625
2026-04-12 15:00:00,33.733333333333334,62.675000000000004,0.0,10.656666666666666,1.9412316666666667,71.40666666666667
2026-04-12 16:00:00,32.98833333333334,63.85666666666666,0.0,8.171666666666667,1.8030208333333333,38.08166666666667
2026-04-12 17:00:00,32.175000000000004,65.63833333333334,0.0,4.7250000000000005,1.6380495,15.615
2026-04-12 18:00:00,30.436666666666667,69.12333333333333,0.0,4.565,1.3352148333333334,1.1783333333333335
2026-04-12 19:00:00,28.418333333333333,74.19166666666666,0.0,0.255,0.9954755,0.0
2026-04-12 20:00:00,26.528,78.024,0.0,0.302,0.7574168,0.0
2026-04-12 21:00:00,25.974999999999998,78.77333333333333,0.0,0.0,0.7079114999999999,0.0
2026-04-12 22:00:00,25.556,79.10600000000001,0.0,0.002,0.6797664,0.0
2026-04-12 23:00:00,25.108333333333334,79.24833333333333,0.0,0.0,0.6574433333333333,0.0
2026-04-13 00:00:00,24.94,79.49,0.0,0.0,0.6433051666666666,0.0
2026-04-13 01:00:00,24.895,79.66666666666667,0.0,0.0,0.636073,0.0
2026-04-13 02:00:00,25.043333333333333,79.825,0.0,0.0,0.6367195,0.0
2026-04-13 03:00:00,24.996666666666666,79.84166666666667,0.0,0.0,0.6344258333333334,0.0
2026-04-13 04:00:00,24.568,79.872,0.0,0.0,0.6175334,0.0
2026-04-13 05:00:00,24.255,79.89333333333333,0.0,0.0,0.6054545,0.0
2026-04-13 06:00:00,24.400000000000002,80.03500000000001,0.0,0.27999999999999997,0.6064368333333333,3.751666666666667
2026-04-13 07:00:00,27.005,78.99166666666667,0.0,0.0,0.7500361666666667,25.876666666666665
2026-04-13 08:00:00,31.743333333333336,70.10333333333334,0.0,1.03,1.4003933333333334,61.62166666666667
2026-04-13 09:00:00,33.718333333333334,64.50666666666667,0.0,3.081666666666667,1.845021,89.49833333333333
2026-04-13 10:00:00,33.925000000000004,62.348333333333336,0.0,7.103333333333334,1.9786103333333334,104.46499999999999
2026-04-13 11:00:00,34.33166666666667,61.60999999999999,0.0,7.613333333333333,2.0637005,100.07333333333334
2026-04-13 12:00:00,34.76833333333333,60.89833333333333,0.0,8.685,2.1535611666666665,104.40666666666668
2026-04-13 13:00:00,34.67333333333333,61.173333333333325,0.0,9.26,2.1267406666666666,103.65666666666668
2026-04-13 14:00:00,34.33,61.16833333333333,0.0,10.391666666666667,2.0870175,95.27333333333333
2026-04-13 15:00:00,34.14333333333334,61.995,0.0,9.046666666666667,2.021573,69.01833333333333
2026-04-13 16:00:00,33.55833333333334,63.39333333333334,0.0,7.971666666666667,1.8853976666666667,39.68833333333333
2026-04-13 17:00:00,32.145,66.22333333333334,0.0,8.354999999999999,1.6085325,16.245
2026-04-13 18:00:00,30.650000000000002,69.91333333333334,0.0,6.073333333333333,1.3160411666666667,1.1166666666666667
2026-04-13 19:00:00,29.861666666666668,71.44500000000001,0.0,4.293333333333333,1.1934878333333334,0.0
2026-04-13 20:00:00,28.22,74.78833333333334,0.0,0.0,0.9604824999999999,0.0
2026-04-13 21:00:00,26.631666666666664,78.00166666666667,0.0,0.0,0.7627773333333333,0.0
2026-04-13 22:00:00,25.94666666666667,78.70666666666666,0.0,0.0,0.7089988333333334,0.0
2026-04-13 23:00:00,25.268,79.022,0.0,0.0,0.6710081999999999,0.0
2026-04-14 00:00:00,24.8725,79.36,0.0,0.0,0.6448275,0.0
2026-04-14 01:00:00,24.372500000000002,79.39,0.0,0.0,0.624993,0.0
2026-04-14 02:00:00,24.244,79.536,0.0,0.0,0.6158182,0.0
2026-04-14 03:00:00,24.113999999999997,79.65,0.0,0.041999999999999996,0.6076408000000001,0.0
2026-04-14 04:00:00,24.131666666666664,79.68666666666667,0.0,0.0,0.60719,0.0
2026-04-14 05:00:00,24.138333333333332,79.71833333333333,0.0,0.0,0.6064886666666667,0.0
2026-04-14 06:00:00,24.5125,79.84,0.0,0.0,0.616522,4.6525
2026-04-14 07:00:00,27.915,76.2725,0.0,0.0,0.8995249999999999,28.6425
2026-04-14 08:00:00,32.854,67.458,0.0,0.374,1.6200696,63.23
2026-04-14 09:00:00,34.36666666666667,63.14333333333334,0.0,2.97,1.9849893333333333,101.43333333333334
2026-04-14 10:00:00,34.7975,61.07,0.0,4.7875,2.15114,104.5525
2026-04-14 11:00:00,35.548,58.838,0.0,5.723999999999999,2.3680698,103.50999999999999
2026-04-14 12:00:00,35.715999999999994,60.291999999999994,0.0,6.816,2.303534,98.01599999999999
2026-04-14 13:00:00,35.20333333333333,61.67333333333334,0.0,9.063333333333334,2.1619808333333332,103.52333333333333
2026-04-14 14:00:00,35.074999999999996,61.02333333333333,0.0,8.536666666666667,2.1830713333333334,94.90333333333335
2026-04-14 15:00:00,34.254,63.178,0.0,10.648,1.9710632000000001,71.172
2026-04-14 16:00:00,33.172000000000004,65.50800000000001,0.0,9.034,1.7393636000000001,39.278000000000006
2026-04-14 17:00:00,31.936,68.554,0.0,8.576,1.480392,17.044
2026-04-14 18:00:00,30.736666666666668,71.12,0.0,7.103333333333333,1.268816,0.8933333333333332
2026-04-14 19:00:00,30.05,71.76,0.0,4.963333333333334,1.1928946666666667,0.0
2026-04-14 20:00:00,29.504,72.518,0.0,1.0539999999999998,1.126045,0.0
2026-04-14 21:00:00,28.05333333333333,76.56666666666668,0.0,0.0,0.8832546666666667,0.0
2026-04-14 22:00:00,26.94666666666667,78.52333333333333,0.0,0.0,0.7584654999999999,0.0
2026-04-14 23:00:00,26.47,78.915,0.0,0.0,0.7238826666666666,0.0
2026-04-15 00:00:00,25.866666666666664,79.19333333333333,0.0,0.0,0.6893973333333333,0.0
2026-04-15 01:00:00,25.296666666666667,79.31,0.0,0.0,0.662829,0.0
2026-04-15 02:00:00,25.18,79.476,0.0,0.0,0.6529784000000001,0.0
2026-04-15 03:00:00,24.849999999999998,79.5325,0.0,0.0,0.6385965,0.0
2026-04-15 04:00:00,24.708000000000002,79.658,0.0,0.0,0.6293196,0.0
2026-04-15 05:00:00,24.506,79.712,0.0,0.0,0.6201293999999999,0.0
2026-04-15 06:00:00,24.768,79.798,0.0,0.0,0.6272344000000001,4.496
2026-04-15 07:00:00,27.873333333333335,77.77499999999999,0.0,0.0,0.8369030000000001,26.426666666666666
2026-04-15 08:00:00,32.182,69.902,0.0,0.28400000000000003,1.4428288,54.291999999999994
2026-04-15 09:00:00,34.263999999999996,63.848,0.0,2.582,1.9391262,100.72200000000001
2026-04-15 10:00:00,34.39666666666667,61.195,0.0,4.62,2.0932631666666666,93.84166666666665
2026-04-15 11:00:00,34.545,61.95,0.0,9.415,2.069304,102.625
2026-04-15 12:00:00,34.755,61.65,0.0,8.985,2.110023,104.44833333333334
2026-04-15 13:00:00,34.414,62.455999999999996,0.0,9.23,2.0273644,103.644
2026-04-15 14:00:00,34.088,63.136,0.0,10.17,1.9549172,94.94
2026-04-15 15:00:00,33.798,63.052,0.0,9.898,1.9282150000000002,72.554
2026-04-15 16:00:00,32.88,64.478,0.0,10.59,1.7612554,39.692
2026-04-15 17:00:00,31.910000000000004,67.298,0.0,8.984,1.5370496,15.978
2026-04-15 18:00:00,30.631999999999998,70.138,0.0,6.522,1.3048344,1.3359999999999999
2026-04-15 19:00:00,30.015,71.175,0.0,2.2800000000000002,1.2152305,0.0
2026-04-15 20:00:00,27.788,75.636,0.0,0.0,0.9045472,0.0
2026-04-15 21:00:00,26.72,77.93666666666667,0.0,0.0,0.7688996666666666,0.0
2026-04-15 22:00:00,26.2975,78.6825,0.0,0.0,0.724458,0.0
2026-04-15 23:00:00,25.956666666666667,79.12,0.0,0.8033333333333333,0.695542,0.0
2026-04-16 00:00:00,25.48,79.24600000000001,0.0,0.0,0.6721668,0.0
2026-04-16 01:00:00,25.162,79.36800000000001,0.0,0.2,0.6557162,0.0
2026-04-16 02:00:00,24.7775,79.4875,0.0,0.0,0.63721175,0.0
2026-04-16 03:00:00,24.682,79.626,0.0,0.0,0.6293214,0.0
2026-04-16 04:00:00,24.415,79.6075,0.0,0.0,0.6199645,0.0
2026-04-16 05:00:00,24.570000000000004,79.79166666666667,0.0,0.018333333333333333,0.6200516666666667,0.0
2026-04-16 06:00:00,24.978,79.878,0.0,0.0,0.6326714,5.138
2026-04-16 07:00:00,27.905,77.135,0.0,0.0,0.858366,25.5625
2026-04-16 08:00:00,33.071999999999996,67.334,0.0,0.16799999999999998,1.6431069999999999,65.264
2026-04-16 09:00:00,34.980000000000004,61.715999999999994,0.0,0.722,2.1400842,85.038
2026-04-16 10:00:00,35.193333333333335,60.626666666666665,0.0,1.8333333333333333,2.2264528333333335,85.56333333333333
2026-04-16 11:00:00,35.428,57.638,0.0,6.372,2.4254697999999997,98.854
2026-04-16 12:00:00,36.38,57.575,0.0,6.154999999999999,2.5529625,81.93
2026-04-16 13:00:00,36.39,57.428,0.0,8.443999999999999,2.5642824,103.328
2026-04-16 14:00:00,35.35,58.432500000000005,0.0,7.7225,2.36383975,95.06
2026-04-16 15:00:00,34.586666666666666,59.46,0.0,7.819999999999999,2.209729,74.98333333333333
2026-04-16 16:00:00,33.544,60.208000000000006,0.0,9.542,2.0475938,37.082
2026-04-16 17:00:00,32.364999999999995,63.8775,0.0,9.725,1.74194725,14.8
2026-04-16 18:00:00,31.1075,67.2975,0.0,1.8025,1.4691147500000001,0.595
2026-04-16 19:00:00,29.5675,71.0875,0.0,0.005,1.18912125,0.0
2026-04-16 20:00:00,28.54,73.50750000000001,0.0,0.16,1.02636375,0.0
2026-04-16 21:00:00,27.555,75.7475,0.0,0.1325,0.887222,0.0
2026-04-16 22:00:00,26.79,74.855,0.0,0.0,0.8798835,0.0
2026-04-16 23:00:00,25.742,76.79400000000001,0.0,0.0,0.76374,0.0
2026-04-17 00:00:00,25.506,78.138,0.0,0.0,0.7091428,0.0
2026-04-17 01:00:00,25.389999999999997,78.062,0.0,0.0,0.7067196,0.0
2026-04-17 02:00:00,25.53833333333333,78.19833333333334,0.0,0.0,0.7085828333333334,0.0
2026-04-17 03:00:00,25.188333333333333,78.81833333333334,0.0,0.0,0.6742433333333334,0.0
2026-04-17 04:00:00,24.97666666666667,79.02333333333333,0.0,0.0,0.6593896666666667,0.0
2026-04-17 05:00:00,24.778333333333332,79.24499999999999,0.0,0.0,0.6447625,0.0
2026-04-17 06:00:00,25.378333333333334,79.435,0.0,0.0,0.6621748333333334,3.108333333333333
2026-04-17 07:00:00,29.198333333333334,74.12,0.0,0.0,1.062736,29.848333333333333
2026-04-17 08:00:00,32.086666666666666,67.86166666666666,0.0,0.11499999999999999,1.5259856666666665,41.45333333333333
2026-04-17 09:00:00,34.38333333333333,62.471666666666664,0.0,2.26,2.0232616666666665,91.11
2026-04-17 10:00:00,34.87166666666667,59.81333333333333,0.0,4.155,2.2259126666666664,98.99000000000001
2026-04-17 11:00:00,35.19166666666667,59.326666666666675,0.0,5.3133333333333335,2.2928841666666666,103.355
2026-04-17 12:00:00,35.31666666666667,58.538333333333334,0.0,8.695,2.3530088333333334,99.40666666666668
2026-04-17 13:00:00,35.38833333333333,59.61833333333334,0.0,8.700000000000001,2.3016343333333333,103.735
2026-04-17 14:00:00,34.17166666666667,61.54,0.0,8.711666666666666,2.049313,97.64333333333333
2026-04-17 15:00:00,34.361666666666665,62.28666666666667,0.0,7.78,2.0326968333333335,78.92166666666667
2026-04-17 16:00:00,33.15833333333333,64.36833333333334,0.0,9.366666666666667,1.7943765,40.53333333333333
2026-04-17 17:00:00,32.31166666666667,66.53500000000001,0.0,6.361666666666667,1.6079861666666666,15.590000000000002
2026-04-17 18:00:00,30.918333333333333,68.48833333333333,0.0,1.84,1.4016048333333335,1.0683333333333334
2026-04-17 19:00:00,29.0,70.71833333333333,0.0,1.9183333333333332,1.165815,0.0
2026-04-17 20:00:00,27.338333333333335,69.01333333333334,0.0,1.5,1.1193708333333332,0.0
2026-04-17 21:00:00,26.2,72.69833333333334,0.0,0.3,0.9234328333333334,0.0
2026-04-17 22:00:00,25.456666666666667,75.89333333333333,0.0,0.19166666666666665,0.7796958333333333,0.0
2026-04-17 23:00:00,25.026666666666667,76.80166666666666,0.0,0.06166666666666667,0.7315611666666667,0.0
2026-04-18 00:00:00,25.02,77.37666666666667,0.0,0.011666666666666667,0.7130393333333335,0.0
2026-04-18 01:00:00,24.275000000000002,78.38166666666667,0.0,0.0,0.6517905,0.0
2026-04-18 02:00:00,24.145,78.89,0.0,0.0,0.631517,0.0
2026-04-18 03:00:00,23.933333333333334,79.00333333333333,0.0,0.0,0.6202121666666667,0.0
2026-04-18 04:00:00,23.771666666666665,79.12833333333333,0.0,0.0,0.6105918333333333,0.0
2026-04-18 05:00:00,23.53333333333333,79.22666666666667,0.0,0.0,0.5990785,0.0
2026-04-18 06:00:00,24.088333333333335,79.48,0.0,0.0,0.6119385,5.77
2026-04-18 07:00:00,27.39,75.50166666666667,0.0,0.0,0.9012981666666667,24.011666666666667
2026-04-18 08:00:00,32.42,66.08833333333332,0.0,0.7166666666666667,1.6435855000000001,62.55666666666667
2026-04-18 09:00:00,33.446666666666665,63.75,0.0,2.5416666666666665,1.8590468333333334,97.76833333333333
2026-04-18 10:00:00,34.718333333333334,60.23666666666667,0.0,4.305,2.188827,100.76166666666667
2026-04-18 11:00:00,35.455000000000005,57.665,0.0,5.903333333333333,2.423021,103.99666666666667
2026-04-18 12:00:00,36.285000000000004,56.615,0.0,6.48,2.5967161666666665,104.5
2026-04-18 13:00:00,35.71,58.07833333333334,0.0,8.043333333333335,2.431416,96.54166666666667
2026-04-18 14:00:00,34.901666666666664,60.365,0.0,9.725,2.1985906666666666,101.58333333333333
2026-04-18 15:00:00,33.642,60.508,0.0,5.148,2.0477998,60.98
2026-04-18 16:00:00,33.805,58.26,0.0,2.15,2.185322333333333,42.97666666666667
2026-04-18 17:00:00,33.38333333333333,59.44,0.0,1.2416666666666665,2.069250333333333,17.021666666666665
2026-04-18 18:00:00,30.03,66.795,0.0,0.8666666666666667,1.4102875,1.2533333333333332
2026-04-18 19:00:00,27.703333333333333,71.69166666666666,0.0,0.585,1.0447805000000001,0.0
2026-04-18 20:00:00,26.65833333333333,74.44333333333333,0.0,0.0,0.8878735,0.0
2026-04-18 21:00:00,25.815,77.05333333333333,0.0,0.0,0.7580758333333333,0.0
2026-04-18 22:00:00,25.355,77.76833333333333,0.0,0.0,0.7149185,0.0
2026-04-18 23:00:00,25.026666666666667,78.60166666666667,0.0,0.0,0.6746406666666666,0.0
2026-04-19 00:00:00,24.858333333333334,78.92666666666666,0.0,0.0,0.6577823333333334,0.0
2026-04-19 01:00:00,24.77,79.20666666666666,0.0,0.0,0.6456363333333334,0.0
2026-04-19 02:00:00,24.671666666666667,79.30333333333333,0.0,0.0,0.6388951666666666,0.0
2026-04-19 03:00:00,24.503333333333334,79.34833333333334,0.0,0.0,0.6311513333333333,0.0
2026-04-19 04:00:00,24.66333333333333,79.52666666666666,0.0,0.0,0.6317218333333333,0.0
2026-04-19 05:00:00,24.495,79.57833333333333,0.0,0.7133333333333333,0.6238195,0.0
2026-04-19 06:00:00,25.03,79.62666666666667,0.0,0.11333333333333334,0.6426413333333333,4.756666666666667
2026-04-19 07:00:00,28.096666666666668,75.435,0.0,0.8366666666666666,0.9383361666666667,28.483333333333334
2026-04-19 08:00:00,32.01166666666666,67.49333333333334,0.0,1.3933333333333333,1.5439855,50.63999999999999
2026-04-19 09:00:00,33.195,65.28833333333334,0.0,1.205,1.7630506666666665,69.71166666666666
2026-04-19 10:00:00,34.471666666666664,59.35833333333333,0.0,4.351666666666667,2.202329,95.23
2026-04-19 11:00:00,34.98833333333334,57.48166666666666,0.0,5.906666666666666,2.3711086666666668,104.03500000000001
2026-04-19 12:00:00,35.06166666666667,56.87,0.0,9.08,2.4143458333333334,103.05833333333334
2026-04-19 13:00:00,35.17166666666667,54.76833333333334,0.0,8.866666666666667,2.5467108333333335,103.44666666666666
2026-04-19 14:00:00,34.88666666666666,55.824999999999996,0.0,9.103333333333333,2.448952166666667,92.24833333333333
2026-04-19 15:00:00,34.193333333333335,58.22833333333333,0.0,8.43,2.2284698333333335,68.825
2026-04-19 16:00:00,33.53,58.63833333333333,0.0,8.22,2.127103,38.763333333333335
2026-04-19 17:00:00,31.85166666666667,63.56,0.0,6.53,1.7065868333333334,7.411666666666666
2026-04-19 18:00:00,30.656666666666666,65.70333333333333,0.0,1.0483333333333333,1.5026661666666667,0.5933333333333334
2026-04-19 19:00:00,28.46166666666667,71.77666666666666,0.0,0.25833333333333336,1.0896745,0.0
2026-04-19 20:00:00,27.57166666666667,74.49,0.0,0.2866666666666667,0.9346285,0.0
2026-04-19 21:00:00,27.463333333333335,75.57000000000001,0.0,0.13166666666666668,0.8894341666666667,0.0
2026-04-19 22:00:00,27.084999999999997,76.7,0.0,0.425,0.8293683333333334,0.0
2026-04-19 23:00:00,27.346666666666664,75.83166666666666,0.0,0.5866666666666667,0.873408,0.0
2026-04-20 00:00:00,26.653333333333336,77.22666666666667,0.0,0.13166666666666668,0.7905368333333334,0.0
2026-04-20 01:00:00,26.026666666666667,78.51166666666667,0.0,0.0,0.7187856666666667,0.0
2026-04-20 02:00:00,25.616666666666664,79.03166666666667,0.0,0.0,0.6846375,0.0
2026-04-20 03:00:00,25.253333333333334,79.33,0.0,0.0,0.6604793333333333,0.0
2026-04-20 04:00:00,24.903333333333336,79.43833333333333,0.0,0.0,0.6435274999999999,0.0
2026-04-20 05:00:00,24.80333333333333,79.57833333333333,0.0,0.013333333333333334,0.6353598333333333,0.0
2026-04-20 06:00:00,24.962,79.718,0.0,0.0,0.6370906,4.268
2026-04-20 07:00:00,27.599999999999998,76.225,0.0,0.0016666666666666668,0.8768039999999999,21.22
2026-04-20 08:00:00,30.686666666666667,69.28500000000001,0.0,1.4233333333333336,1.3494501666666665,44.336666666666666
2026-04-20 09:00:00,33.85,62.29666666666666,0.0,1.57,1.9813376666666667,95.76833333333333
2026-04-20 10:00:00,34.005,61.69166666666666,0.0,5.8500000000000005,2.0223055,102.84666666666668
2026-04-20 11:00:00,33.155,63.3775,0.0,2.3025,1.84420225,26.215
2026-04-20 12:00:00,32.886,63.862,0.0,4.896,1.7981972,51.126
2026-04-20 13:00:00,28.512,72.81800000000001,0.6000000000000001,3.6100000000000003,1.0689892,16.05
2026-04-20 14:00:00,27.310000000000002,75.57666666666667,0.0,5.3500000000000005,0.8810189999999999,45.23666666666667
2026-04-20 15:00:00,29.022000000000002,70.642,0.0,1.6480000000000001,1.1733954,42.674
2026-04-20 16:00:00,29.438333333333333,69.28500000000001,0.0,3.1533333333333338,1.2533566666666667,22.46666666666667
2026-04-20 17:00:00,28.583999999999996,72.672,0.0,0.238,1.0616882,7.664
2026-04-20 18:00:00,27.472,75.28200000000001,0.0,0.8240000000000001,0.9004329999999999,0.924
2026-04-20 19:00:00,26.3825,76.82249999999999,0.0,1.0625,0.7916595,0.0
2026-04-20 20:00:00,25.76,78.28,0.0,0.076,0.715283,0.0
2026-04-20 21:00:00,25.55,79.08500000000001,0.0,0.0,0.68015375,0.0
2026-04-20 22:00:00,25.259999999999998,79.458,0.0,0.0,0.6566688,0.0
2026-04-20 23:00:00,24.993333333333336,79.61166666666666,0.0,0.33499999999999996,0.6415218333333333,0.0
2026-04-21 00:00:00,24.72,79.65333333333334,0.0,0.0,0.6299143333333334,0.0
2026-04-21 01:00:00,24.71,79.788,0.0,0.0,0.6253524,0.0
2026-04-21 02:00:00,24.92,79.816,0.0,0.0,0.632335,0.0
2026-04-21 03:00:00,24.872,79.832,0.0,0.0,0.6300294,0.0
2026-04-21 04:00:00,24.814,79.848,0.0,0.0,0.627368,0.0
2026-04-21 05:00:00,24.708,79.832,0.0,0.0,0.623922,0.0
2026-04-21 06:00:00,25.038,79.952,0.0,0.34199999999999997,0.6325034,3.8340000000000005
2026-04-21 07:00:00,27.044,78.574,0.0,0.066,0.7640703999999999,22.636000000000003
2026-04-21 08:00:00,30.736666666666668,69.73666666666666,0.0,1.925,1.3396015,56.544999999999995
2026-04-21 09:00:00,33.792,63.977999999999994,0.0,1.3800000000000001,1.8813408000000003,94.136
2026-04-21 10:00:00,34.062,63.24399999999999,0.0,2.586,1.9484781999999998,72.232
2026-04-21 11:00:00,34.70333333333333,61.885,0.0,3.5816666666666666,2.0932085,98.41000000000001
2026-04-21 12:00:00,34.585,59.61333333333334,0.0,5.9316666666666675,2.2054276666666666,85.44333333333333
2026-04-21 13:00:00,34.155,61.714999999999996,0.0,6.426666666666667,2.038841666666667,97.97333333333334
2026-04-21 14:00:00,33.92333333333333,61.42666666666667,0.0,9.031666666666666,2.0275761666666665,98.90666666666668
2026-04-21 15:00:00,33.44166666666667,62.89833333333333,0.0,8.911666666666667,1.9021815,71.52333333333333
2026-04-21 16:00:00,32.4,65.035,0.0,7.521666666666667,1.6881491666666666,45.13666666666666
2026-04-21 17:00:00,30.015,69.44833333333334,0.0,1.4800000000000002,1.2970098333333333,6.21
2026-04-21 18:00:00,27.718333333333334,76.96166666666666,0.0,0.9916666666666667,0.8519176666666667,2.091666666666667
2026-04-21 19:00:00,26.865,78.39833333333333,0.0,0.6383333333333333,0.7590028333333333,0.0
2026-04-21 20:00:00,26.400000000000002,78.78,0.0,0.013333333333333334,0.7255776666666667,0.0
2026-04-21 21:00:00,26.254,79.076,0.0,0.0,0.7092836,0.0
2026-04-21 22:00:00,26.231666666666666,79.17166666666667,0.0,0.0,0.7051363333333334,0.0
2026-04-21 23:00:00,25.895,79.385,0.0,0.0,0.6841975000000001,0.0
2026-04-22 00:00:00,25.939999999999998,79.44166666666666,0.0,0.0,0.6841321666666667,0.0
2026-04-22 01:00:00,25.951666666666668,79.335,0.0,0.01,0.6881501666666666,0.0
2026-04-22 02:00:00,25.901666666666667,79.37333333333333,0.0,0.0,0.684857,0.0
2026-04-22 03:00:00,25.756666666666664,79.42833333333334,0.0,0.0,0.6772086666666667,0.0
2026-04-22 04:00:00,25.683333333333334,79.42,0.0,0.085,0.6745526666666667,0.0
2026-04-22 05:00:00,25.691666666666666,79.56833333333333,0.0,0.17499999999999996,0.670023,0.0
2026-04-22 06:00:00,26.136666666666667,79.55,0.0,0.07166666666666667,0.6886286666666667,5.726666666666667
2026-04-22 07:00:00,29.27,74.81666666666666,0.0,0.6266666666666666,1.0278701666666665,28.566666666666666
2026-04-22 08:00:00,32.24666666666667,68.38666666666667,0.0,2.7366666666666664,1.5143993333333334,65.98166666666667
2026-04-22 09:00:00,33.78333333333333,65.17,0.0,3.393333333333333,1.8179403333333333,74.415
2026-04-22 10:00:00,33.473333333333336,62.57666666666666,0.0,2.505,1.9222718333333333,53.419999999999995
2026-04-22 11:00:00,33.53,62.12833333333333,0.0,6.516666666666667,1.9501828333333335,77.81
2026-04-22 12:00:00,34.515,61.57333333333333,0.0,7.8066666666666675,2.0870593333333334,102.83166666666666
2026-04-22 13:00:00,34.666666666666664,61.376666666666665,0.0,6.338333333333334,2.1167160000000003,95.21833333333332
2026-04-22 14:00:00,33.595,63.41166666666666,0.0,8.581666666666667,1.8883938333333334,87.56333333333333
2026-04-22 15:00:00,33.64,61.498333333333335,0.0,9.709999999999999,1.9918903333333333,69.085
2026-04-22 16:00:00,33.0,63.18166666666667,0.0,8.628333333333332,1.838436,36.696666666666665
2026-04-22 17:00:00,31.743333333333336,66.40499999999999,0.0,5.875,1.5633815,12.038333333333334
2026-04-22 18:00:00,30.606666666666666,68.12333333333333,0.0,6.535,1.3902473333333332,1.4083333333333332
2026-04-22 19:00:00,30.0,69.67833333333333,0.0,2.83,1.277419,0.0
2026-04-22 20:00:00,28.973333333333333,72.72,0.0,0.5783333333333333,1.0844118333333332,0.0
2026-04-22 21:00:00,27.521666666666665,76.38666666666667,0.0,0.0,0.8632121666666667,0.0
2026-04-22 22:00:00,26.735,78.07000000000001,0.0,0.0,0.7648036666666668,0.0
2026-04-22 23:00:00,26.28833333333333,78.74,0.0,0.0,0.7221693333333333,0.0
2026-04-23 00:00:00,26.093333333333334,79.10166666666667,0.0,0.0,0.7017581666666667,0.0
2026-04-23 01:00:00,26.34166666666667,79.09333333333333,0.0,0.0,0.7123693333333333,0.0
2026-04-23 02:00:00,26.49333333333333,79.04333333333334,0.0,0.0,0.7204543333333334,0.0
2026-04-23 03:00:00,26.58,79.11833333333333,0.0,0.0,0.7215348333333335,0.0
2026-04-23 04:00:00,26.691666666666666,79.09666666666666,0.0,0.0,0.7270228333333333,0.0
2026-04-23 05:00:00,26.465,79.29333333333334,0.0,0.0,0.7107121666666667,0.0
2026-04-23 06:00:00,26.698333333333334,79.62,0.0,0.2916666666666667,0.7092355,5.758333333333333
2026-04-23 07:00:00,29.468333333333334,75.19500000000001,0.0,1.3766666666666667,1.0181918333333333,27.921666666666667
2026-04-23 08:00:00,32.245,68.22000000000001,0.0,2.8699999999999997,1.5273373333333333,67.45
2026-04-23 09:00:00,32.72666666666667,66.53,0.0,3.026666666666667,1.6544263333333333,57.754999999999995
2026-04-23 10:00:00,32.085,66.72333333333333,0.0,4.59,1.5818936666666668,57.830000000000005
2026-04-23 11:00:00,32.655,64.585,0.0,9.576666666666666,1.7367664999999999,71.43666666666667
2026-04-23 12:00:00,33.135,64.345,0.0,9.191666666666668,1.7934461666666666,91.72833333333334
2026-04-23 13:00:00,31.830000000000002,66.92125,0.6000000000000001,7.155,1.554501,72.2
2026-04-23 14:00:00,30.96166666666667,68.825,0.0,7.683333333333334,1.3900381666666668,54.86833333333333
2026-04-23 15:00:00,32.361666666666665,64.94666666666667,0.0,9.058333333333332,1.6888735,65.89
2026-04-23 16:00:00,32.24,64.765,0.0,9.33,1.6851601666666667,45.923333333333325
2026-04-23 17:00:00,31.416666666666668,66.42333333333333,0.0,7.226666666666667,1.533593,16.19666666666667
2026-04-23 18:00:00,30.355,69.33166666666666,0.0,5.841666666666666,1.3192693333333334,2.1366666666666667
2026-04-23 19:00:00,29.736666666666665,70.74333333333334,0.0,4.898333333333333,1.214068,0.0
2026-04-23 20:00:00,29.613333333333333,70.265,0.0,2.5866666666666664,1.2251368333333335,0.0
2026-04-23 21:00:00,27.623333333333335,76.22,0.0,0.3516666666666666,0.8765373333333333,0.0
2026-04-23 22:00:00,26.588333333333335,78.71833333333333,0.0,0.0,0.7357785,0.0
2026-04-23 23:00:00,26.145,79.14333333333333,0.0,0.0,0.702534,0.0
2026-04-24 00:00:00,25.801666666666666,79.25,0.0,0.013333333333333334,0.6849198333333333,0.0
2026-04-24 01:00:00,25.71166666666667,79.41166666666668,0.0,0.0,0.6759811666666667,0.0
2026-04-24 02:00:00,25.418333333333333,79.545,0.0,0.0,0.6600456666666666,0.0
2026-04-24 03:00:00,25.166666666666668,79.66166666666668,0.0,0.0,0.646578,0.0
2026-04-24 04:00:00,24.978333333333335,79.73666666666666,0.0,0.0,0.6370375,0.0
2026-04-24 05:00:00,24.705,79.71833333333333,0.0,0.0,0.627338,0.0
2026-04-24 06:00:00,24.771666666666665,79.815,0.0,0.0,0.6268375,3.5883333333333334
2026-04-24 07:00:00,27.128333333333334,78.88666666666667,0.0,0.0,0.7573685,24.55666666666667
2026-04-24 08:00:00,31.223333333333333,69.54833333333333,0.0,1.9633333333333336,1.380923,60.925000000000004
2026-04-24 09:00:00,32.72833333333333,65.48333333333333,0.0,3.3683333333333336,1.6974923333333332,84.675
2026-04-24 10:00:00,35.164,61.068,0.0,3.134,2.1927318,95.122
2026-04-24 11:00:00,36.330000000000005,58.36000000000001,0.0,2.19,2.4997666666666665,96.59166666666665
2026-04-24 12:00:00,34.93833333333333,58.94333333333333,0.0,3.5566666666666666,2.2824143333333335,73.20333333333333
2026-04-24 13:00:00,34.498333333333335,58.995000000000005,0.0,6.6000000000000005,2.224641333333333,96.87833333333333
2026-04-24 14:00:00,34.39,59.345,0.0,7.751666666666666,2.1929355,97.99666666666667
2026-04-24 15:00:00,34.03333333333333,61.11833333333333,0.0,8.115,2.0565305,70.37166666666667
2026-04-24 16:00:00,33.44,60.19,0.0,9.076666666666666,2.0361866666666666,42.58166666666667
2026-04-24 17:00:00,32.211666666666666,61.376666666666665,0.0,8.17,1.8469221666666666,17.400000000000002
2026-04-24 18:00:00,30.59166666666667,65.85166666666667,0.0,6.2316666666666665,1.4887871666666666,0.84
2026-04-24 19:00:00,29.91333333333333,67.34333333333333,0.0,4.38,1.3688623333333334,0.0
2026-04-24 20:00:00,28.63,70.91166666666668,0.0,0.2333333333333333,1.1369315,0.0
2026-04-24 21:00:00,26.501666666666665,76.67666666666666,0.0,0.0,0.8033946666666667,0.0
2026-04-24 22:00:00,25.878333333333334,77.90166666666667,0.0,0.0,0.7328746666666667,0.0
2026-04-24 23:00:00,25.356666666666666,78.835,0.0,0.0,0.6804736666666665,0.0
2026-04-25 00:00:00,25.040000000000003,78.96833333333333,0.0,0.0,0.6636258333333334,0.0
2026-04-25 01:00:00,24.903333333333336,79.21,0.0,0.0,0.6506866666666667,0.0
2026-04-25 02:00:00,25.471666666666668,79.15333333333334,0.0,0.0,0.6748168333333333,0.0
2026-04-25 03:00:00,25.146666666666665,79.24000000000001,0.0,0.0,0.6592375,0.0
2026-04-25 04:00:00,24.801666666666666,79.37833333333333,0.0,0.0,0.6415505,0.0
2026-04-25 05:00:00,24.488333333333333,79.54833333333333,0.0,0.0,0.6244803333333334,0.0
2026-04-25 06:00:00,24.641666666666666,79.64166666666667,0.0,0.0,0.6273965,4.416666666666667
2026-04-25 07:00:00,27.27333333333333,78.7,0.0,0.0,0.7726858333333334,23.865
2026-04-25 08:00:00,33.44833333333333,65.04833333333333,0.0,0.525,1.7971305,62.85
2026-04-25 09:00:00,35.67333333333333,60.11166666666667,0.0,1.0250000000000001,2.3110251666666666,98.29333333333334
2026-04-25 10:00:00,35.62833333333334,59.31166666666667,0.0,2.455,2.351516,97.01833333333333
2026-04-25 11:00:00,36.401666666666664,56.376666666666665,0.0,3.2866666666666666,2.6397878333333336,101.30666666666667
2026-04-25 12:00:00,37.42333333333334,54.598333333333336,0.0,3.1366666666666667,2.8984648333333336,83.44666666666667
2026-04-25 13:00:00,35.70166666666667,59.85999999999999,0.0,7.2250000000000005,2.3282516666666666,103.53000000000002
2026-04-25 14:00:00,34.47666666666667,62.998333333333335,0.0,10.638333333333334,2.0050708333333334,100.74333333333334
2026-04-25 15:00:00,33.275,64.51666666666667,0.0,7.446666666666666,1.8002321666666667,62.38666666666666
2026-04-25 16:00:00,32.041666666666664,66.55666666666667,0.0,6.035,1.5821123333333336,26.188333333333333
2026-04-25 17:00:00,30.59,71.245,0.0,0.8233333333333334,1.2553918333333334,9.166666666666666
2026-04-25 18:00:00,28.978333333333335,76.00333333333333,0.0,0.015,0.954952,1.195
2026-04-25 19:00:00,27.826666666666668,77.94500000000001,0.0,0.0,0.8196755000000001,0.0
2026-04-25 20:00:00,27.171666666666667,78.62333333333333,0.0,0.0,0.764846,0.0
2026-04-25 21:00:00,26.959999999999997,79.22833333333334,0.0,0.0,0.7338935000000001,0.0
2026-04-25 22:00:00,26.69666666666667,79.33166666666666,0.0,0.0,0.7190789999999999,0.0
2026-04-25 23:00:00,26.331666666666667,79.50833333333334,0.0,0.0016666666666666668,0.6978186666666666,0.0
2026-04-26 00:00:00,26.093333333333334,79.54333333333334,0.0,0.0,0.6869431666666667,0.0
2026-04-26 01:00:00,26.01,79.60666666666667,0.0,0.0,0.6814456666666667,0.0
2026-04-26 02:00:00,26.166666666666668,79.65666666666667,0.0,0.0,0.6860806666666667,0.0
2026-04-26 03:00:00,26.099999999999998,79.59166666666665,0.0,0.0,0.6855669999999999,0.0
2026-04-26 04:00:00,25.77,79.62333333333333,0.0,0.0,0.6713213333333333,0.0
2026-04-26 05:00:00,25.501666666666665,79.71166666666666,0.0,0.0,0.6579141666666667,0.0
2026-04-26 06:00:00,25.763333333333335,79.83999999999999,0.0,0.21333333333333335,0.6639643333333334,5.073333333333333
2026-04-26 07:00:00,28.295,77.99,0.0,0.0016666666666666668,0.8441441666666667,23.941666666666666
2026-04-26 08:00:00,32.348333333333336,68.18666666666667,0.0,0.3,1.536761,56.745000000000005
2026-04-26 09:00:00,34.35333333333333,63.169999999999995,0.0,2.1933333333333334,1.9861248333333332,95.16666666666667
2026-04-26 10:00:00,36.11833333333333,58.050000000000004,0.0,1.89,2.492316,103.955
2026-04-26 11:00:00,34.928333333333335,59.61666666666667,0.0,3.7549999999999994,2.2523050000000002,82.515
2026-04-26 12:00:00,34.57333333333333,60.81166666666667,0.0,7.453333333333333,2.1423285,87.92166666666667
2026-04-26 13:00:00,32.166666666666664,66.01,0.0,8.040000000000001,1.6192173333333333,45.40833333333333
2026-04-26 14:00:00,32.64666666666667,65.83666666666666,0.0,8.53,1.6733463333333332,81.75333333333333
2026-04-26 15:00:00,33.035000000000004,65.26666666666667,0.0,4.506666666666667,1.737735,54.50666666666666
2026-04-26 16:00:00,32.87166666666667,66.515,0.0,1.97,1.6644105,31.711666666666662
2026-04-26 17:00:00,30.728333333333335,71.04,0.0,1.5116666666666667,1.2719521666666667,8.538333333333334
2026-04-26 18:00:00,29.393333333333334,73.83833333333332,0.0,0.695,1.0659758333333333,1.8866666666666667
2026-04-26 19:00:00,28.044999999999998,76.99,0.0,0.17833333333333334,0.8663011666666667,0.0
2026-04-26 20:00:00,27.236666666666665,78.40333333333334,0.0,0.0,0.7755466666666666,0.0
2026-04-26 21:00:00,26.983999999999998,78.714,0.0,0.202,0.7531214,0.0
2026-04-26 22:00:00,26.746,79.024,0.0,0.0,0.7319,0.0
2026-04-26 23:00:00,26.27333333333333,79.22833333333334,0.0,0.0,0.704937,0.0
2026-04-27 00:00:00,26.3075,79.48,0.0,0.0,0.6977720000000001,0.0
2026-04-27 01:00:00,26.326,79.476,0.0,0.0,0.6986890000000001,0.0
2026-04-27 02:00:00,26.082,79.538,0.0,0.11200000000000002,0.6866488000000001,0.0
2026-04-27 03:00:00,25.921666666666667,79.565,0.0,0.0016666666666666668,0.6792896666666667,0.0
2026-04-27 04:00:00,25.662,79.556,0.0,0.0,0.6692738,0.0
2026-04-27 05:00:00,25.36,79.725,0.0,0.0,0.651973,0.0
2026-04-27 06:00:00,25.2575,79.7025,0.0,0.0,0.64876175,1.8225000000000002
2026-04-27 07:00:00,26.566666666666666,79.82666666666667,0.0,0.0,0.6967303333333333,12.25
2026-04-27 08:00:00,31.236,71.236,0.0,0.072,1.3188286,58.822
2026-04-27 09:00:00,33.81,65.196,0.0,1.2719999999999998,1.8198284,82.346
2026-04-27 10:00:00,34.9825,60.345,0.0,2.455,2.211697,76.635
2026-04-27 11:00:00,36.1825,57.47,0.0,0.6425,2.53485375,68.9275
2026-04-27 12:00:00,35.846,58.282,0.0,5.198,2.4531148,78.104
2026-04-27 13:00:00,32.898,63.824,0.0,4.8420000000000005,1.8038344,61.208000000000006
2026-04-27 14:00:00,33.372,61.758,0.0,4.088,1.9521282,87.418
2026-04-27 15:00:00,33.8,63.974000000000004,0.0,7.1579999999999995,1.880289,75.542
2026-04-27 16:00:00,32.99666666666666,64.75666666666667,0.0,9.13,1.7588748333333333,44.541666666666664
2026-04-27 17:00:00,32.15833333333333,66.35333333333334,0.0,9.671666666666667,1.60362,22.661666666666665
2026-04-27 18:00:00,30.583333333333332,68.64,0.0,5.1883333333333335,1.3654271666666666,1.8066666666666666
2026-04-27 19:00:00,28.26,70.38199999999999,0.0,0.9480000000000001,1.1320276,0.0
2026-04-27 20:00:00,26.932,74.96799999999999,0.0,0.43199999999999994,0.883335,0.0
2026-04-27 21:00:00,26.33,76.99,0.0,0.6583333333333333,0.783544,0.0
2026-04-27 22:00:00,26.078333333333333,78.13666666666667,0.0,0.0,0.7334963333333334,0.0
2026-04-27 23:00:00,26.2,78.22,0.0,0.4975,0.7360092500000001,0.0
2026-04-28 00:00:00,25.955,78.71833333333333,0.0,0.14666666666666667,0.7088571666666666,0.0
2026-04-28 01:00:00,25.54,78.97200000000001,0.0,0.0,0.6834482,0.0
2026-04-28 02:00:00,25.44333333333333,79.12666666666667,0.0,0.0,0.6745456666666666,0.0
2026-04-28 03:00:00,25.244999999999997,79.295,0.0,0.0,0.6612837500000001,0.0
2026-04-28 04:00:00,25.233333333333334,79.335,0.0,0.0,0.6595555000000001,0.0
2026-04-28 05:00:00,25.41333333333333,79.45,0.0,0.08333333333333333,0.6629056666666666,0.0
2026-04-28 06:00:00,25.813333333333333,79.45,0.0,0.0,0.6791803333333334,6.675
2026-04-28 07:00:00,29.241666666666664,74.69333333333333,0.0,0.5966666666666667,1.0334045,32.461666666666666
2026-04-28 08:00:00,32.166666666666664,68.45,0.0,1.1683333333333332,1.5031160000000001,53.071666666666665
2026-04-28 09:00:00,32.7575,65.3475,0.0,1.76,1.7121995,81.615
2026-04-28 10:00:00,34.525999999999996,59.168000000000006,0.0,4.534000000000001,2.222767,103.352
2026-04-28 11:00:00,33.745999999999995,60.64399999999999,0.0,3.97,2.0839802,55.367999999999995
2026-04-28 12:00:00,33.605000000000004,62.905,0.0,3.115,1.9264615,80.075
2026-04-28 13:00:00,34.35333333333333,61.73666666666667,0.0,4.28,2.063787833333333,74.49333333333334
2026-04-28 14:00:00,33.4175,62.315,0.0,6.885,1.933053,50.795
2026-04-28 15:00:00,32.416,65.658,0.0,7.74,1.6590532,53.128
2026-04-28 16:00:00,33.09,63.485,0.0,7.6175,1.8316045,42.3675
2026-04-28 17:00:00,32.382,62.928,0.0,7.192,1.7880099999999999,16.528
2026-04-28 18:00:00,30.755,67.315,0.0,1.43,1.4416799999999999,1.33
2026-04-28 19:00:00,29.205,71.16499999999999,0.0,1.04,1.1653035,0.0
2026-04-28 20:00:00,27.062,76.372,0.0,0.20999999999999996,0.8409096,0.0
2026-04-28 21:00:00,26.002,78.14200000000001,0.0,0.0,0.7302018,0.0
2026-04-28 22:00:00,25.6175,78.66,0.0,0.0,0.6967720000000001,0.0
2026-04-28 23:00:00,25.17,79.0025,0.0,0.0,0.66772325,0.0
2026-04-29 00:00:00,24.918333333333333,79.21666666666667,0.0,0.0,0.6510781666666666,0.0
2026-04-29 01:00:00,24.716,79.332,0.0,0.196,0.6396994,0.0
2026-04-29 02:00:00,24.637999999999998,79.356,0.0,0.28400000000000003,0.6359876,0.0
2026-04-29 03:00:00,24.592,79.346,0.0,0.0,0.6345684,0.0
2026-04-29 04:00:00,24.5875,79.35249999999999,0.0,0.0,0.6341997500000001,0.0
2026-04-29 05:00:00,24.832,79.35799999999999,0.0,0.0,0.6433101999999999,0.0
2026-04-29 06:00:00,25.6175,79.455,0.0,0.0,0.671014,9.35
2026-04-29 07:00:00,29.176666666666666,73.87,0.0,0.44,1.067385,31.30333333333333
2026-04-29 08:00:00,33.45,65.30666666666666,0.0,1.0716666666666665,1.782938,65.27499999999999
2026-04-29 09:00:00,35.21,61.2475,0.0,3.7699999999999996,2.193143,91.4925
2026-04-29 10:00:00,33.275,64.57000000000001,0.0,2.0525,1.81097025,55.945
2026-04-29 11:00:00,35.646,58.528,0.0,3.3840000000000003,2.4006540000000003,95.764
2026-04-29 12:00:00,34.456,61.028,0.0,5.58,2.1308695999999996,71.874
2026-04-29 13:00:00,32.43333333333333,66.06833333333333,0.0,3.6383333333333336,1.6477308333333334,61.9
2026-04-29 14:00:00,32.108333333333334,66.34,0.0,7.075,1.5979999999999999,45.87166666666667
2026-04-29 15:00:00,32.786,63.751999999999995,0.0,6.5920000000000005,1.7892236000000001,57.746
2026-04-29 16:00:00,34.1075,58.9275,0.0,4.6525,2.1811654999999996,40.089999999999996
2026-04-29 17:00:00,33.1,61.19199999999999,0.0,4.256,1.9500202000000002,15.992
2026-04-29 18:00:00,31.18166666666667,64.41666666666667,0.0,5.193333333333333,1.6038646666666667,1.045
2026-04-29 19:00:00,29.686666666666667,68.20333333333333,0.0,1.1066666666666667,1.319188,0.0
2026-04-29 20:00:00,27.456666666666667,74.40166666666667,0.0,0.0,0.9328460000000001,0.0
2026-04-29 21:00:00,26.4725,77.435,0.0,0.0,0.7749820000000001,0.0
2026-04-29 22:00:00,26.040000000000003,78.52666666666666,0.0,0.0,0.7188286666666667,0.0
2026-04-29 23:00:00,25.746,78.86600000000001,0.0,0.0,0.6952876,0.0
2026-04-30 00:00:00,25.21166666666667,78.975,0.0,0.0,0.6702145,0.0
2026-04-30 01:00:00,24.962,79.102,0.0,0.0,0.6563616,0.0
2026-04-30 02:00:00,24.814,79.25800000000001,0.0,0.0,0.6457398,0.0
2026-04-30 03:00:00,24.542,79.28200000000001,0.0,0.0,0.6346244000000001,0.0
2026-04-30 04:00:00,24.481666666666666,79.34833333333333,0.0,0.0,0.6303328333333333,0.0
2026-04-30 05:00:00,24.536666666666665,79.37333333333333,0.0,0.0,0.6316375,0.0
2026-04-30 06:00:00,25.236666666666665,79.5,0.0,0.0,0.6546420000000001,7.675
2026-04-30 07:00:00,28.883333333333336,75.52833333333334,0.0,0.17166666666666666,0.9832083333333334,26.333333333333332
2026-04-30 08:00:00,32.68333333333333,67.26,0.0,0.5583333333333333,1.6142866666666666,61.050000000000004
2026-04-30 09:00:00,35.916666666666664,60.086666666666666,0.0,0.75,2.3464448333333334,96.315
2026-04-30 10:00:00,36.78333333333333,58.10166666666667,0.0,2.466666666666667,2.5770635,100.41333333333334
2026-04-30 11:00:00,37.218333333333334,57.306666666666665,0.0,2.921666666666667,2.692095666666667,98.63
2026-04-30 12:00:00,38.60333333333333,55.185,0.0,2.4766666666666666,3.044127833333333,90.01833333333333
2026-04-30 13:00:00,34.580000000000005,61.821666666666665,0.0,3.1333333333333333,2.0936660000000002,28.89
2026-04-30 14:00:00,27.825714285714287,71.33142857142857,0.6,5.224285714285714,1.0992392857142856,18.78857142857143
2026-04-30 15:00:00,23.926666666666666,78.20333333333333,0.0,1.4933333333333334,0.6435866666666666,3.456666666666667
2026-04-30 16:00:00,24.648333333333337,78.615,0.0,0.41333333333333333,0.6593078333333333,8.049999999999999
2026-04-30 17:00:00,25.268571428571427,78.39285714285714,0.2,0.20142857142857146,0.6911345714285714,9.117142857142856
2026-04-30 18:00:00,25.625,78.38,0.0,0.18833333333333332,0.7063978333333334,1.8183333333333334
2026-04-30 19:00:00,25.275000000000002,78.95666666666666,0.0,0.3,0.6732826666666667,0.0
2026-04-30 20:00:00,25.00666666666667,79.17666666666666,0.0,0.0,0.6557406666666666,0.0
2026-04-30 21:00:00,24.903333333333336,79.22166666666668,0.0,0.0,0.6503063333333333,0.0
2026-04-30 22:00:00,24.893333333333334,79.28500000000001,0.0,0.355,0.647939,0.0
2026-04-30 23:00:00,25.013333333333335,79.335,0.0,0.0,0.6510058333333334,0.0
2026-05-01 00:00:00,25.099999999999998,79.35666666666667,0.0,0.0,0.6536745,0.0
2026-05-01 01:00:00,25.108333333333334,79.365,0.0,0.315,0.653731,0.0
2026-05-01 02:00:00,25.047142857142855,78.65142857142857,0.4,2.342857142857143,0.673804,0.0
2026-05-01 03:00:00,24.166666666666668,78.76333333333334,0.2,1.1383333333333334,0.6361541666666667,0.0
2026-05-01 04:00:00,24.07166666666667,79.04833333333333,0.0,1.28,0.624021,0.0
2026-05-01 05:00:00,24.426666666666666,78.94333333333334,0.0,0.41,0.6405903333333334,0.0
2026-05-01 06:00:00,24.523333333333333,79.11555555555555,0.8,0.07666666666666666,0.6390177777777778,0.05333333333333333
2026-05-01 07:00:00,24.586666666666666,79.28555555555556,0.8,0.37444444444444447,0.6362161111111111,1.8822222222222225
2026-05-01 08:00:00,25.028333333333332,79.29833333333333,0.0,0.47000000000000003,0.6528201666666668,13.24
2026-05-01 09:00:00,26.72666666666667,76.48166666666667,0.0,2.7116666666666664,0.8227901666666666,56.34166666666667
2026-05-01 10:00:00,29.941666666666666,69.62,0.0,2.706666666666667,1.281306,88.41166666666668
2026-05-01 11:00:00,33.42,62.915,0.0,2.2716666666666665,1.8987953333333334,94.12
2026-05-01 12:00:00,35.47666666666667,59.97,0.0,1.5,2.2989988333333335,104.64833333333333
2026-05-01 13:00:00,35.23666666666667,60.355,0.0,5.323333333333333,2.2437858333333334,89.77333333333333
2026-05-01 14:00:00,33.53,63.79333333333333,0.0,3.305,1.8627473333333333,48.00333333333333
2026-05-01 15:00:00,33.31,63.031666666666666,0.0,2.2016666666666667,1.878139,35.03
2026-05-01 16:00:00,33.77,62.32666666666666,0.0,2.268333333333333,1.9686306666666666,21.816666666666666
2026-05-01 17:00:00,31.96166666666667,66.31,0.0,2.973333333333333,1.5876368333333335,10.863333333333335
2026-05-01 18:00:00,30.293333333333333,69.99,0.0,5.14,1.2866686666666667,1.3233333333333333
2026-05-01 19:00:00,29.060000000000002,73.445,0.0,1.0583333333333333,1.0617673333333333,0.0
2026-05-01 20:00:00,27.55666666666667,76.42999999999999,0.0,0.03666666666666667,0.8634891666666666,0.0
2026-05-01 21:00:00,26.39833333333333,78.39833333333333,0.0,0.0,0.7385533333333334,0.0
2026-05-01 22:00:00,25.903333333333336,78.89333333333333,0.0,0.18833333333333332,0.7008958333333334,0.0
2026-05-01 23:00:00,25.595,79.01833333333333,0.0,0.0,0.6841491666666667,0.0
2026-05-02 00:00:00,25.343333333333334,79.14833333333333,0.0,0.0,0.6698666666666666,0.0
2026-05-02 01:00:00,25.166666666666668,79.14333333333333,0.0,0.0,0.6630453333333334,0.0
2026-05-02 02:00:00,25.173333333333332,79.17333333333333,0.0,0.0,0.6623483333333334,0.0
2026-05-02 03:00:00,24.853333333333335,79.11833333333333,0.0,0.0,0.6516188333333334,0.0
2026-05-02 04:00:00,24.62,79.17333333333333,0.0,0.0,0.6409355,0.0
2026-05-02 05:00:00,24.605,79.165,0.0,0.0,0.6406183333333334,0.0
2026-05-02 06:00:00,24.861666666666665,79.28666666666668,0.0,0.0,0.6467575,6.441666666666667
2026-05-02 07:00:00,28.228333333333335,77.25666666666667,0.0,0.0,0.8765809999999999,32.36
2026-05-02 08:00:00,32.01333333333333,68.83166666666666,0.0,1.343333333333333,1.4751373333333333,58.97833333333333
2026-05-02 09:00:00,34.30166666666667,63.18833333333333,0.0,2.2583333333333333,1.978356,84.485
2026-05-02 10:00:00,35.44833333333333,60.96333333333333,0.0,1.9616666666666667,2.235352333333333,93.81333333333333
2026-05-02 11:00:00,35.43333333333333,60.98166666666666,0.0,3.366666666666667,2.2378158333333333,97.36333333333334
2026-05-02 12:00:00,29.761666666666667,68.08833333333332,0.0,7.261666666666667,1.3414686666666666,35.589999999999996
2026-05-02 13:00:00,31.906666666666666,65.365,0.0,4.733333333333333,1.634991,79.96666666666667
2026-05-02 14:00:00,34.995,61.22833333333333,0.0,4.928333333333334,2.164804333333333,103.64999999999999
2026-05-02 15:00:00,34.66833333333333,61.885,0.0,6.098333333333334,2.0881315,71.43833333333333
2026-05-02 16:00:00,32.5,66.05833333333334,0.0,6.263333333333333,1.647971,37.36
2026-05-02 17:00:00,32.115,66.4525,0.0,7.3925,1.59388825,22.0875
2026-05-02 18:00:00,30.21,69.38,0.0,4.7,1.305311,0.0
2026-05-02 19:00:00,30.013333333333335,70.37833333333333,0.0,2.3383333333333334,1.2487841666666666,0.0
2026-05-02 20:00:00,29.052500000000002,72.80250000000001,0.0,0.15500000000000003,1.087043,0.0
2026-05-02 21:00:00,27.148000000000003,77.562,0.0,0.0,0.801811,0.0
2026-05-02 22:00:00,26.570000000000004,78.53166666666667,0.0,0.01,0.7413919999999999,0.0
2026-05-02 23:00:00,26.166666666666668,78.68166666666667,0.0,0.0016666666666666668,0.7189628333333333,0.0
2026-05-03 00:00:00,25.815,78.89,0.0,0.0,0.6973345000000001,0.0
2026-05-03 01:00:00,25.691666666666666,79.02833333333334,0.0,0.205,0.6877463333333332,0.0
2026-05-03 02:00:00,25.334999999999997,79.08,0.0,0.0,0.6717314999999999,0.0
2026-05-03 03:00:00,25.233333333333334,79.12,0.0,0.0,0.6664118333333333,0.0
2026-05-03 04:00:00,25.313333333333333,79.14333333333333,0.0,0.21833333333333335,0.6688265000000001,0.0
2026-05-03 05:00:00,25.05666666666667,79.14,0.0,0.0,0.6588456666666667,0.0
2026-05-03 06:00:00,25.26,79.22666666666667,0.0,0.0,0.6641861666666667,5.593333333333334
2026-05-03 07:00:00,28.819999999999997,76.25166666666667,0.0,0.0,0.9486443333333333,30.371666666666666
2026-05-03 08:00:00,33.294999999999995,66.835,0.0,0.36000000000000004,1.6938528333333334,66.97
2026-05-03 09:00:00,33.81333333333333,64.26833333333333,0.0,1.4749999999999999,1.8675321666666667,69.61166666666666
2026-05-03 10:00:00,34.82666666666666,61.50333333333333,0.0,3.6916666666666664,2.1322401666666666,85.055
2026-05-03 11:00:00,34.31166666666667,61.46,0.0,6.366666666666667,2.0703606666666667,104.41000000000001
2026-05-03 12:00:00,34.46333333333333,62.16,0.0,7.645,2.049033666666667,105.02333333333333
2026-05-03 13:00:00,34.87,61.47666666666667,0.0,7.05,2.1342493333333334,102.29166666666667
2026-05-03 14:00:00,34.46333333333333,61.419999999999995,0.0,8.936666666666666,2.0902731666666665,99.93
2026-05-03 15:00:00,34.20666666666667,62.06166666666667,0.0,8.115,2.0253338333333333,84.735
2026-05-03 16:00:00,26.9925,77.3025,0.6000000000000001,4.0275,0.815169625,18.14125
2026-05-03 17:00:00,26.52333333333333,78.46,0.0,0.4283333333333333,0.7418433333333333,12.706666666666669
2026-05-03 18:00:00,25.973333333333333,78.64333333333333,0.0,0.29,0.7121446666666666,0.7366666666666667
2026-05-03 19:00:00,25.793333333333333,78.95666666666666,0.0,0.265,0.694243,0.0
2026-05-03 20:00:00,25.67,79.02499999999999,0.0,0.17666666666666667,0.6869635000000001,0.0
2026-05-03 21:00:00,25.523333333333337,79.10166666666667,0.0,0.105,0.6785505000000001,0.0
2026-05-03 22:00:00,25.42,79.16833333333334,0.0,0.0,0.6722551666666666,0.0
2026-05-03 23:00:00,25.376666666666665,79.12833333333333,0.0,0.0,0.6718324999999999,0.0
2026-05-04 00:00:00,25.34166666666667,79.13666666666667,0.0,0.085,0.6701671666666668,0.0
2026-05-04 01:00:00,25.21666666666667,79.14833333333333,0.0,0.0,0.6648531666666666,0.0
2026-05-04 02:00:00,25.34,79.165,0.0,0.0,0.6691928333333333,0.0
2026-05-04 03:00:00,25.30333333333333,79.14833333333333,0.0,0.0,0.6682748333333333,0.0
2026-05-04 04:00:00,25.25333333333333,79.15333333333334,0.0,0.0,0.6661331666666667,0.0
2026-05-04 05:00:00,25.093333333333334,79.14833333333333,0.0,0.0,0.6600021666666667,0.0
2026-05-04 06:00:00,25.365,79.20666666666666,0.0,0.0,0.6689198333333333,6.761666666666667
2026-05-04 07:00:00,27.403333333333332,78.74833333333333,0.0,0.0,0.772398,25.900000000000002
2026-05-04 08:00:00,31.291666666666668,72.21333333333334,0.0,0.43333333333333335,1.2755805,62.093333333333334
2026-05-04 09:00:00,34.218333333333334,65.415,0.0,1.2966666666666666,1.8523631666666667,93.66333333333334
2026-05-04 10:00:00,36.54,60.37833333333333,0.0,0.9133333333333332,2.411713333333333,100.27333333333333
2026-05-04 11:00:00,36.263333333333335,59.17333333333334,0.0,0.30833333333333335,2.4430688333333332,67.39999999999999
2026-05-04 12:00:00,30.488333333333333,67.04166666666667,0.0,3.8016666666666663,1.4744991666666667,23.93166666666667
2026-05-04 13:00:00,27.656,73.066,0.0,0.524,0.9912922,7.766
2026-05-04 14:00:00,27.74,74.46333333333334,0.0,0.15,0.9449710000000001,17.685
2026-05-04 15:00:00,31.131666666666664,68.75666666666667,0.0,0.4566666666666666,1.4156674999999999,51.836666666666666
2026-05-04 16:00:00,31.145,69.185,0.0,0.4766666666666666,1.3890506666666667,21.938333333333333
2026-05-04 17:00:00,29.62,73.295,0.0,0.03166666666666667,1.1013495,9.513333333333334
2026-05-04 18:00:00,28.503333333333334,76.35000000000001,0.0,0.075,0.9141971666666667,0.6816666666666666
2026-05-04 19:00:00,27.618333333333336,77.98166666666667,0.0,0.10333333333333333,0.808498,0.0
2026-05-04 20:00:00,25.48125,77.4125,1.0,4.7,0.73696325,0.0
2026-05-04 21:00:00,24.270000000000003,78.7942857142857,0.4,0.34142857142857147,0.6391378571428571,0.0
2026-05-04 22:00:00,24.20625,78.84125,0.6000000000000001,0.17500000000000002,0.6352791250000001,0.0
2026-05-04 23:00:00,24.224999999999998,78.865,0.0,0.35833333333333334,0.6352778333333333,0.0
2026-05-05 00:00:00,24.34857142857143,78.87571428571428,0.2,0.0,0.6396594285714287,0.0
2026-05-05 01:00:00,24.30666666666667,78.86999999999999,0.0,0.0,0.6382336666666667,0.0
2026-05-05 02:00:00,24.423333333333336,78.85666666666667,0.0,0.0,0.6430953333333334,0.0
2026-05-05 03:00:00,24.406666666666666,78.88166666666667,0.0,0.0,0.6417051666666667,0.0
2026-05-05 04:00:00,24.356666666666666,78.88666666666667,0.0,0.0,0.639639,0.0
2026-05-05 05:00:00,24.496666666666666,78.91000000000001,0.0,0.0,0.6442888333333333,0.0
2026-05-05 06:00:00,24.83,78.99,0.0,0.0,0.6547368333333333,6.155
2026-05-05 07:00:00,25.945000000000004,78.89333333333333,0.0,0.006666666666666667,0.7027818333333333,23.201666666666668
2026-05-05 08:00:00,28.080000000000002,76.15285714285714,0.2,0.07142857142857142,0.9019514285714286,44.19142857142857
2026-05-05 09:00:00,29.891666666666666,72.98166666666667,0.0,1.0733333333333333,1.1330608333333334,63.04666666666666
2026-05-05 10:00:00,33.135,66.95333333333333,0.0,1.5433333333333332,1.6829336666666668,95.75
2026-05-05 11:00:00,34.973333333333336,63.5,0.0,2.3383333333333334,2.0358370000000003,99.53833333333334
2026-05-05 12:00:00,35.03,62.57,0.0,1.71,2.0997505,62.041666666666664
2026-05-05 13:00:00,30.060000000000002,70.68833333333333,0.0,4.918333333333334,1.2547154999999999,26.465
2026-05-05 14:00:00,31.066666666666666,67.01,0.0,3.9133333333333336,1.4883578333333334,60.76833333333334
2026-05-05 15:00:00,32.865,63.20333333333334,0.0,4.116666666666666,1.8239486666666667,61.848333333333336
2026-05-05 16:00:00,33.06166666666667,63.67166666666666,0.0,1.6883333333333335,1.8195663333333334,32.165
2026-05-05 17:00:00,31.044,67.87,0.0,1.436,1.440686,8.852
2026-05-05 18:00:00,29.126666666666665,72.135,0.0,1.0833333333333333,1.1220855,1.4616666666666667
2026-05-05 19:00:00,27.61666666666667,76.27166666666666,0.0,0.24833333333333338,0.8712326666666667,0.0
2026-05-05 20:00:00,26.830000000000002,77.87666666666667,0.0,0.0,0.7758593333333333,0.0
2026-05-05 21:00:00,26.564999999999998,78.41333333333334,0.0,0.0,0.7452651666666666,0.0
2026-05-05 22:00:00,26.433333333333334,78.59833333333333,0.0,0.043333333333333335,0.733168,0.0
2026-05-05 23:00:00,26.406666666666666,78.66166666666668,0.0,0.0,0.729867,0.0
2026-05-06 00:00:00,26.10166666666667,78.715,0.0,0.065,0.7150826666666666,0.0
2026-05-06 01:00:00,25.938333333333333,78.71166666666666,0.0,0.0,0.7083645000000001,0.0
2026-05-06 02:00:00,25.758333333333336,78.76333333333334,0.0,0.0,0.6991746666666666,0.0
2026-05-06 03:00:00,25.626666666666665,78.77833333333334,0.0,0.0,0.6932659999999999,0.0
2026-05-06 04:00:00,25.61,78.845,0.0,0.0,0.6904096666666667,0.0
2026-05-06 05:00:00,25.565,78.86833333333333,0.0,0.0,0.6878123333333334,0.0
2026-05-06 06:00:00,25.873333333333335,78.88,0.0,0.0,0.700081,3.4283333333333332
2026-05-06 07:00:00,27.798333333333332,77.64,0.0,0.01,0.8384214999999999,35.095
2026-05-06 08:00:00,32.785000000000004,67.665,0.0,0.8833333333333333,1.6012085,71.01833333333333
2026-05-06 09:00:00,33.873333333333335,65.93833333333333,0.0,1.2266666666666666,1.7859625000000001,88.815
2026-05-06 10:00:00,36.059999999999995,60.86333333333334,0.0,1.5233333333333334,2.3194738333333333,104.25999999999999
2026-05-06 11:00:00,37.415,59.13999999999999,0.0,2.1016666666666666,2.605319,95.59500000000001
2026-05-06 12:00:00,38.45,55.89333333333334,0.0,2.435,2.970011166666667,104.92
2026-05-06 13:00:00,36.11,59.666666666666664,0.0,2.216666666666667,2.43573,37.788333333333334
2026-05-06 14:00:00,31.30666666666667,69.595,0.0,6.946666666666666,1.3806276666666666,18.706666666666667
2026-05-06 15:00:00,30.656666666666666,71.44,0.0,1.9000000000000001,1.2490018333333335,17.086666666666666
2026-05-06 16:00:00,29.415000000000003,74.30666666666667,0.0,0.51,1.0484186666666666,10.08
2026-05-06 17:00:00,28.44666666666667,74.99833333333333,0.0,0.008333333333333333,0.9636538333333333,3.936666666666667
2026-05-06 18:00:00,27.28,77.515,0.0,0.09166666666666667,0.8097153333333335,0.28833333333333333
2026-05-06 19:00:00,26.68166666666667,78.44,0.0,0.01,0.7494593333333334,0.0
2026-05-06 20:00:00,26.281666666666666,78.60666666666667,0.0,0.0,0.7263961666666666,0.0
2026-05-06 21:00:00,26.099999999999998,78.60666666666667,0.0,0.0,0.7186613333333334,0.0
2026-05-06 22:00:00,25.88,78.67333333333333,0.0,0.0,0.707227,0.0
2026-05-06 23:00:00,25.676666666666666,78.73166666666667,0.0,0.0,0.6968606666666667,0.0
2026-05-07 00:00:00,25.508333333333336,78.76666666666667,0.0,0.0,0.6888145,0.0
2026-05-07 01:00:00,25.418,78.818,0.0,0.0,0.6835054,0.0
2026-05-07 02:00:00,25.24,78.845,0.0,0.0,0.6754665000000001,0.0
2026-05-07 03:00:00,24.985,78.82333333333334,0.0,0.0,0.6659983333333334,0.0
2026-05-07 04:00:00,24.858333333333334,78.86833333333334,0.0,0.0,0.6596051666666667,0.0
2026-05-07 05:00:00,24.75,78.82,0.0,0.0,0.6568661666666666,0.0033333333333333335
2026-05-07 06:00:00,25.145,78.94833333333334,0.0,0.0,0.6685186666666666,5.6866666666666665
2026-05-07 07:00:00,28.099999999999998,77.32000000000001,0.0,0.0,0.8635185,29.956666666666667
2026-05-07 08:00:00,32.815,68.78166666666667,0.0,0.405,1.5558918333333331,68.26666666666667
2026-05-07 09:00:00,35.71,62.501666666666665,0.0,1.8383333333333336,2.1808988333333335,99.86
2026-05-07 10:00:00,34.92,63.095,0.0,2.6916666666666664,2.0530181666666665,92.47833333333334
2026-05-07 11:00:00,30.925,70.575,0.0,6.2250000000000005,1.3192555,35.461666666666666
2026-05-07 12:00:00,27.135714285714283,76.47714285714287,1.2,3.427142857142857,0.8467888571428571,14.700000000000001
2026-05-07 13:00:00,25.574285714285715,78.53571428571429,0.2,1.7328571428571429,0.699104142857143,4.627142857142857
2026-05-07 14:00:00,25.388333333333332,78.59666666666666,0.0,0.0,0.6894333333333332,11.413333333333334
2026-05-07 15:00:00,26.15833333333333,78.26333333333334,0.0,0.0,0.7329325,21.038333333333334
2026-05-07 16:00:00,26.580000000000002,77.91000000000001,0.0,0.26833333333333337,0.7632825,11.53
2026-05-07 17:00:00,26.633333333333336,77.94500000000001,0.0,0.0,0.7645339999999999,5.3549999999999995
2026-05-07 18:00:00,26.173333333333332,78.57333333333334,0.0,0.29,0.7229171666666666,0.31833333333333336
2026-05-07 19:00:00,25.895,78.67166666666667,0.0,0.09333333333333334,0.7078730000000001,0.0
2026-05-07 20:00:00,25.881666666666664,78.74,0.0,0.0,0.7050513333333334,0.0
2026-05-07 21:00:00,25.873333333333335,78.74166666666666,0.0,0.0,0.704649,0.0
2026-05-07 22:00:00,25.706666666666667,78.79666666666667,0.0,0.0,0.6959445,0.0
2026-05-07 23:00:00,25.706666666666667,78.79333333333334,0.0,0.0,0.6960583333333333,0.0
2026-05-08 00:00:00,25.63,78.80833333333334,0.0,0.0,0.6924311666666667,0.0
2026-05-08 01:00:00,25.371666666666666,78.79,0.0,0.0,0.6825098333333334,0.0
2026-05-08 02:00:00,25.171666666666667,78.68833333333333,0.0,0.0,0.6777103333333333,0.0
2026-05-08 03:00:00,25.065,78.71666666666667,0.0,0.0,0.6725415,0.0
2026-05-08 04:00:00,25.00666666666667,78.71833333333333,0.0,0.0,0.6701661666666666,0.0
2026-05-08 05:00:00,24.998333333333335,78.71666666666667,0.0,0.0,0.6698875000000001,0.008333333333333333
2026-05-08 06:00:00,25.320000000000004,78.74166666666667,0.0,0.0,0.6820485000000001,7.048333333333333
2026-05-08 07:00:00,26.922000000000004,78.78999999999999,0.0,0.0,0.7480610000000001,18.116
2026-05-08 08:00:00,29.06833333333333,77.26333333333334,0.0,0.0,0.9118076666666667,49.995
2026-05-08 09:00:00,33.39666666666667,69.13833333333334,0.0,0.7266666666666667,1.58643,95.915
2026-05-08 10:00:00,34.60166666666667,65.03500000000001,0.0,1.945,1.9115456666666668,87.13666666666667
2026-05-08 11:00:00,33.785000000000004,64.59333333333333,0.0,2.361666666666667,1.8525276666666668,51.87833333333333
2026-05-08 12:00:00,25.372857142857146,74.72285714285714,0.4,2.174285714285714,0.8221014285714286,9.37142857142857
2026-05-08 13:00:00,25.28833333333333,75.75,0.0,0.8916666666666666,0.7765131666666667,9.813333333333333
2026-05-08 14:00:00,25.911666666666665,75.90166666666666,0.0,0.65,0.8014163333333334,17.128333333333334
2026-05-08 15:00:00,27.128333333333334,73.64,0.0,1.5783333333333334,0.9415921666666667,27.11
2026-05-08 16:00:00,28.105,72.44166666666666,0.0,1.37,1.0411011666666667,14.653333333333334
2026-05-08 17:00:00,27.828333333333333,73.57666666666667,0.0,0.46666666666666673,0.9821818333333333,9.415000000000001
2026-05-08 18:00:00,26.683333333333334,76.14833333333333,0.0,0.13166666666666668,0.8299081666666667,0.47833333333333333
2026-05-08 19:00:00,25.930000000000003,77.75333333333333,0.0,0.0,0.7399275,0.0
2026-05-08 20:00:00,25.595,78.22,0.0,0.0,0.7101798333333335,0.0
2026-05-08 21:00:00,25.72,78.35333333333334,0.0,0.5066666666666667,0.7111055000000001,0.0
2026-05-08 22:00:00,25.926666666666666,78.39999999999999,0.0,0.0,0.7182388333333334,0.0
2026-05-08 23:00:00,25.756666666666664,78.52333333333333,0.0,0.0,0.7070168333333333,0.0
2026-05-09 00:00:00,25.495,78.50333333333333,0.0,0.0,0.6968013333333333,0.0
2026-05-09 01:00:00,25.15833333333333,78.51666666666667,0.0,0.0,0.6826358333333333,0.0
2026-05-09 02:00:00,24.938333333333333,78.50333333333333,0.0,0.0,0.6741986666666667,0.0
2026-05-09 03:00:00,24.845,78.54333333333334,0.0,0.0,0.6692183333333334,0.0
2026-05-09 04:00:00,24.546666666666667,78.56166666666667,0.0,0.0,0.6568918333333333,0.0
2026-05-09 05:00:00,24.298333333333332,78.56833333333334,0.0,0.0,0.6470258333333333,0.0
2026-05-09 06:00:00,24.75,78.68166666666667,0.0,0.0,0.6611896666666667,3.155
2026-05-09 07:00:00,25.758333333333336,78.72166666666668,0.0,0.16666666666666666,0.7010149999999999,21.88
2026-05-09 08:00:00,30.611666666666665,70.50666666666667,0.0,0.55,1.3089426666666666,59.071666666666665
2026-05-09 09:00:00,33.43333333333333,63.55166666666667,0.0,1.3883333333333334,1.8642325,82.67666666666666
2026-05-09 10:00:00,35.68833333333333,60.586666666666666,0.0,2.28,2.2833771666666665,100.27
2026-05-09 11:00:00,34.964999999999996,62.1,0.0,1.3533333333333335,2.115677666666667,66.315
2026-05-09 12:00:00,36.73833333333334,58.47,0.0,2.316666666666667,2.5681266666666667,89.915
2026-05-09 13:00:00,37.568333333333335,56.46333333333333,0.0,0.9433333333333334,2.794526166666667,77.02166666666666
2026-05-09 14:00:00,37.795,56.276666666666664,0.0,1.175,2.850425833333333,62.998333333333335
2026-05-09 15:00:00,34.446666666666665,63.695,0.0,8.108333333333333,1.9643683333333335,77.13666666666667
2026-05-09 16:00:00,34.17166666666667,64.745,0.0,5.095,1.8844130000000001,33.31666666666667
2026-05-09 17:00:00,30.685000000000002,67.04833333333333,0.0,5.308333333333334,1.442971,14.885
2026-05-09 18:00:00,29.28,68.21,0.0,0.515,1.2865908333333334,1.3433333333333335
2026-05-09 19:00:00,27.651666666666667,74.45333333333333,0.0,0.0,0.9411723333333333,0.0
2026-05-09 20:00:00,26.736,77.662,0.0,0.01,0.7790896,0.0
2026-05-09 21:00:00,26.37,78.14333333333333,0.0,0.0,0.7459790000000001,0.0
2026-05-09 22:00:00,25.974999999999998,78.22333333333334,0.0,0.0,0.7261954999999999,0.0
2026-05-09 23:00:00,25.816666666666666,78.30333333333333,0.0,0.0,0.7167833333333333,0.0
2026-05-10 00:00:00,25.558333333333334,78.33166666666666,0.0,0.0,0.7050095000000001,0.0
2026-05-10 01:00:00,25.233333333333334,78.35166666666667,0.0,0.0,0.6909383333333333,0.0
2026-05-10 02:00:00,24.948333333333334,78.35333333333334,0.0,0.0,0.6792976666666667,0.0
2026-05-10 03:00:00,24.738333333333333,78.40833333333335,0.0,0.0,0.6691726666666667,0.0
2026-05-10 04:00:00,24.566666666666666,78.42666666666666,0.0,0.0,0.6618058333333333,0.0
2026-05-10 05:00:00,24.685000000000002,78.43666666666667,0.0,0.0,0.6661838333333333,0.023333333333333334
2026-05-10 06:00:00,25.52333333333333,78.575,0.0,0.0,0.6958528333333334,7.533333333333334
2026-05-10 07:00:00,28.615,76.55166666666666,0.0,0.0,0.920852,28.790000000000003
2026-05-10 08:00:00,32.77333333333333,68.58833333333332,0.0,0.27999999999999997,1.5559863333333332,58.18333333333334
2026-05-10 09:00:00,35.595,62.52,0.0,0.595,2.1616210000000002,96.36666666666667
2026-05-10 10:00:00,36.468333333333334,60.275,0.0,2.705,2.4021975,104.73833333333334
2026-05-10 11:00:00,37.445,57.53,0.0,3.1616666666666666,2.708822,102.81833333333333
2026-05-10 12:00:00,37.21,57.10999999999999,0.0,4.11,2.7037716666666665,95.60833333333333
2026-05-10 13:00:00,30.598333333333333,66.73,0.0,7.265000000000001,1.4671183333333333,36.38
2026-05-10 14:00:00,28.353333333333335,71.87333333333333,0.0,2.0683333333333334,1.0784719999999999,19.833333333333332
2026-05-10 15:00:00,28.358333333333334,71.76,0.0,0.7983333333333333,1.0833226666666667,23.575
2026-05-10 16:00:00,29.373333333333335,70.84,0.0,1.9716666666666667,1.1856354999999998,21.276666666666667
2026-05-10 17:00:00,27.67375,76.63374999999999,1.2,2.9787500000000002,0.8626391250000001,4.6675
2026-05-10 18:00:00,26.733333333333334,78.13833333333334,0.0,0.0,0.7622346666666666,0.9066666666666666
2026-05-10 19:00:00,26.68166666666667,78.29,0.0,0.34500000000000003,0.7546423333333333,0.0
2026-05-10 20:00:00,25.837777777777777,78.04333333333334,2.0,3.7155555555555555,0.7265448888888888,0.0
2026-05-10 21:00:00,25.60375,78.29875,0.4,0.9975,0.707980375,0.0
2026-05-10 22:00:00,25.463333333333335,78.35833333333333,0.0,0.0,0.7001893333333333,0.0
2026-05-10 23:00:00,25.07166666666667,78.33166666666666,0.0,0.0,0.6850031666666667,0.0
2026-05-11 00:00:00,24.84857142857143,78.35428571428572,0.2,0.0,0.6752587142857143,0.0
2026-05-11 01:00:00,24.626666666666665,78.32,0.0,0.0,0.6674631666666667,0.0
2026-05-11 02:00:00,24.48,78.37,0.0,0.0,0.6601271666666667,0.0
2026-05-11 03:00:00,24.363333333333333,78.35666666666667,0.0,0.0,0.6559586666666667,0.0
2026-05-11 04:00:00,24.145,78.35166666666667,0.0,0.0,0.6476118333333333,0.0
2026-05-11 05:00:00,24.123333333333335,78.33999999999999,0.0,0.0,0.6471173333333333,0.0
2026-05-11 06:00:00,24.56833333333333,78.47666666666667,0.0,0.006666666666666667,0.6603791666666666,4.558333333333334
2026-05-11 07:00:00,26.136666666666667,78.55166666666666,0.0,0.005,0.7225765000000001,23.905
2026-05-11 08:00:00,28.52,75.23333333333333,0.0,0.7733333333333334,0.9658728333333334,49.98833333333334
2026-05-11 09:00:00,32.085,67.07333333333334,0.0,2.7216666666666662,1.5679705000000002,91.29666666666667
2026-05-11 10:00:00,34.178333333333335,64.31,0.0,2.1,1.9041336666666666,96.795
2026-05-11 11:00:00,36.60666666666666,59.123333333333335,0.0,1.555,2.4926388333333334,104.10833333333333
2026-05-11 12:00:00,37.11833333333333,55.185,0.0,1.16,2.8129988333333333,102.25833333333333
2026-05-11 13:00:00,36.038333333333334,59.45666666666667,0.0,4.358333333333333,2.397292833333333,100.99000000000001
2026-05-11 14:00:00,35.88333333333333,59.705000000000005,0.0,4.42,2.3649201666666664,94.565
2026-05-11 15:00:00,34.70333333333333,60.98166666666666,0.0,7.698333333333333,2.1432945,75.36
2026-05-11 16:00:00,33.505,63.37833333333333,0.0,7.616666666666667,1.8833636666666667,43.318333333333335
2026-05-11 17:00:00,30.925714285714285,69.53428571428572,0.2,4.897142857142858,1.383201,17.68
2026-05-11 18:00:00,26.531666666666666,77.92333333333333,0.0,0.4666666666666666,0.760783,0.29833333333333334
2026-05-11 19:00:00,26.245,78.06833333333333,0.0,0.5299999999999999,0.7430555,0.0
2026-05-11 20:00:00,26.28,78.15333333333334,0.0,0.11166666666666668,0.741695,0.0
2026-05-11 21:00:00,26.34,78.12166666666667,0.0,0.0,0.7453948333333335,0.0
2026-05-11 22:00:00,26.253333333333334,78.17833333333334,0.0,0.0,0.7396996666666666,0.0
2026-05-11 23:00:00,25.911666666666665,78.14166666666667,0.0,0.0,0.7261738333333333,0.0
2026-05-12 00:00:00,25.808333333333334,78.22833333333334,0.0,0.0,0.7189083333333333,0.0
2026-05-12 01:00:00,25.588333333333335,78.27333333333333,0.0,0.0,0.7081523333333334,0.0
2026-05-12 02:00:00,25.421666666666667,78.22333333333334,0.0,0.0,0.7028236666666666,0.0
2026-05-12 03:00:00,25.224999999999998,78.19500000000001,0.0,0.0,0.6955861666666667,0.0
2026-05-12 04:00:00,25.108333333333334,78.25333333333333,0.0,0.0,0.6889513333333334,0.0
2026-05-12 05:00:00,25.233333333333334,78.25833333333334,0.0,0.0,0.6939164999999999,0.0
2026-05-12 06:00:00,25.56833333333333,78.29333333333334,0.0,0.7216666666666667,0.7066793333333333,3.4433333333333334
2026-05-12 07:00:00,26.857142857142858,78.31285714285715,0.2,0.18,0.7618739999999999,19.452857142857145
2026-05-12 08:00:00,27.49,78.3,0.0,0.03166666666666667,0.7908025,11.241666666666667
2026-05-12 09:00:00,28.849999999999998,76.44833333333334,0.0,1.8983333333333332,0.9326773333333334,64.18666666666667
2026-05-12 10:00:00,30.46666666666667,73.235,0.0,3.7449999999999997,1.1635843333333333,61.63666666666666
2026-05-12 11:00:00,27.02333333333333,77.73166666666667,0.2,3.9133333333333336,0.7903811666666667,18.203333333333333
2026-05-12 12:00:00,27.243333333333336,77.11166666666666,0.0,0.40166666666666667,0.8224771666666667,33.041666666666664
2026-05-12 13:00:00,28.221666666666668,76.25666666666667,0.0,0.57,0.9029246666666667,39.598333333333336
2026-05-12 14:00:00,29.155,73.25166666666667,0.0,0.0016666666666666668,1.0750170000000001,40.895
2026-05-12 15:00:00,29.766666666666666,72.105,0.0,0.013333333333333334,1.1602295,35.800000000000004
2026-05-12 16:00:00,29.21,73.49571428571429,0.2,0.018571428571428572,1.0670901428571429,23.725714285714282
2026-05-12 17:00:00,28.785,75.06333333333333,0.0,0.0,0.9802318333333333,10.356666666666667
2026-05-12 18:00:00,27.53,77.50166666666667,0.0,0.0,0.822407,0.8300000000000001
2026-05-12 19:00:00,26.741666666666664,78.11,0.0,0.0,0.7635896666666667,0.0
2026-05-12 20:00:00,26.295,78.13666666666667,0.0,0.0,0.7429416666666667,0.0
2026-05-12 21:00:00,26.13,78.205,0.0,0.0,0.7334465,0.0
2026-05-12 22:00:00,25.878333333333334,78.16166666666668,0.0,0.0,0.7240876666666667,0.0
2026-05-12 23:00:00,25.736666666666668,78.20333333333333,0.0,0.0,0.7166888333333333,0.0
2026-05-13 00:00:00,25.513333333333335,78.21,0.0,0.0,0.707077,0.0
2026-05-13 01:00:00,25.581666666666667,78.28333333333333,0.0,0.0,0.7075546666666667,0.0
2026-05-13 02:00:00,25.596666666666668,78.26,0.0,0.0,0.7089371666666667,0.0
2026-05-13 03:00:00,25.691666666666666,78.28166666666667,0.0,0.0,0.7122246666666667,0.0
2026-05-13 04:00:00,25.74,78.32333333333334,0.0,0.0,0.712884,0.0
2026-05-13 05:00:00,25.83625,78.30875,0.6000000000000001,0.0,0.717423625,0.0
2026-05-13 06:00:00,25.761428571428574,78.30142857142857,0.2,0.0,0.7145318571428572,5.517142857142858
2026-05-13 07:00:00,26.903333333333332,78.39333333333333,0.2,0.0,0.7611443333333333,29.62166666666667
2026-05-13 08:00:00,29.781666666666666,74.34,0.0,0.8666666666666667,1.0746689999999999,59.416666666666664
2026-05-13 09:00:00,31.75833333333333,70.565,0.0,2.6149999999999998,1.374148,58.49166666666667
2026-05-13 10:00:00,28.55,75.83999999999999,0.4,1.375,0.936608,26.281666666666666
2026-05-13 11:00:00,32.473333333333336,68.44,0.0,1.76,1.5669536666666666,93.505
2026-05-13 12:00:00,34.67333333333334,63.13999999999999,0.0,1.1766666666666667,2.028635,71.11166666666666
2026-05-13 13:00:00,34.03333333333333,63.10666666666666,0.0,4.583333333333333,1.9565895,78.60166666666667
2026-05-13 14:00:00,33.595,64.02499999999999,0.0,3.9066666666666663,1.8628266666666669,50.876666666666665
2026-05-13 15:00:00,32.69,64.75166666666667,0.0,7.335,1.7290986666666666,56.46666666666667
2026-05-13 16:00:00,33.516666666666666,62.615,0.0,6.203333333333333,1.9215768333333332,52.848333333333336
2026-05-13 17:00:00,31.733333333333334,66.00333333333333,0.0,6.881666666666667,1.5820593333333335,17.18166666666667
2026-05-13 18:00:00,30.066666666666666,70.50666666666667,0.0,0.42333333333333334,1.2517325,1.485
2026-05-13 19:00:00,27.813333333333333,76.44833333333334,0.0,0.0,0.8751768333333333,0.0
2026-05-13 20:00:00,26.83666666666667,77.80333333333334,0.0,0.0,0.7787028333333333,0.0
2026-05-13 21:00:00,26.333333333333332,78.015,0.0,0.0,0.7487558333333334,0.0
2026-05-13 22:00:00,26.048000000000002,78.042,0.0,0.0,0.7353682,0.0
2026-05-13 23:00:00,25.801666666666666,78.06,0.0,0.0,0.724184,0.0
2026-05-14 00:00:00,25.78,78.05166666666666,0.0,0.0,0.723523,0.0
2026-05-14 01:00:00,25.646666666666665,78.15666666666667,0.0,0.008333333333333333,0.7144216666666666,0.0
2026-05-14 02:00:00,25.706666666666667,78.11833333333333,0.0,0.7383333333333333,0.7182155,0.0
2026-05-14 03:00:00,25.575,78.22749999999999,1.2,1.2925,0.7091761249999999,0.0
2026-05-14 04:00:00,25.035,78.09833333333333,0.2,0.011666666666666667,0.690858,0.0
2026-05-14 05:00:00,25.255,78.10666666666667,0.0,0.2383333333333333,0.6996540000000001,0.0
2026-05-14 06:00:00,26.01,78.22,0.0,0.03666666666666667,0.7279476666666667,4.206666666666667
2026-05-14 07:00:00,27.353333333333335,78.19,0.0,1.3366666666666667,0.7888736666666666,29.866666666666664
2026-05-14 08:00:00,29.84,74.10166666666667,0.0,0.28833333333333333,1.0846345000000002,59.468333333333334
2026-05-14 09:00:00,32.385,69.79333333333334,0.0,1.5083333333333335,1.4625685,89.80166666666666
2026-05-14 10:00:00,33.07833333333333,66.53166666666667,0.0,4.11,1.6783541666666668,95.85166666666667
2026-05-14 11:00:00,34.214999999999996,64.08,0.0,3.6,1.9219051666666669,104.315
2026-05-14 12:00:00,34.199999999999996,63.175000000000004,0.0,6.175000000000001,1.9654698333333334,96.84500000000001
2026-05-14 13:00:00,33.931666666666665,61.905,0.0,5.68,2.0028703333333335,88.71
2026-05-14 14:00:00,33.443333333333335,63.645,0.0,5.853333333333333,1.8610751666666667,84.96166666666666
2026-05-14 15:00:00,32.28666666666667,66.74833333333333,0.0,5.763333333333333,1.5947528333333334,44.57833333333334
2026-05-14 16:00:00,32.02,67.715,0.0,3.401666666666667,1.5251501666666665,30.515
2026-05-14 17:00:00,31.74,68.29833333333333,0.0,2.705,1.4744535,18.183333333333334
2026-05-14 18:00:00,30.34166666666667,71.46166666666666,0.0,0.7800000000000001,1.2276323333333332,1.4183333333333332
2026-05-14 19:00:00,29.075000000000003,74.05833333333334,0.0,0.48333333333333334,1.0370679999999999,0.0
2026-05-14 20:00:00,27.58666666666667,77.535,0.0,0.0,0.823584,0.0
2026-05-14 21:00:00,26.951666666666668,77.99833333333333,0.0,0.0,0.7769745,0.0
2026-05-14 22:00:00,26.666666666666668,78.10166666666667,0.0,0.0,0.7605216666666667,0.0
2026-05-14 23:00:00,26.47,78.05833333333334,0.0,0.0,0.7532855,0.0
2026-05-15 00:00:00,26.361666666666665,78.155,0.0,0.19999999999999998,0.7452063333333333,0.0
2026-05-15 01:00:00,26.515,78.135,0.0,0.0016666666666666668,0.7526348333333334,0.0
2026-05-15 02:00:00,26.543333333333333,78.12166666666667,0.0,0.0,0.7543493333333333,0.0
2026-05-15 03:00:00,26.566666666666666,78.18,0.0,0.0,0.7533708333333333,0.0
2026-05-15 04:00:00,26.421666666666667,78.17833333333333,0.0,0.0,0.747041,0.0
2026-05-15 05:00:00,26.562857142857144,78.19142857142857,1.2,0.11,0.75281,0.022857142857142857
2026-05-15 06:00:00,26.834999999999997,78.30166666666666,0.0,0.225,0.7611105,8.348333333333334
2026-05-15 07:00:00,28.206666666666667,78.01,0.0,1.1933333333333334,0.8368034999999999,23.393333333333334
2026-05-15 08:00:00,31.416666666666668,72.57000000000001,0.0,1.9733333333333334,1.2603755,53.84166666666667
2026-05-15 09:00:00,31.916666666666668,69.60666666666667,0.0,5.595,1.434196,79.385
2026-05-15 10:00:00,31.879999999999995,67.94333333333333,0.0,6.348333333333334,1.5055681666666665,75.83333333333333
2026-05-15 11:00:00,32.99666666666667,65.49833333333333,0.0,9.32,1.7224685,104.02499999999999
2026-05-15 12:00:00,33.135,65.39,0.0,8.831666666666665,1.7409168333333334,91.82833333333333
2026-05-15 13:00:00,33.50833333333333,64.57666666666667,0.0,9.66,1.8188006666666665,100.23666666666666
2026-05-15 14:00:00,33.77,63.876666666666665,0.0,9.733333333333333,1.8821391666666667,104.31666666666666
2026-05-15 15:00:00,33.825714285714284,63.06857142857143,1.6,6.674285714285714,1.9304342857142858,64.15428571428572
2026-05-15 16:00:00,32.445,65.72,0.0,6.298333333333333,1.6595588333333333,30.343333333333334
2026-05-15 17:00:00,31.755714285714284,67.86,0.2,4.882857142857143,1.4961995714285714,21.201428571428572
2026-05-15 18:00:00,30.570000000000004,70.55333333333333,0.0,3.3383333333333334,1.2820333333333334,1.3916666666666666
2026-05-15 19:00:00,29.075,74.78166666666668,0.0,0.0,1.0087821666666668,0.0
2026-05-15 20:00:00,28.513333333333332,76.405,0.0,0.455,0.9126216666666668,0.0
2026-05-15 21:00:00,28.215,76.69666666666667,0.0,0.3833333333333333,0.8858438333333334,0.0
2026-05-15 22:00:00,28.003333333333334,77.55666666666667,0.0,0.0,0.8427318333333332,0.0
2026-05-15 23:00:00,27.5,78.04714285714286,1.4,1.0271428571428571,0.8005385714285714,0.0
2026-05-16 00:00:00,26.506666666666664,78.165,0.4,0.48500000000000004,0.7512356666666666,0.0
2026-05-16 01:00:00,26.435000000000002,78.215,0.0,0.20833333333333334,0.7463751666666667,0.0
2026-05-16 02:00:00,26.338333333333335,78.23833333333333,0.0,0.01,0.7413468333333334,0.0
2026-05-16 03:00:00,26.661666666666665,78.28666666666668,0.0,0.3333333333333333,0.7538691666666667,0.0
2026-05-16 04:00:00,26.778333333333336,78.31833333333333,0.0,0.0,0.7579359999999999,0.0
2026-05-16 05:00:00,26.566666666666666,78.31,0.0,0.0,0.7488786666666667,0.0
2026-05-16 06:00:00,26.83,78.30666666666667,0.0,0.0,0.760727,5.293333333333334
2026-05-16 07:00:00,29.016666666666666,77.42833333333333,0.0,0.45999999999999996,0.9023188333333333,33.288333333333334
2026-05-16 08:00:00,32.54666666666667,70.06,0.0,2.4066666666666667,1.4576646666666668,63.565
2026-05-16 09:00:00,33.245,67.26333333333334,0.0,4.415,1.6564468333333335,77.31166666666667
2026-05-16 10:00:00,33.580000000000005,65.95333333333333,0.0,6.096666666666667,1.7564106666666666,96.28500000000001
2026-05-16 11:00:00,34.251666666666665,63.830000000000005,0.0,7.863333333333333,1.9356236666666666,99.82166666666667
2026-05-16 12:00:00,32.45,66.31166666666667,0.0,9.93,1.6368071666666666,51.44833333333333
2026-05-16 13:00:00,31.271666666666665,69.22500000000001,0.0,8.035,1.3935803333333334,47.696666666666665
2026-05-16 14:00:00,31.78,68.235,0.0,5.8183333333333325,1.4804371666666667,61.85
2026-05-16 15:00:00,31.758333333333336,67.54833333333333,0.0,5.695,1.5108638333333333,45.19833333333333
2026-05-16 16:00:00,30.868333333333336,69.74,0.0,6.035,1.3395166666666667,18.011666666666667
2026-05-16 17:00:00,30.48,70.85166666666667,0.0,3.19,1.2621565,6.086666666666667
2026-05-16 18:00:00,29.81833333333333,72.035,0.0,1.7683333333333333,1.1661178333333333,0.19333333333333333
2026-05-16 19:00:00,29.635,72.485,0.0,2.3816666666666664,1.1351666666666667,0.0
2026-05-16 20:00:00,28.986666666666668,74.31833333333333,0.0,0.0,1.0224225,0.0
2026-05-16 21:00:00,27.987142857142857,77.36285714285714,0.2,0.05142857142857143,0.8492941428571429,0.0
2026-05-16 22:00:00,27.724999999999998,77.93166666666667,0.0,0.62,0.8154683333333334,0.0
2026-05-16 23:00:00,28.811666666666667,74.82666666666667,0.0,3.5549999999999997,0.9934761666666666,0.0
2026-05-17 00:00:00,28.150000000000002,76.63166666666667,0.0,0.19999999999999998,0.887105,0.0
2026-05-17 01:00:00,27.105,78.04333333333334,0.0,0.0,0.7823808333333333,0.0
2026-05-17 02:00:00,26.893333333333334,78.20166666666667,0.0,0.0,0.767188,0.0
2026-05-17 03:00:00,26.616666666666664,78.23666666666666,0.0,0.11333333333333334,0.7536361666666668,0.0
2026-05-17 04:00:00,26.406666666666666,78.29,0.0,0.0,0.7425598333333333,0.0
2026-05-17 05:00:00,26.26,78.29,0.0,0.0,0.7361941666666666,0.011666666666666667
2026-05-17 06:00:00,26.483333333333334,78.28666666666668,0.0,0.0,0.7460836666666667,6.2700000000000005
2026-05-17 07:00:00,29.439999999999998,75.37333333333333,0.0,0.7433333333333333,1.0155675,32.971666666666664
2026-05-17 08:00:00,32.306666666666665,69.61,0.0,1.515,1.4606096666666666,53.01833333333334
2026-05-17 09:00:00,31.525000000000002,68.06166666666667,0.0,4.558333333333334,1.4687638333333333,24.163333333333338
2026-05-17 10:00:00,31.32166666666667,68.31166666666667,0.0,7.368333333333333,1.4392403333333332,35.33
2026-05-17 11:00:00,32.916666666666664,66.08833333333334,0.0,7.153333333333333,1.6865373333333336,92.48
2026-05-17 12:00:00,33.95166666666667,63.85333333333333,0.0,7.446666666666666,1.9025761666666667,101.13
2026-05-17 13:00:00,32.721666666666664,65.90333333333334,0.0,7.68,1.6767245,65.86666666666666
2026-05-17 14:00:00,32.413333333333334,67.30333333333333,0.0,8.893333333333333,1.5793126666666666,81.14833333333333
2026-05-17 15:00:00,32.391666666666666,67.25666666666667,0.0,8.743333333333334,1.5795966666666665,71.24166666666666
2026-05-17 16:00:00,31.888333333333335,68.17666666666666,0.0,8.455,1.492717,36.49333333333333
2026-05-17 17:00:00,30.788333333333338,69.885,0.0,8.248333333333333,1.3269141666666666,11.325000000000001
2026-05-17 18:00:00,30.458,70.478,0.0,6.8340000000000005,1.276438,0.454
2026-05-17 19:00:00,30.301666666666666,70.94333333333334,0.0,6.191666666666666,1.2452015,0.0
2026-05-17 20:00:00,30.459999999999997,70.43666666666667,0.0,4.818333333333333,1.2784238333333333,0.0
2026-05-17 21:00:00,30.188333333333333,70.92333333333333,0.0,0.775,1.240795,0.0
2026-05-17 22:00:00,28.39,76.51833333333333,0.0,0.0,0.9018823333333333,0.0
2026-05-17 23:00:00,28.105,77.24333333333334,0.0,0.9516666666666667,0.8594755,0.0
2026-05-18 00:00:00,27.621666666666666,77.735,0.0,0.22999999999999998,0.8180431666666667,0.0
2026-05-18 01:00:00,27.236666666666668,78.26833333333333,0.0,0.0,0.7803216666666667,0.0
2026-05-18 02:00:00,26.921666666666667,78.25666666666667,0.0,0.0,0.7665103333333333,0.0
2026-05-18 03:00:00,26.53,78.33333333333333,0.0,0.0,0.7464736666666667,0.0
2026-05-18 04:00:00,26.31833333333333,78.245,0.0,0.0,0.7402468333333333,0.0
2026-05-18 05:00:00,26.245,78.28166666666667,0.0,0.2783333333333333,0.7358276666666667,0.049999999999999996
2026-05-18 06:00:00,26.5,78.335,0.0,0.16666666666666666,0.7451323333333333,6.859999999999999
2026-05-18 07:00:00,27.813333333333333,78.405,0.0,0.023333333333333334,0.8022178333333333,17.391666666666666
2026-05-18 08:00:00,28.815,77.6,1.2,0.83,0.881951125,37.42375
2026-05-18 09:00:00,31.363333333333333,70.76333333333334,0.0,4.435,1.334773,76.94333333333333
2026-05-18 10:00:00,32.223333333333336,67.515,0.0,6.695,1.5533866666666667,100.21499999999999
2026-05-18 11:00:00,31.635,70.04,0.0,7.1499999999999995,1.398180166666667,88.375
2026-05-18 12:00:00,30.291666666666668,74.24,0.0,4.256666666666667,1.1036211666666667,55.30666666666667
2026-05-18 13:00:00,29.924285714285713,74.01714285714286,0.2,6.388571428571429,1.0908131428571428,38.57
2026-05-18 14:00:00,30.671666666666667,70.865,0.0,5.821666666666666,1.2751675,37.98500000000001
2026-05-18 15:00:00,29.81833333333333,74.735,0.2,1.6966666666666665,1.05322,35.48
2026-05-18 16:00:00,29.935000000000002,74.81833333333333,0.0,1.9283333333333335,1.0568715,20.258333333333333
2026-05-18 17:00:00,29.34166666666667,76.77833333333334,0.0,0.0,0.9423451666666667,6.6883333333333335
2026-05-18 18:00:00,28.314999999999998,78.135,0.0,0.07666666666666667,0.8361193333333333,0.6666666666666666
2026-05-18 19:00:00,27.674,78.38199999999999,0.0,0.0,0.7962942,0.0
2026-05-18 20:00:00,27.128333333333334,78.40333333333334,0.0,0.0,0.7705915,0.0
2026-05-18 21:00:00,26.906,78.388,0.0,0.0,0.7611804,0.0
2026-05-18 22:00:00,26.858333333333334,78.37,0.0,0.0,0.7596805,0.0
2026-05-18 23:00:00,26.78,78.37166666666667,0.0,0.0,0.7561473333333333,0.0
2026-05-19 00:00:00,27.083333333333332,78.44500000000001,0.0,0.0,0.7670706666666667,0.0
2026-05-19 01:00:00,26.96142857142857,78.38142857142859,0.4,0.6142857142857142,0.763882,0.0
2026-05-19 02:00:00,26.7225,78.41,0.4,0.94625,0.75227475,0.0
2026-05-19 03:00:00,25.79818181818182,78.38,8.399999999999999,1.3027272727272727,0.7135135454545455,0.0
2026-05-19 04:00:00,25.35272727272727,78.35909090909091,9.2,0.46545454545454545,0.6956102727272727,0.0
2026-05-19 05:00:00,25.23,78.34555555555556,1.2000000000000002,0.0044444444444444444,0.6909951111111111,0.0
2026-05-19 06:00:00,25.385555555555555,78.36444444444444,0.6000000000000001,0.0,0.6967833333333333,0.4744444444444445
2026-05-19 07:00:00,25.517142857142858,78.36428571428571,0.2,0.0,0.702244,4.547142857142857
2026-05-19 08:00:00,26.09166666666667,78.31333333333333,0.0,0.49666666666666665,0.7281851666666667,14.344999999999999
2026-05-19 09:00:00,26.75,78.32333333333334,0.0,1.1300000000000001,0.7567720000000001,33.685
2026-05-19 10:00:00,27.046,78.21000000000001,2.8,0.361,0.7738169,16.399
2026-05-19 11:00:00,27.28142857142857,77.70285714285714,0.2,0.06714285714285714,0.8036511428571428,46.785714285714285
2026-05-19 12:00:00,28.125555555555554,77.29777777777778,2.4,0.0,0.8592327777777778,49.794444444444444
2026-05-19 13:00:00,30.633333333333336,74.10333333333334,0.0,1.468333333333333,1.1326635,74.87333333333333
2026-05-19 14:00:00,30.635,74.16833333333334,0.0,2.77,1.1294871666666666,51.971666666666664
2026-05-19 15:00:00,31.0,71.62,0.0,5.181666666666667,1.2680446666666667,56.653333333333336
2026-05-19 16:00:00,31.093333333333334,70.17,0.0,6.4750000000000005,1.3378480000000001,47.86166666666667
2026-05-19 17:00:00,30.44333333333333,70.56833333333333,0.0,4.431666666666667,1.2721723333333335,13.729999999999999
2026-05-19 18:00:00,29.438333333333333,73.45333333333333,0.0,1.4383333333333335,1.0833111666666666,0.9733333333333333
2026-05-19 19:00:00,28.90833333333333,74.54,0.0,1.5683333333333334,1.0072716666666668,0.0
2026-05-19 20:00:00,27.796,76.908,0.0,0.066,0.8583306,0.0
2026-05-19 21:00:00,26.901666666666667,78.065,0.0,0.18166666666666667,0.7723491666666668,0.0
2026-05-19 22:00:00,26.713333333333335,78.16,0.0,0.09000000000000001,0.7605798333333333,0.0
2026-05-19 23:00:00,26.564999999999998,78.15666666666667,0.0,0.0,0.754099,0.0
2026-05-20 00:00:00,26.573333333333334,78.135,0.0,0.12166666666666666,0.7552171666666667,0.0
2026-05-20 01:00:00,26.625,78.17666666666666,0.0,0.0,0.7560603333333332,0.0
2026-05-20 02:00:00,26.623333333333335,78.2,0.0,0.335,0.7551833333333334,0.0
2026-05-20 03:00:00,26.616666666666664,78.155,0.0,0.595,0.7564461666666666,0.0
2026-05-20 04:00:00,26.66,78.135,0.0,0.0,0.7590686666666667,0.0
2026-05-20 05:00:00,26.44333333333333,78.185,0.0,0.5183333333333334,0.7477638333333334,0.0
2026-05-20 06:00:00,26.578333333333333,78.16833333333334,0.0,0.0,0.754304,4.34
2026-05-20 07:00:00,27.959999999999997,77.69,0.0,0.2833333333333333,0.8364353333333333,21.855
2026-05-20 08:00:00,28.666666666666668,77.40666666666667,0.4,0.665,0.8822281666666667,27.248333333333335
2026-05-20 09:00:00,31.16,72.52,0.0,2.515,1.2424558333333333,79.71833333333333
2026-05-20 10:00:00,31.881666666666664,68.86999999999999,0.0,7.215,1.4591539999999998,91.72166666666668
2026-05-20 11:00:00,31.939999999999998,68.14833333333333,0.0,8.473333333333334,1.4983108333333333,88.29
2026-05-20 12:00:00,32.324999999999996,67.68666666666667,0.0,7.293333333333333,1.5548168333333334,76.25666666666667
2026-05-20 13:00:00,32.36833333333333,67.54666666666667,0.0,7.791666666666667,1.5646196666666665,87.835
2026-05-20 14:00:00,32.705000000000005,66.11333333333333,0.0,9.488333333333333,1.6641450000000002,100.06333333333333
2026-05-20 15:00:00,32.07666666666666,66.49833333333333,0.0,6.6433333333333335,1.5878113333333335,55.23
2026-05-20 16:00:00,31.30666666666667,68.52666666666666,0.0,5.733333333333333,1.4285428333333332,33.714999999999996
2026-05-20 17:00:00,30.459999999999997,70.165,0.0,4.573333333333333,1.2903873333333333,10.908333333333333
2026-05-20 18:00:00,29.825,71.00500000000001,0.0,2.7266666666666666,1.2093684999999998,0.8150000000000001
2026-05-20 19:00:00,28.506666666666664,75.17,0.0,0.5499999999999999,0.9620618333333333,0.0
2026-05-20 20:00:00,27.753333333333334,76.95166666666667,0.0,0.07333333333333333,0.8533165,0.0
2026-05-20 21:00:00,26.82166666666667,77.94833333333334,0.0,0.15,0.7729085000000001,0.0
2026-05-20 22:00:00,26.311666666666667,78.04166666666667,0.0,0.0,0.7468773333333334,0.0
2026-05-20 23:00:00,26.39833333333333,78.015,0.0,0.0016666666666666668,0.751594,0.0
2026-05-21 00:00:00,26.471666666666664,78.14999999999999,0.0,0.18333333333333332,0.7502186666666667,0.0
2026-05-21 01:00:00,26.378333333333334,78.09833333333334,0.0,0.26,0.7478678333333333,0.0
2026-05-21 02:00:00,26.05666666666667,78.03,0.0,0.3116666666666667,0.7361553333333334,0.0
2026-05-21 03:00:00,25.96166666666667,78.03666666666668,0.0,0.1366666666666667,0.7318265,0.0
2026-05-21 04:00:00,25.939999999999998,78.074,0.0,0.984,0.7296389999999999,0.0
2026-05-21 05:00:00,25.921666666666667,78.11333333333333,0.0,0.0,0.7275443333333333,0.011666666666666667
2026-05-21 06:00:00,26.363333333333333,78.11833333333334,0.0,0.0,0.7466138333333334,6.25
2026-05-21 07:00:00,28.22,77.47333333333334,0.0,0.22833333333333336,0.8605376666666666,27.508333333333336
2026-05-21 08:00:00,31.735,71.07333333333334,0.0,3.168333333333333,1.3474614999999999,73.425
2026-05-21 09:00:00,26.60571428571429,76.9742857142857,0.2,4.032857142857143,0.8062648571428571,13.925714285714287
2026-05-21 10:00:00,27.791666666666668,77.575,0.0,0.2866666666666667,0.8332376666666667,52.64166666666667
2026-05-21 11:00:00,31.838333333333335,71.04833333333333,0.0,1.9966666666666668,1.364483,90.075
2026-05-21 12:00:00,27.057142857142857,77.34,0.6000000000000001,1.1914285714285715,0.810836,11.694285714285714
2026-05-21 13:00:00,27.398333333333337,78.04333333333334,0.0,2.341666666666667,0.7964195,42.63
2026-05-21 14:00:00,29.86625,75.495,0.4,2.21,1.02707475,65.59625
2026-05-21 15:00:00,30.48166666666667,74.33,0.0,3.516666666666667,1.1144498333333333,76.45666666666666
2026-05-21 16:00:00,30.87,72.72333333333334,0.0,3.0533333333333332,1.2084721666666667,42.13333333333333
2026-05-21 17:00:00,30.006666666666664,74.17333333333333,0.0,0.445,1.0889196666666667,13.871666666666668
2026-05-21 18:00:00,28.47,77.23833333333333,0.0,0.315,0.8791730000000001,1.115
2026-05-21 19:00:00,27.573333333333334,78.14,0.0,0.0,0.8005121666666666,0.0
2026-05-21 20:00:00,26.858333333333334,78.13166666666667,0.0,0.0,0.7680581666666667,0.0
2026-05-21 21:00:00,26.44666666666667,78.01666666666667,0.0,0.0,0.7536998333333332,0.0
2026-05-21 22:00:00,26.281666666666666,77.99333333333334,0.0,0.0,0.7472148333333334,0.0
2026-05-21 23:00:00,26.423333333333332,78.05666666666666,0.0,0.0,0.7512759999999999,0.0
2026-05-22 00:00:00,26.545,78.01166666666667,0.0,0.5533333333333333,0.7582326666666667,0.0
2026-05-22 01:00:00,26.58666666666667,78.035,0.0,0.26833333333333337,0.7592831666666666,0.0
2026-05-22 02:00:00,26.436666666666667,78.04833333333333,0.0,0.25,0.7521511666666667,0.0
2026-05-22 03:00:00,26.40833333333333,78.04166666666667,0.0,0.26333333333333336,0.7511291666666665,0.0
2026-05-22 04:00:00,26.421666666666667,78.00666666666667,0.0,0.26666666666666666,0.7529183333333332,0.0
2026-05-22 05:00:00,26.521666666666665,77.99,0.0,0.8366666666666666,0.7579185,0.03
2026-05-22 06:00:00,26.661666666666665,78.00333333333333,0.0,0.26666666666666666,0.763721,5.331666666666667
2026-05-22 07:00:00,28.165000000000003,77.64833333333333,0.0,0.7233333333333333,0.8511645,25.126666666666665
2026-05-22 08:00:00,31.939999999999998,70.86333333333333,0.0,3.1633333333333336,1.37345,68.39166666666667
2026-05-22 09:00:00,32.80166666666667,68.47666666666667,0.0,4.006666666666667,1.5607198333333334,63.541666666666664
2026-05-22 10:00:00,28.442857142857143,74.08714285714287,0.2,3.7914285714285714,1.0065545714285713,35.42857142857143
2026-05-22 11:00:00,30.0,74.43166666666666,0.0,1.4283333333333335,1.0868701666666667,81.91333333333334
2026-05-22 12:00:00,32.58,69.85571428571428,0.2,1.272857142857143,1.4885514285714285,63.870000000000005
2026-05-22 13:00:00,31.318571428571428,73.64571428571428,0.2,0.9342857142857143,1.203189857142857,66.5957142857143
2026-05-22 14:00:00,31.540000000000003,69.55333333333333,0.0,5.976666666666667,1.4001276666666669,87.48833333333334
2026-05-22 15:00:00,31.680000000000003,69.14,0.0,7.993333333333333,1.430312,67.37666666666667
2026-05-22 16:00:00,31.554999999999996,68.95,0.0,6.458333333333333,1.4292023333333332,34.678333333333335
2026-05-22 17:00:00,30.560000000000002,71.19500000000001,0.0,3.66,1.2533575000000001,11.171666666666667
2026-05-22 18:00:00,29.526666666666667,73.96,0.0,5.256666666666667,1.0677645,1.2333333333333334
2026-05-22 19:00:00,28.78333333333333,75.955,0.0,3.41,0.9457748333333332,0.0
2026-05-22 20:00:00,28.563333333333333,76.33333333333333,0.0,2.231666666666667,0.9190476666666667,0.0
2026-05-22 21:00:00,28.423333333333332,75.74666666666667,0.0,1.1199999999999999,0.9350741666666668,0.0
2026-05-22 22:00:00,27.141666666666666,77.91333333333334,0.0,0.0,0.78876,0.0
2026-05-22 23:00:00,26.55333333333333,77.95666666666666,0.0,0.0,0.7605016666666667,0.0
2026-05-23 00:00:00,26.209999999999997,77.875,0.0,0.0,0.7480826666666666,0.0
2026-05-23 01:00:00,25.99,77.915,0.0,0.18833333333333332,0.7371195,0.0
2026-05-23 02:00:00,26.128333333333334,77.93166666666667,0.0,0.0,0.7425703333333332,0.0
2026-05-23 03:00:00,25.906666666666666,77.90333333333334,0.0,0.0033333333333333335,0.7338805,0.0
2026-05-23 04:00:00,25.758333333333336,77.89999999999999,0.0,0.0,0.7275941666666667,0.0
2026-05-23 05:00:00,25.698333333333334,77.95333333333333,0.0,0.0,0.7232703333333333,0.05666666666666667
2026-05-23 06:00:00,26.235714285714288,78.05999999999999,0.6,0.0,0.7430242857142856,7.141428571428571
2026-05-23 07:00:00,27.524285714285718,78.06285714285715,0.2,0.42142857142857143,0.8016754285714286,33.49857142857143
2026-05-23 08:00:00,30.89,74.17,0.0,2.388333333333333,1.1486483333333333,62.223333333333336
2026-05-23 09:00:00,32.22666666666667,71.68166666666667,0.0,2.0716666666666668,1.355404,59.875
2026-05-23 10:00:00,32.413333333333334,69.06166666666667,0.0,5.483333333333333,1.4967368333333333,96.65333333333332
2026-05-23 11:00:00,32.675000000000004,66.86666666666666,0.0,5.831666666666666,1.6245083333333332,83.755
2026-05-23 12:00:00,33.376666666666665,65.25333333333333,0.0,9.265,1.7717378333333336,105.13666666666667
2026-05-23 13:00:00,33.85666666666666,63.798333333333325,0.0,7.8500000000000005,1.8953591666666665,104.01166666666667
2026-05-23 14:00:00,33.55166666666667,64.45666666666666,0.0,8.951666666666666,1.82983,104.50666666666666
2026-05-23 15:00:00,33.23,65.48166666666667,0.0,8.035,1.7456058333333333,73.46666666666667
2026-05-23 16:00:00,33.01166666666666,65.58166666666666,0.0,6.2,1.7202828333333333,43.919999999999995
2026-05-23 17:00:00,31.685000000000002,67.92333333333333,0.0,6.390000000000001,1.4887946666666665,17.605
2026-05-23 18:00:00,30.241666666666664,71.20333333333333,0.0,1.5016666666666667,1.2313896666666666,0.7400000000000001
2026-05-23 19:00:00,28.52,75.86,0.0,0.0,0.9359798333333332,0.0
2026-05-23 20:00:00,27.71666666666667,77.63666666666667,0.0,0.0,0.8258113333333333,0.0
2026-05-23 21:00:00,27.228333333333335,77.835,0.0,0.018333333333333333,0.7955021666666666,0.0
2026-05-23 22:00:00,26.675,77.88166666666667,0.0,0.0,0.7685603333333333,0.0
2026-05-23 23:00:00,26.433333333333334,77.87666666666667,0.0,0.0,0.7579043333333333,0.0
2026-05-24 00:00:00,26.135,77.855,0.0,0.0,0.7454459999999999,0.0
2026-05-24 01:00:00,26.05666666666667,77.91333333333334,0.0,0.0,0.7400603333333334,0.0
2026-05-24 02:00:00,26.025000000000002,77.86833333333333,0.0,0.0,0.7401846666666666,0.0
2026-05-24 03:00:00,26.026666666666667,77.87666666666667,0.0,0.0,0.7399765,0.0
2026-05-24 04:00:00,25.968333333333334,77.87833333333333,0.0,0.0,0.7373838333333333,0.0
2026-05-24 05:00:00,26.39833333333333,77.92166666666667,0.0,0.07166666666666667,0.7547963333333333,0.049999999999999996
2026-05-24 06:00:00,26.873333333333335,77.97,0.0,0.125,0.774525,5.956666666666666
2026-05-24 07:00:00,28.395,77.74333333333334,0.0,0.3933333333333333,0.8560516666666667,20.688333333333333
2026-05-24 08:00:00,28.174,77.9,7.8,1.42,0.8388021999999999,25.706
2026-05-24 09:00:00,28.46181818181818,78.51545454545455,10.4,0.6227272727272727,0.8284886363636363,53.96454545454546
2026-05-24 10:00:00,29.186666666666667,78.31333333333333,1.0,0.4744444444444444,0.8718888888888889,43.60444444444445
2026-05-24 11:00:00,30.905,72.14,0.0,5.04,1.2365816666666667,63.935
2026-05-24 12:00:00,31.45,70.62333333333333,0.0,3.015,1.3454265,56.96
2026-05-24 13:00:00,32.193333333333335,69.265,0.0,2.2966666666666664,1.4659306666666667,56.678333333333335
2026-05-24 14:00:00,32.276666666666664,67.46833333333333,0.0,4.171666666666667,1.563325,79.49333333333333
2026-05-24 15:00:00,33.57333333333333,63.06166666666667,0.0,4.588333333333334,1.9085525,69.47666666666667
2026-05-24 16:00:00,33.995,62.58166666666667,0.0,5.446666666666666,1.9751693333333333,45.34833333333333
2026-05-24 17:00:00,32.36166666666667,66.78166666666667,0.0,5.544999999999999,1.6060603333333334,16.123333333333335
2026-05-24 18:00:00,30.580000000000002,71.268,0.0,4.79,1.2513194,2.576
2026-05-24 19:00:00,28.491666666666664,75.85666666666667,0.0,0.049999999999999996,0.9335838333333334,0.0
2026-05-24 20:00:00,27.47666666666667,77.3,0.0,0.0016666666666666668,0.8268293333333333,0.0
2026-05-24 21:00:00,26.64,77.80166666666666,0.0,0.0,0.7697523333333334,0.0
2026-05-24 22:00:00,26.128333333333334,77.68666666666667,0.0,0.0,0.750809,0.0
2026-05-24 23:00:00,25.888333333333335,77.7,0.0,0.0,0.7398321666666666,0.0
2026-05-25 00:00:00,25.676666666666666,77.66166666666668,0.0,0.0,0.7319036666666667,0.0
2026-05-25 01:00:00,25.463333333333335,77.74333333333334,0.0,0.0,0.7200946666666667,0.0
2026-05-25 02:00:00,25.231666666666666,77.74333333333334,0.0,0.0,0.7102775,0.0
2026-05-25 03:00:00,25.304999999999996,77.81833333333333,0.0,0.0,0.7109713333333333,0.0
2026-05-25 04:00:00,25.23,77.83666666666666,0.0,0.0,0.7072298333333333,0.0
2026-05-25 05:00:00,25.406666666666666,77.89,0.0,0.0016666666666666668,0.7129561666666667,0.16333333333333333
2026-05-25 06:00:00,26.4825,78.005,0.4,1.5875,0.755748125,11.705
2026-05-25 07:00:00,27.74,76.74333333333334,0.0,0.9883333333333333,0.8649833333333333,28.433333333333334
2026-05-25 08:00:00,31.67833333333333,69.265,0.0,2.5966666666666667,1.4282665,73.935
2026-05-25 09:00:00,32.34166666666667,67.12833333333333,0.0,2.3233333333333333,1.5860468333333333,70.755
2026-05-25 10:00:00,32.895,66.56166666666667,0.0,5.22,1.6607070000000002,90.52666666666666
2026-05-25 11:00:00,32.748333333333335,67.93833333333333,0.0,5.715,1.579773,72.39333333333333
2026-05-25 12:00:00,33.06333333333333,67.25333333333333,0.0,5.316666666666666,1.644687,89.74333333333334
2026-05-25 13:00:00,34.30166666666667,63.315,0.0,5.7,1.9687553333333332,103.425
2026-05-25 14:00:00,34.083333333333336,63.535,0.0,8.515,1.9331128333333334,103.74666666666667
2026-05-25 15:00:00,34.14166666666667,64.32333333333334,0.0,7.423333333333333,1.8985071666666666,71.02
2026-05-25 16:00:00,33.165,66.29833333333333,0.0,8.216666666666667,1.6984603333333332,45.76333333333334
2026-05-25 17:00:00,31.99166666666667,68.57333333333334,0.0,7.96,1.4830328333333334,19.113333333333333
2026-05-25 18:00:00,30.46666666666667,71.69833333333334,0.0,4.89,1.2248408333333334,0.9900000000000001
2026-05-25 19:00:00,29.846666666666664,73.065,0.0,5.066666666666666,1.1246518333333333,0.0
2026-05-25 20:00:00,29.14,74.41000000000001,0.0,1.035,1.0272003333333333,0.0
2026-05-25 21:00:00,27.5,77.12333333333333,0.0,0.0,0.8347673333333333,0.0
2026-05-25 22:00:00,26.575,77.87833333333333,0.0,0.0,0.7642011666666666,0.0
2026-05-25 23:00:00,26.245,77.865,0.0,0.0,0.7499381666666668,0.0
2026-05-26 00:00:00,26.078333333333333,77.88166666666667,0.0,0.0,0.7420673333333334,0.0
2026-05-26 01:00:00,25.86,77.875,0.0,0.0,0.7327981666666666,0.0
2026-05-26 02:00:00,26.150000000000002,77.98166666666667,0.0,0.155,0.7418166666666667,0.0
2026-05-26 03:00:00,26.588,78.012,0.0,0.0,0.7601093999999999,0.0
2026-05-26 04:00:00,26.742857142857144,78.0,0.8,0.0,0.7674777142857143,0.0
2026-05-26 05:00:00,26.808333333333334,78.00833333333334,0.2,0.0,0.7701220000000001,0.011666666666666667
2026-05-26 06:00:00,27.05333333333333,78.07333333333334,0.0,0.0,0.7790214999999999,6.035
2026-05-26 07:00:00,28.54375,78.265,0.8,1.00375,0.84210775,20.06875
2026-05-26 08:00:00,30.743333333333336,74.95,0.0,1.7449999999999999,1.109215,56.20166666666666
2026-05-26 09:00:00,32.55166666666667,68.965,0.0,2.566666666666667,1.5113133333333335,76.62166666666667
2026-05-26 10:00:00,32.52166666666667,67.92333333333333,0.0,6.846666666666667,1.5588858333333333,102.15666666666665
2026-05-26 11:00:00,32.77166666666667,67.43666666666667,0.0,6.653333333333333,1.6050288333333331,99.68333333333334
2026-05-26 12:00:00,32.445,67.49333333333333,0.0,7.828333333333333,1.5726225000000003,99.19833333333334
2026-05-26 13:00:00,32.99,66.70666666666666,0.0,6.971666666666667,1.6624531666666666,90.0
2026-05-26 14:00:00,33.20166666666666,65.89,0.0,6.096666666666667,1.7218796666666665,97.41166666666668
2026-05-26 15:00:00,32.815,66.04333333333334,0.0,6.435,1.677771,68.92
2026-05-26 16:00:00,32.824999999999996,65.50166666666667,0.0,6.1499999999999995,1.70584,46.098333333333336
2026-05-26 17:00:00,32.11,67.54,0.0,3.6466666666666665,1.5416396666666667,24.343333333333334
2026-05-26 18:00:00,30.445000000000004,70.90666666666667,0.0,1.9799999999999998,1.2597226666666668,2.5016666666666665
2026-05-26 19:00:00,27.995,76.65666666666667,0.0,0.0,0.877895,0.0
2026-05-26 20:00:00,26.938333333333333,78.00333333333333,0.0,0.0,0.7762246666666667,0.0
2026-05-26 21:00:00,26.646666666666665,77.98166666666667,0.0,0.0,0.7637988333333333,0.0
2026-05-26 22:00:00,26.266666666666666,77.94500000000001,0.0,0.0,0.7482025,0.0
2026-05-26 23:00:00,25.938333333333333,77.97333333333334,0.0,0.0,0.7329295,0.0
2026-05-27 00:00:00,25.713333333333335,77.92333333333333,0.0,0.0,0.724889,0.0
2026-05-27 01:00:00,25.72,77.95833333333333,0.0,0.0,0.7240376666666667,0.0
2026-05-27 02:00:00,25.888333333333332,77.92166666666667,0.0,0.47500000000000003,0.7324711666666667,0.0
2026-05-27 03:00:00,25.845,77.94333333333334,0.0,0.17166666666666666,0.7298923333333334,0.0
2026-05-27 04:00:00,26.188333333333333,77.99833333333333,0.0,0.0033333333333333335,0.7430138333333334,0.0
2026-05-27 05:00:00,26.546,78.022,0.0,0.0,0.757896,0.132
2026-05-27 06:00:00,26.895,78.13,0.0,0.7166666666666667,0.7697995,3.2733333333333334
2026-05-27 07:00:00,27.28,78.15166666666666,0.0,0.67,0.7865211666666667,5.68
2026-05-27 08:00:00,27.266666666666666,78.30666666666667,0.0,0.39833333333333326,0.7804156666666667,13.641666666666666
2026-05-27 09:00:00,29.016666666666666,76.31,0.0,1.4183333333333332,0.9479566666666667,56.89833333333333
2026-05-27 10:00:00,32.93833333333333,68.38166666666667,0.0,2.891666666666667,1.5770948333333334,85.42833333333334
2026-05-27 11:00:00,33.09166666666667,66.23,0.0,4.7299999999999995,1.6945813333333335,104.075
2026-05-27 12:00:00,33.391666666666666,65.35666666666667,0.0,6.473333333333333,1.767332,104.82333333333334
2026-05-27 13:00:00,33.23166666666666,64.59166666666667,0.0,8.299999999999999,1.790191,97.08166666666666
2026-05-27 14:00:00,33.385,64.57833333333333,0.0,8.181666666666667,1.806414,103.55166666666668
2026-05-27 15:00:00,33.68833333333333,63.29333333333333,0.0,6.183333333333334,1.9036618333333333,70.84833333333333
2026-05-27 16:00:00,33.66833333333333,64.00166666666667,0.0,5.493333333333333,1.8664221666666665,47.14333333333334
2026-05-27 17:00:00,32.28333333333333,67.08666666666666,0.0,5.668333333333333,1.57914,18.441666666666666
2026-05-27 18:00:00,30.628333333333334,69.32000000000001,0.0,5.831666666666667,1.3404491666666667,1.8783333333333332
2026-05-27 19:00:00,29.09166666666667,72.135,0.0,0.5216666666666666,1.117855,0.0
2026-05-27 20:00:00,26.92833333333333,77.21,0.0,0.0,0.8043691666666666,0.0
2026-05-27 21:00:00,26.173333333333332,77.90333333333334,0.0,0.0,0.7455371666666667,0.0
2026-05-27 22:00:00,25.676666666666666,77.94333333333334,0.0,0.0,0.722673,0.0
2026-05-27 23:00:00,25.393333333333334,77.87333333333333,0.0,0.0,0.7129308333333334,0.0
2026-05-28 00:00:00,25.174,77.85799999999999,0.0,0.0,0.7042176,0.0
2026-05-28 01:00:00,24.938333333333333,77.83999999999999,0.0,0.0,0.6949953333333333,0.0
2026-05-28 02:00:00,24.99166666666667,77.88166666666666,0.0,0.013333333333333334,0.6958920000000001,0.0
2026-05-28 03:00:00,25.363333333333333,77.87666666666667,0.0,0.5199999999999999,0.7115828333333334,0.0
2026-05-28 04:00:00,25.581666666666667,77.91000000000001,0.0,0.0,0.7197235000000001,0.0
2026-05-28 05:00:00,25.595,77.92333333333333,0.0,0.0,0.7198538333333334,0.011666666666666667
2026-05-28 06:00:00,26.171666666666667,77.89833333333334,0.0,0.07333333333333333,0.7456756666666666,4.056666666666667
2026-05-28 07:00:00,28.64833333333333,76.60833333333333,0.0,0.9,0.9151853333333334,23.86
2026-05-28 08:00:00,31.698333333333334,71.78166666666667,0.0,0.55,1.3196518333333334,51.464999999999996
2026-05-28 09:00:00,30.87,73.48857142857142,0.2,0.9385714285714285,1.1816397142857142,25.617142857142856
2026-05-28 10:00:00,28.548571428571428,77.96142857142857,0.6000000000000001,0.03142857142857143,0.8541811428571429,7.86
2026-05-28 11:00:00,28.308333333333334,78.09333333333333,0.0,0.48666666666666664,0.8371596666666666,10.604999999999999
2026-05-28 12:00:00,28.775000000000002,77.92333333333333,0.0,1.3783333333333332,0.8667951666666666,28.698333333333334
2026-05-28 13:00:00,30.14,76.19,0.0,2.1166666666666667,1.0124273333333333,50.45333333333334
2026-05-28 14:00:00,32.49333333333333,70.84,0.0,1.3083333333333333,1.4205361666666665,78.045
2026-05-28 15:00:00,32.995,67.07333333333334,0.0,2.9166666666666665,1.6435936666666666,60.53
2026-05-28 16:00:00,32.843333333333334,65.62333333333333,0.0,5.173333333333333,1.700823,42.440000000000005
2026-05-28 17:00:00,32.306666666666665,67.10833333333333,0.0,2.7366666666666664,1.5804954999999998,20.113333333333333
2026-05-28 18:00:00,30.006666666666664,72.95833333333333,0.0,2.205,1.1420445000000001,1.0066666666666666
2026-05-28 19:00:00,27.865,77.34833333333334,0.0,0.0,0.8447778333333332,0.0
2026-05-28 20:00:00,27.09166666666667,77.915,0.0,0.018333333333333333,0.7863711666666666,0.0
2026-05-28 21:00:00,26.595,77.86166666666666,0.0,0.0,0.7656371666666666,0.0
2026-05-28 22:00:00,26.42833333333333,77.895,0.0,0.31,0.7570546666666665,0.0
2026-05-28 23:00:00,26.084999999999997,77.87333333333333,0.0,0.0,0.7426381666666667,0.0
2026-05-29 00:00:00,26.203333333333333,77.84833333333333,0.0,0.5616666666666666,0.7486673333333332,0.0
2026-05-29 01:00:00,26.245,77.84833333333333,0.0,0.0,0.750501,0.0
2026-05-29 02:00:00,26.295,77.87166666666667,0.0,0.0,0.7519208333333333,0.0
2026-05-29 03:00:00,26.385,77.87666666666667,0.0,0.0,0.7557373333333333,0.0
2026-05-29 04:00:00,26.30333333333333,77.91166666666668,0.0,0.0,0.7509323333333334,0.0
2026-05-29 05:00:00,26.228333333333335,77.89999999999999,0.0,0.034999999999999996,0.7480180000000001,0.02666666666666667
2026-05-29 06:00:00,26.676666666666666,77.89,0.0,0.3466666666666667,0.7683521666666667,4.36
2026-05-29 07:00:00,29.302,76.918,0.0,0.392,0.9404256,39.196000000000005
2026-05-29 08:00:00,32.586666666666666,70.795,0.0,1.3433333333333335,1.4261971666666666,57.54
2026-05-29 09:00:00,32.495,69.32833333333333,0.0,3.0833333333333335,1.4929333333333332,78.34333333333333
2026-05-29 10:00:00,34.178333333333335,64.47666666666667,0.0,3.0866666666666664,1.9005766666666666,77.14833333333333
2026-05-29 11:00:00,31.89,70.58333333333333,0.0,1.1816666666666666,1.3802875,43.89833333333333
2026-05-29 12:00:00,35.199999999999996,64.52333333333333,0.0,2.1666666666666665,2.008678,104.93166666666667
2026-05-29 13:00:00,35.63,62.91166666666667,0.0,4.7299999999999995,2.1653860000000003,84.19333333333333
2026-05-29 14:00:00,34.58833333333333,63.55666666666667,0.0,8.045,1.9867721666666667,104.48166666666667
2026-05-29 15:00:00,33.888333333333335,62.41166666666667,0.0,8.573333333333332,1.9718453333333334,77.08833333333332
2026-05-29 16:00:00,32.61166666666667,65.14,0.0,10.391666666666667,1.7039163333333331,39.01833333333334
2026-05-29 17:00:00,31.936,66.978,0.0,2.598,1.5530504,15.392000000000001
2026-05-29 18:00:00,30.386666666666667,70.395,0.0,0.0033333333333333335,1.2785998333333333,1.9350000000000003
2026-05-29 19:00:00,28.498333333333335,75.71,0.0,0.14333333333333334,0.9389409999999999,0.0
2026-05-29 20:00:00,29.116666666666664,73.73666666666666,0.0,1.3716666666666668,1.0540091666666667,0.0
2026-05-29 21:00:00,28.051666666666666,76.63166666666667,0.0,0.0,0.8805831666666667,0.0
2026-05-29 22:00:00,27.478333333333335,77.34166666666667,0.0,0.395,0.8251585,0.0
2026-05-29 23:00:00,27.331666666666667,77.515,0.0,0.14666666666666664,0.8119243333333334,0.0
2026-05-30 00:00:00,26.866666666666664,77.69333333333334,0.0,0.06,0.7838543333333333,0.0
2026-05-30 01:00:00,27.16333333333333,77.80666666666666,0.0,0.4383333333333333,0.7935216666666666,0.0
2026-05-30 02:00:00,26.53,77.73166666666667,0.0,0.0,0.7672101666666666,0.0
2026-05-30 03:00:00,26.786666666666665,77.71,0.0,0.0,0.7795911666666666,0.0
2026-05-30 04:00:00,26.91,77.74833333333333,0.0,0.105,0.7838843333333333,0.0
2026-05-30 05:00:00,26.873333333333335,77.80333333333333,0.0,0.5933333333333334,0.7802628333333333,0.008333333333333333
2026-05-30 06:00:00,27.026666666666667,77.74,0.0,0.5866666666666667,0.7896371666666666,7.006666666666667
2026-05-30 07:00:00,28.251666666666665,76.08166666666666,0.0,2.0783333333333336,0.9124468333333334,26.268333333333334
2026-05-30 08:00:00,29.73,73.01666666666667,0.0,2.1616666666666666,1.1206453333333333,30.055000000000003
2026-05-30 09:00:00,29.191666666666666,74.03500000000001,0.0,3.081666666666667,1.0446228333333334,35.96333333333333
2026-05-30 10:00:00,31.3,69.48,0.0,2.671666666666667,1.3979541666666666,81.58166666666666
2026-05-30 11:00:00,34.775,63.205000000000005,0.0,1.95,2.0373265000000003,104.36333333333334
2026-05-30 12:00:00,34.818333333333335,61.620000000000005,0.0,4.93,2.1228494999999996,103.24
2026-05-30 13:00:00,33.67666666666667,64.67333333333333,0.0,8.191666666666666,1.8375135,76.27333333333333
2026-05-30 14:00:00,28.25666666666667,72.06833333333333,0.0,4.0183333333333335,1.0857418333333333,6.123333333333334
2026-05-30 15:00:00,24.224285714285713,77.43857142857144,0.2,1.4385714285714286,0.6781292857142857,1.0457142857142858
2026-05-30 16:00:00,24.64875,77.53999999999999,0.4,0.025,0.69243325,8.09625
2026-05-30 17:00:00,25.09166666666667,77.51833333333333,0.0,1.04,0.7115383333333334,11.048333333333332
2026-05-30 18:00:00,25.255,77.62,0.0,0.02,0.7152118333333334,1.1166666666666667
2026-05-30 19:00:00,24.933333333333334,77.58166666666666,0.0,0.0,0.7028941666666667,0.0
2026-05-30 20:00:00,24.669999999999998,77.59333333333333,0.0,0.0,0.6916160000000001,0.0
2026-05-30 21:00:00,24.713333333333335,77.57333333333334,0.0,0.0,0.6940258333333333,0.0
2026-05-30 22:00:00,24.656666666666666,77.63666666666667,0.0,0.0,0.6897393333333334,0.0
2026-05-30 23:00:00,24.445000000000004,77.60666666666667,0.0,0.0,0.68201,0.0
2026-05-31 00:00:00,24.423333333333332,77.64333333333333,0.0,0.0,0.6800178333333333,0.0
2026-05-31 01:00:00,24.596666666666664,77.63166666666666,0.0,0.0,0.6874195,0.0
2026-05-31 02:00:00,24.706666666666667,77.64,0.0,0.0,0.691672,0.0
2026-05-31 03:00:00,24.799999999999997,77.59833333333334,0.0,0.0,0.6968203333333333,0.0
2026-05-31 04:00:00,24.888333333333335,77.64,0.0,0.0,0.6991886666666667,0.0
2026-05-31 05:00:00,25.088333333333335,77.67666666666666,0.0,0.0,0.7063818333333334,0.0
2026-05-31 06:00:00,25.46666666666667,77.75833333333334,0.0,0.0,0.7197861666666666,5.414999999999999
2026-05-31 07:00:00,26.435000000000002,77.73666666666666,0.0,0.065,0.7630488333333334,21.03833333333333
2026-05-31 08:00:00,29.731666666666666,75.29833333333333,0.0,0.02,1.033651,57.678333333333335
2026-05-31 09:00:00,32.91833333333333,69.42,0.0,0.17666666666666667,1.5224466666666665,60.50666666666666
2026-05-31 10:00:00,31.845,70.62,0.0,2.3133333333333335,1.3826336666666668,53.28
2026-05-31 11:00:00,33.43333333333333,67.43833333333333,0.0,1.47,1.6731373333333333,74.545
2026-05-31 12:00:00,32.551428571428566,68.15142857142857,0.2,2.757142857142857,1.5527460000000002,75.10000000000001
2026-05-31 13:00:00,29.075,72.37333333333333,0.0,4.946666666666666,1.1063328333333333,33.108333333333334
2026-05-31 14:00:00,30.888333333333332,68.915,0.0,2.2483333333333335,1.3887501666666668,76.33666666666666
2026-05-31 15:00:00,31.67833333333333,70.14166666666667,0.0,0.6783333333333333,1.3846238333333334,33.53333333333333
2026-05-31 16:00:00,31.261666666666667,71.68166666666667,0.0,0.0,1.2815538333333334,23.40833333333333
2026-05-31 17:00:00,30.706666666666667,72.93166666666667,0.0,0.6433333333333333,1.1890376666666667,12.516666666666666
2026-05-31 18:00:00,28.206666666666667,74.39166666666667,0.0,1.7216666666666667,0.9778066666666666,0.06833333333333333
2026-05-31 19:00:00,25.444285714285716,77.04714285714286,0.4,0.87,0.7420444285714286,0.0
2026-05-31 20:00:00,24.955000000000002,77.17666666666666,0.0,0.028333333333333332,0.7165111666666667,0.0
2026-05-31 21:00:00,25.15833333333333,77.29,0.0,0.0,0.7216049999999999,0.0
2026-05-31 22:00:00,25.093333333333334,77.30166666666666,0.0,0.0,0.7184566666666666,0.0
2026-05-31 23:00:00,24.903333333333336,77.33666666666666,0.0,0.0,0.7093083333333333,0.0
2026-06-01 00:00:00,25.136666666666667,77.42666666666666,0.0,0.37000000000000005,0.7163353333333333,0.0
2026-06-01 01:00:00,25.136666666666667,77.465,0.0,0.285,0.7151203333333332,0.0
2026-06-01 02:00:00,25.070000000000004,77.505,0.0,0.15833333333333333,0.711049,0.0
2026-06-01 03:00:00,25.088333333333335,77.61166666666666,0.0,0.9049999999999999,0.7084395,0.0
2026-06-01 04:00:00,25.325,77.595,0.0,0.6966666666666667,0.7189873333333333,0.0
2026-06-01 05:00:00,25.45,77.645,0.0,0.0,0.7227006666666668,0.03
2026-06-01 06:00:00,25.853333333333335,77.73666666666666,0.0,0.0016666666666666668,0.7371028333333333,6.5249999999999995
2026-06-01 07:00:00,27.066666666666666,77.745,0.0,2.4133333333333336,0.7918266666666667,30.10166666666667
2026-06-01 08:00:00,29.175,73.95333333333333,0.0,1.4949999999999999,1.053949,56.071666666666665
2026-06-01 09:00:00,32.31166666666667,68.19333333333334,0.0,1.7083333333333333,1.5292325,91.735
2026-06-01 10:00:00,32.82333333333333,67.12166666666667,0.0,2.22,1.6311403333333334,72.515
2026-06-01 11:00:00,32.705000000000005,66.18166666666667,0.0,3.723333333333333,1.6642101666666667,80.13833333333334
2026-06-01 12:00:00,34.63833333333333,63.098333333333336,0.0,2.8000000000000003,2.0182561666666667,96.86166666666666
2026-06-01 13:00:00,34.126666666666665,64.085,0.0,8.073333333333332,1.9103818333333333,101.445
2026-06-01 14:00:00,33.47333333333333,65.50333333333333,0.0,9.28,1.7682828333333334,104.58666666666666
2026-06-01 15:00:00,31.626666666666665,69.51666666666667,0.0,8.520000000000001,1.4232553333333333,50.36833333333333
2026-06-01 16:00:00,28.17571428571429,77.32857142857142,0.2,1.2814285714285716,0.8606112857142857,4.304285714285714
2026-06-01 17:00:00,26.83666666666667,77.715,0.0,1.0616666666666668,0.7818383333333333,0.685
2026-06-01 18:00:00,26.310000000000002,77.65833333333333,0.0,0.0016666666666666668,0.7598363333333333,0.19666666666666666
2026-06-01 19:00:00,26.258333333333336,77.715,0.0,0.0,0.7556116666666667,0.0
2026-06-01 20:00:00,26.143333333333334,77.69166666666668,0.0,0.0,0.751315,0.0
2026-06-01 21:00:00,26.25,77.80666666666667,0.0,0.295,0.7521375,0.0
2026-06-01 22:00:00,25.93166666666667,77.74833333333333,0.0,0.008333333333333333,0.7401191666666667,0.0
2026-06-01 23:00:00,25.61,77.76833333333333,0.0,0.29,0.7255516666666667,0.0
2026-06-02 00:00:00,25.41333333333333,77.76333333333334,0.0,0.0,0.7173206666666667,0.0
2026-06-02 01:00:00,25.175,77.76833333333333,0.0,0.0,0.7071191666666667,0.0
2026-06-02 02:00:00,25.201666666666668,77.81166666666667,0.0,0.0,0.7068511666666667,0.0
2026-06-02 03:00:00,25.173333333333332,77.88833333333334,0.0,0.013333333333333334,0.7032126666666666,0.0
2026-06-02 04:00:00,25.406666666666666,77.955,0.0,0.26333333333333336,0.7108530000000001,0.0
2026-06-02 05:00:00,25.26833333333333,77.27666666666667,0.0,0.028333333333333335,0.7267568333333333,0.02666666666666667
2026-06-02 06:00:00,25.676666666666666,77.14166666666667,0.0,0.44166666666666665,0.7489456666666667,6.396666666666666
2026-06-02 07:00:00,26.763333333333335,77.82833333333333,0.0,1.995,0.7744088333333333,30.463333333333335
2026-06-02 08:00:00,28.60166666666667,76.09333333333333,0.0,2.35,0.9321366666666666,60.38833333333334
2026-06-02 09:00:00,31.793333333333333,70.76833333333333,0.0,2.1199999999999997,1.3686166666666668,86.52333333333333
2026-06-02 10:00:00,33.42166666666667,67.28333333333333,0.0,2.2483333333333335,1.685956,70.13166666666667
2026-06-02 11:00:00,34.346666666666664,65.65833333333333,0.0,1.9666666666666668,1.854724,85.82333333333334
2026-06-02 12:00:00,32.20428571428572,69.29142857142857,0.2,3.2971428571428567,1.4980324285714286,57.58428571428571
2026-06-02 13:00:00,30.838333333333335,70.12,0.0,7.733333333333333,1.3261023333333333,93.295
2026-06-02 14:00:00,31.948333333333334,67.05666666666667,0.0,6.63,1.5519935,75.86833333333333
2026-06-02 15:00:00,32.63833333333333,64.97333333333334,0.0,5.5633333333333335,1.7144296666666667,69.34
2026-06-02 16:00:00,32.214999999999996,67.185,0.0,4.006666666666667,1.572925,29.069999999999997
2026-06-02 17:00:00,30.97,70.38166666666666,0.0,1.2666666666666666,1.318759,13.685
2026-06-02 18:00:00,29.358333333333334,73.59333333333333,0.0,2.66,1.0728609999999998,0.6816666666666666
2026-06-02 19:00:00,28.84166666666667,73.165,0.0,3.9716666666666662,1.0576691666666667,0.0
2026-06-02 20:00:00,28.23,75.80666666666667,0.0,0.0033333333333333335,0.9212716666666667,0.0
2026-06-02 21:00:00,27.478333333333335,77.82166666666667,0.0,0.049999999999999996,0.8077466666666666,0.0
2026-06-02 22:00:00,27.143333333333334,78.12,0.0,0.0,0.7813928333333333,0.0
2026-06-02 23:00:00,26.823333333333334,77.91000000000001,0.0,2.015,0.7742493333333332,0.0
2026-06-03 00:00:00,26.495,78.185,0.0,0.7633333333333333,0.7500558333333333,0.0
2026-06-03 01:00:00,26.166666666666668,78.02833333333334,0.0,1.5733333333333333,0.7409604999999999,0.0
2026-06-03 02:00:00,25.91,77.79,0.0,0.36000000000000004,0.7377906666666667,0.0
2026-06-03 03:00:00,25.771666666666665,77.81166666666667,0.0,0.345,0.7310901666666667,0.0
2026-06-03 04:00:00,25.295,78.03333333333335,0.0,1.7366666666666666,0.7038160000000001,0.0
2026-06-03 05:00:00,25.013333333333335,78.09666666666666,0.0,0.24666666666666667,0.690013,0.06
2026-06-03 06:00:00,25.311666666666667,78.10333333333334,0.0,0.9899999999999999,0.7021166666666666,7.484999999999999
2026-06-03 07:00:00,26.675,77.67166666666667,0.0,3.763333333333333,0.7781193333333333,31.45
2026-06-03 08:00:00,28.94333333333333,74.17,0.0,4.296666666666667,1.0268176666666666,67.5
2026-06-03 09:00:00,30.031666666666666,73.06833333333333,0.0,3.858333333333333,1.1448738333333333,61.26833333333334
2026-06-03 10:00:00,31.97666666666667,69.22000000000001,0.0,3.9883333333333333,1.471118,61.41166666666667
2026-06-03 11:00:00,28.215,76.67833333333333,0.0,0.9899999999999999,0.8860823333333334,25.013333333333335
2026-06-03 12:00:00,29.665000000000003,75.55833333333334,0.2,1.1,1.0169664999999999,58.946666666666665
2026-06-03 13:00:00,33.085,67.53833333333334,0.0,3.735,1.6284381666666665,99.48833333333334
2026-06-03 14:00:00,32.24333333333333,67.32333333333334,0.0,6.760000000000001,1.5641875,73.91000000000001
2026-06-03 15:00:00,32.38666666666666,66.05666666666666,0.0,7.911666666666666,1.6384328333333331,83.145
2026-06-03 16:00:00,31.888333333333335,67.00500000000001,0.0,7.181666666666666,1.5476576666666666,63.544999999999995
2026-06-03 17:00:00,31.088333333333335,68.465,0.0,6.695,1.4137825,22.560000000000002
2026-06-03 18:00:00,29.825,71.22666666666667,0.0,4.693333333333333,1.2004075,1.7833333333333332
2026-06-03 19:00:00,29.228333333333335,72.88000000000001,0.0,2.655,1.093007,0.0
2026-06-03 20:00:00,28.708333333333332,74.53166666666667,0.0,1.0233333333333334,0.9977,0.0
2026-06-03 21:00:00,27.45,77.86,0.0,0.0,0.8051155,0.0
2026-06-03 22:00:00,27.063333333333333,78.46833333333333,0.0,0.5366666666666667,0.765356,0.0
2026-06-03 23:00:00,26.93166666666667,78.54333333333334,0.0,0.7233333333333333,0.7568768333333334,0.0
2026-06-04 00:00:00,25.639999999999997,77.886,2.8000000000000003,2.0330000000000004,0.7230179999999999,0.0
2026-06-04 01:00:00,25.412857142857142,77.61857142857143,0.2,0.9471428571428573,0.7219657142857142,0.0
2026-06-04 02:00:00,25.491666666666664,77.58166666666666,0.0,0.5916666666666667,0.7265296666666666,0.0
2026-06-04 03:00:00,25.624285714285715,77.58714285714287,0.4,1.4914285714285713,0.732081,0.0
2026-06-04 04:00:00,25.756666666666664,77.635,0.0,0.16333333333333333,0.7362433333333334,0.0
2026-06-04 05:00:00,25.655,77.58,0.0,0.013333333333333334,0.733644,0.05666666666666667
2026-06-04 06:00:00,26.17,77.76166666666667,0.0,0.6266666666666666,0.7501586666666666,6.748333333333334
2026-06-04 07:00:00,26.911666666666665,77.915,1.0,0.9383333333333334,0.7781618333333333,24.933333333333337
2026-06-04 08:00:00,29.548333333333332,74.09333333333333,0.0,2.8316666666666666,1.066964,45.56166666666667
2026-06-04 09:00:00,29.705714285714286,73.04857142857142,0.4,5.478571428571429,1.128934857142857,63.535714285714285
2026-06-04 10:00:00,30.650000000000002,71.54833333333333,0.0,4.766666666666667,1.2468578333333333,85.43833333333333
2026-06-04 11:00:00,32.02,68.02166666666666,0.0,7.5,1.5124436666666667,89.64333333333333
2026-06-04 12:00:00,32.01166666666666,67.36,0.0,7.595,1.5455301666666668,86.935
2026-06-04 13:00:00,32.29833333333333,66.86166666666666,0.0,9.298333333333334,1.5908531666666665,95.62833333333333
2026-06-04 14:00:00,28.248333333333335,74.71499999999999,0.0,8.241666666666667,0.9904965,8.02
2026-06-04 15:00:00,27.95,77.21,0.0,5.595,0.8532596666666666,10.621666666666668
2026-06-04 16:00:00,28.483333333333334,75.255,0.0,6.93,0.9570406666666665,18.12666666666667
2026-06-04 17:00:00,29.69333333333333,72.12333333333333,0.0,5.426666666666667,1.1541748333333333,18.87
2026-06-04 18:00:00,28.44666666666667,75.59333333333333,0.0,1.2916666666666667,0.9433643333333334,1.595
2026-06-04 19:00:00,26.936666666666667,78.31833333333333,0.0,0.42333333333333334,0.7650855,0.0
2026-06-04 20:00:00,26.668333333333333,78.47333333333334,0.0,0.4533333333333333,0.747707,0.0
2026-06-04 21:00:00,26.886666666666667,78.38166666666666,0.0,0.13999999999999999,0.7608418333333332,0.0
2026-06-04 22:00:00,26.455,78.14125,0.7999999999999999,0.0025,0.749771125,0.0
2026-06-04 23:00:00,26.618333333333336,78.14,0.0,1.92,0.7570958333333334,0.0
2026-06-05 00:00:00,28.35166666666667,75.685,0.0,6.098333333333333,0.9330195,0.0
2026-06-05 01:00:00,28.915000000000003,73.39166666666667,0.0,7.211666666666666,1.0531745,0.0
2026-06-05 02:00:00,28.455,74.17333333333333,0.0,7.156666666666666,0.9959696666666668,0.0
2026-06-05 03:00:00,28.898333333333337,72.33166666666666,0.0,6.313333333333333,1.0942990000000001,0.0
2026-06-05 04:00:00,27.921666666666667,74.65833333333333,0.0,5.641666666666667,0.9502438333333334,0.0
2026-06-05 05:00:00,28.39,73.47333333333334,0.0,5.303333333333334,1.0190885,0.0
2026-06-05 06:00:00,28.1825,74.38,0.6000000000000001,3.38625,0.9762455,3.89125
2026-06-05 07:00:00,28.53142857142857,74.82714285714285,0.2,3.682857142857143,0.9757748571428573,16.548571428571428
2026-06-05 08:00:00,29.77333333333333,72.27333333333333,0.0,5.006666666666667,1.1559501666666667,44.605
2026-06-05 09:00:00,31.173333333333336,68.37833333333333,0.0,5.32,1.4263098333333335,57.89666666666667
2026-06-05 10:00:00,31.706666666666667,67.70666666666666,0.0,6.7250000000000005,1.5062985,96.05
2026-06-05 11:00:00,29.111666666666668,74.035,0.0,6.736666666666667,1.0636041666666667,39.123333333333335
2026-06-05 12:00:00,30.278333333333336,71.92833333333334,0.0,5.41,1.2023946666666667,41.92
2026-06-05 13:00:00,30.823333333333334,70.52,0.0,6.861666666666667,1.302458,53.74666666666667
2026-06-05 14:00:00,32.086666666666666,68.12833333333333,0.0,6.798333333333333,1.5128636666666668,95.45333333333333
2026-06-05 15:00:00,31.488333333333333,68.22333333333334,0.0,9.991666666666667,1.4586333333333332,46.498333333333335
2026-06-05 16:00:00,31.276666666666667,69.15333333333332,0.0,5.29,1.3975955000000002,32.11
2026-06-05 17:00:00,29.903333333333336,72.28166666666667,0.0,4.551666666666667,1.1634821666666666,8.421666666666667
2026-06-05 18:00:00,29.875,71.54,0.0,5.486666666666667,1.1902383333333333,1.1516666666666666
2026-06-05 19:00:00,29.665000000000003,71.80333333333333,0.0,5.575,1.1655076666666666,0.0
2026-06-05 20:00:00,29.453333333333333,72.59500000000001,0.0,3.888333333333333,1.1211911666666667,0.0
2026-06-05 21:00:00,26.83,78.18833333333333,0.0,0.005,0.7649355,0.0
2026-06-05 22:00:00,26.338333333333335,77.95166666666667,0.0,0.155,0.751106,0.0
2026-06-05 23:00:00,26.542857142857144,77.86,0.4,0.5599999999999999,0.7633731428571429,0.0
2026-06-06 00:00:00,26.58142857142857,77.80571428571429,0.2,0.44142857142857145,0.7669542857142856,0.0
2026-06-06 01:00:00,26.871666666666666,78.23166666666667,0.0,2.07,0.7650335,0.0
2026-06-06 02:00:00,27.463333333333335,78.21166666666666,0.0,2.521666666666667,0.7929985,0.0
2026-06-06 03:00:00,27.74,76.915,0.0,3.2133333333333334,0.8545251666666668,0.0
2026-06-06 04:00:00,27.508888888888887,77.54555555555557,0.6000000000000001,2.0933333333333333,0.8196062222222222,0.0
2026-06-06 05:00:00,27.900000000000002,76.72833333333334,0.0,4.9383333333333335,0.8693151666666666,0.008333333333333333
2026-06-06 06:00:00,28.599999999999998,74.15833333333333,0.0,7.989999999999999,1.0046383333333333,5.326666666666667
2026-06-06 07:00:00,29.263333333333335,73.18833333333333,0.0,7.313333333333333,1.0827233333333333,20.42833333333333
2026-06-06 08:00:00,29.811666666666667,72.45333333333333,0.0,5.68,1.1478815,30.44666666666667
2026-06-06 09:00:00,31.051666666666666,70.515,0.0,5.733333333333333,1.3190383333333333,67.62666666666667
2026-06-06 10:00:00,31.933333333333334,68.30333333333334,0.0,5.605,1.4903450000000003,74.94666666666667
2026-06-06 11:00:00,30.46142857142857,72.82285714285715,0.4,5.3342857142857145,1.189550142857143,78.51
2026-06-06 12:00:00,31.385,70.30333333333333,0.0,6.521666666666667,1.3606358333333333,79.655
2026-06-06 13:00:00,31.399999999999995,70.12666666666667,0.0,6.7299999999999995,1.365382,86.355
2026-06-06 14:00:00,31.849999999999998,69.47666666666667,0.0,6.786666666666666,1.4286008333333333,62.395
2026-06-06 15:00:00,28.731666666666666,76.35166666666667,0.0,5.1000000000000005,0.9277941666666667,14.348333333333334
2026-06-06 16:00:00,29.156666666666666,76.04666666666667,0.0,1.4316666666666666,0.9622809999999999,12.58
2026-06-06 17:00:00,28.958333333333332,77.27,0.0,1.2016666666666667,0.9033688333333334,8.441666666666666
2026-06-06 18:00:00,28.17833333333333,78.56,0.0,0.36333333333333334,0.8132811666666666,1.595
2026-06-06 19:00:00,27.755,78.57000000000001,0.0,0.8833333333333334,0.7932318333333334,0.0
2026-06-06 20:00:00,27.405,78.77333333333333,0.0,0.015,0.76971,0.0
2026-06-06 21:00:00,27.113333333333333,78.35333333333334,0.0,0.6683333333333333,0.771675,0.0
2026-06-06 22:00:00,26.92833333333333,78.39833333333333,0.0,0.7916666666666666,0.7618073333333334,0.0
2026-06-06 23:00:00,26.79375,78.2875,2.8000000000000003,1.5025,0.759680875,0.0
2026-06-07 00:00:00,26.69,78.13000000000001,0.0,0.42500000000000004,0.7605751666666666,0.0
2026-06-07 01:00:00,26.668333333333337,78.13333333333334,0.0,0.5466666666666667,0.7594913333333334,0.0
2026-06-07 02:00:00,26.942857142857143,78.31000000000002,0.2,2.0285714285714285,0.7655591428571429,0.0
2026-06-07 03:00:00,28.33,76.73166666666667,0.0,3.7883333333333336,0.8905756666666665,0.0
2026-06-07 04:00:00,27.113333333333333,78.79166666666667,0.0,1.3766666666666667,0.7563453333333333,0.0
2026-06-07 05:00:00,27.334285714285716,78.83142857142856,0.2,1.2571428571428573,0.7645247142857142,0.015714285714285715
2026-06-07 06:00:00,27.265,78.96833333333333,0.0,0.2733333333333334,0.7565054999999999,6.541666666666667
2026-06-07 07:00:00,28.0075,79.10249999999999,4.6,0.3725,0.784810875,21.9
2026-06-07 08:00:00,28.040000000000003,78.80000000000001,2.4,3.088888888888889,0.7977668888888889,19.475555555555555
2026-06-07 09:00:00,28.156666666666666,76.53666666666668,0.0,5.591666666666666,0.8891401666666666,5.148333333333333
2026-06-07 10:00:00,28.848333333333333,76.62,0.0,3.0850000000000004,0.9220354999999999,6.8566666666666665
2026-06-07 11:00:00,27.49888888888889,78.88555555555556,1.2,0.938888888888889,0.7702426666666667,9.046666666666667
2026-06-07 12:00:00,28.68142857142857,77.09857142857143,0.4,6.681428571428571,0.8943537142857142,18.681428571428572
2026-06-07 13:00:00,29.411666666666665,77.23833333333333,0.0,3.0933333333333333,0.9278478333333333,33.373333333333335
2026-06-07 14:00:00,30.685000000000002,73.05333333333333,0.0,6.205000000000001,1.1805898333333333,61.123333333333335
2026-06-07 15:00:00,30.743333333333336,69.72666666666667,0.0,6.6866666666666665,1.3303901666666667,44.48
2026-06-07 16:00:00,30.52333333333333,71.47666666666667,0.0,4.905,1.2379555,27.241666666666664
2026-06-07 17:00:00,30.103333333333335,72.44166666666666,0.0,3.5116666666666667,1.1677911666666667,10.88
2026-06-07 18:00:00,29.366666666666664,72.68666666666667,0.0,1.105,1.109418,1.075
2026-06-07 19:00:00,28.39,75.95833333333333,0.0,0.58,0.9236481666666667,0.0
2026-06-07 20:00:00,28.723333333333333,76.29833333333333,0.0,2.2733333333333334,0.9282256666666666,0.0
2026-06-07 21:00:00,27.68166666666667,78.57333333333334,0.0,0.4083333333333334,0.7898416666666667,0.0
2026-06-07 22:00:00,27.228333333333335,79.14666666666666,0.0,0.0,0.7484118333333333,0.0
2026-06-07 23:00:00,26.979999999999997,78.99142857142859,0.4,0.004285714285714286,0.7431212857142857,0.0
2026-06-08 00:00:00,26.871666666666666,78.53666666666668,0.0,0.43333333333333335,0.7544050000000001,0.0
2026-06-08 01:00:00,27.2,78.69166666666666,0.0,1.0466666666666666,0.7636423333333333,0.0
2026-06-08 02:00:00,27.636666666666667,78.71166666666666,0.0,1.4383333333333332,0.7833795,0.0
2026-06-08 03:00:00,27.973333333333333,78.35666666666667,0.0,2.2266666666666666,0.8118965,0.0
2026-06-08 04:00:00,28.84,76.07000000000001,0.0,4.215,0.9436013333333334,0.0
2026-06-08 05:00:00,28.3975,77.22375,0.8,2.7875,0.875286625,0.00625
2026-06-08 06:00:00,28.11,78.015,0.0,1.5716666666666665,0.8318598333333332,4.946666666666666
2026-06-08 07:00:00,29.18875,76.8875,0.8,4.7675,0.929679125,14.69375
2026-06-08 08:00:00,29.853333333333335,75.36833333333333,0.0,6.415,1.0294678333333334,38.214999999999996
2026-06-08 09:00:00,31.16,73.03666666666668,0.0,5.25,1.2149113333333335,64.11666666666666
2026-06-08 10:00:00,30.5,72.92999999999999,0.2,5.675714285714285,1.1796024285714286,47.14714285714285
2026-06-08 11:00:00,31.33,72.38166666666666,0.0,7.318333333333334,1.2550518333333334,77.76166666666667
2026-06-08 12:00:00,31.180000000000003,71.57666666666667,0.0,7.423333333333333,1.2804873333333333,50.401666666666664
2026-06-08 13:00:00,31.518,71.02799999999999,0.0,7.522,1.3312244,64.56800000000001
2026-06-08 14:00:00,30.34857142857143,74.50857142857141,0.4,6.574285714285714,1.0967788571428572,68.41857142857143
2026-06-08 15:00:00,31.61,70.8,0.0,7.255,1.3479558333333335,57.285000000000004
2026-06-08 16:00:00,31.015,71.99333333333333,0.0,8.266666666666667,1.2503678333333335,29.545
2026-06-08 17:00:00,29.256666666666664,75.04833333333333,0.0,5.721666666666667,1.0128823333333334,3.9433333333333334
2026-06-08 18:00:00,26.826666666666668,77.94500000000001,0.0,2.2516666666666665,0.7744436666666666,0.10666666666666667
2026-06-08 19:00:00,26.473333333333333,79.05833333333334,0.0,0.07166666666666667,0.7191033333333333,0.0
2026-06-08 20:00:00,26.41333333333333,78.76,0.0,0.27499999999999997,0.7267588333333334,0.0
2026-06-08 21:00:00,26.51142857142857,78.55,0.4,0.01,0.7382027142857143,0.0
2026-06-08 22:00:00,26.43,78.30857142857143,0.4,0.6414285714285715,0.74294,0.0
2026-06-08 23:00:00,26.346666666666664,78.23166666666667,0.0,0.0016666666666666668,0.7419348333333334,0.0
2026-06-09 00:00:00,26.471666666666664,78.37666666666667,0.0,0.15833333333333335,0.7424218333333333,0.0
2026-06-09 01:00:00,26.64125,78.37125,0.6000000000000001,0.72625,0.75004725,0.0
2026-06-09 02:00:00,26.643333333333334,78.46,0.0,0.11833333333333335,0.7470486666666667,0.0
2026-06-09 03:00:00,26.603333333333335,78.455,0.0,0.37833333333333335,0.745476,0.0
2026-06-09 04:00:00,26.575,78.52833333333334,0.0,0.0,0.7417063333333332,0.0
2026-06-09 05:00:00,26.55,78.49833333333333,0.0,0.47833333333333333,0.7416461666666666,0.0
2026-06-09 06:00:00,26.77,78.52,0.0,0.5733333333333334,0.7505831666666666,7.421666666666667
2026-06-09 07:00:00,27.564999999999998,79.06833333333334,0.0,2.223333333333333,0.766058,22.671666666666667
2026-06-09 08:00:00,29.17,78.45333333333333,0.0,2.1733333333333333,0.8679545000000001,50.080000000000005
2026-06-09 09:00:00,29.944285714285716,76.47428571428573,0.2,4.147142857142858,0.9899085714285715,35.22571428571429
2026-06-09 10:00:00,29.921666666666667,75.04666666666667,0.0,8.674999999999999,1.0467653333333333,26.43166666666667
2026-06-09 11:00:00,29.665000000000003,75.20666666666666,0.0,5.3133333333333335,1.0245736666666667,12.383333333333333
2026-06-09 12:00:00,30.093333333333334,74.24499999999999,0.0,6.081666666666666,1.090778,34.145
2026-06-09 13:00:00,31.48,72.13166666666667,0.0,5.72,1.2791971666666668,84.42
2026-06-09 14:00:00,31.44333333333333,71.33833333333332,0.0,6.454999999999999,1.3110493333333333,60.705000000000005
2026-06-09 15:00:00,30.948333333333334,71.59666666666666,0.0,5.458333333333333,1.2633368333333335,31.60166666666667
2026-06-09 16:00:00,30.305000000000003,73.77833333333334,0.0,6.026666666666666,1.1240955,26.68166666666667
2026-06-09 17:00:00,30.313333333333333,73.56833333333334,0.0,6.555,1.1334713333333333,14.256666666666666
2026-06-09 18:00:00,29.90833333333333,74.11833333333334,0.0,5.083333333333333,1.0845353333333334,1.385
2026-06-09 19:00:00,29.256666666666664,75.62,0.0,1.3983333333333334,0.9848768333333333,0.0
2026-06-09 20:00:00,27.90833333333333,78.78500000000001,0.0,0.48999999999999994,0.7924423333333334,0.0
2026-06-09 21:00:00,27.376666666666665,79.47666666666667,0.0,0.0,0.7429673333333334,0.0
2026-06-09 22:00:00,27.026666666666667,79.21666666666667,0.0,0.0,0.737171,0.0
2026-06-09 23:00:00,26.953333333333333,78.95833333333333,0.0,0.0,0.7431375,0.0
2026-06-10 00:00:00,27.113333333333333,79.04833333333333,0.0,0.0,0.7469081666666666,0.0
2026-06-10 01:00:00,28.69333333333333,77.20333333333333,0.0,4.905,0.8912490000000001,0.0
2026-06-10 02:00:00,28.848333333333333,76.115,0.0,2.5349999999999997,0.9417955,0.0
2026-06-10 03:00:00,27.45,79.21833333333333,0.0,1.0216666666666667,0.7561298333333334,0.0
2026-06-10 04:00:00,26.988333333333333,79.42833333333333,0.0,0.16833333333333333,0.728028,0.0
2026-06-10 05:00:00,26.886000000000003,79.214,0.0,0.176,0.7312160000000001,0.054000000000000006
2026-06-10 06:00:00,27.03333333333333,79.03333333333335,0.0,1.7533333333333332,0.7439640000000001,6.753333333333333
2026-06-10 07:00:00,28.68166666666667,78.365,0.0,2.396666666666667,0.8452738333333333,26.12166666666667
2026-06-10 08:00:00,30.453333333333333,75.17,0.0,1.4083333333333332,1.0839701666666668,57.468333333333334
2026-06-10 09:00:00,32.63833333333333,68.67333333333333,0.0,3.275,1.5350365000000001,82.395
2026-06-10 10:00:00,32.78666666666667,66.29833333333333,0.0,8.433333333333334,1.6624383333333332,77.845
2026-06-10 11:00:00,32.711666666666666,66.74,0.0,6.625,1.6345945000000002,50.60833333333334
2026-06-10 12:00:00,31.846666666666668,69.23833333333333,0.0,6.531666666666666,1.4399193333333333,69.32833333333333
2026-06-10 13:00:00,30.55,71.74833333333333,0.0,9.153333333333334,1.2343521666666668,76.34166666666667
2026-06-10 14:00:00,29.429999999999996,73.49833333333333,0.0,7.25,1.0993475000000001,56.01500000000001
2026-06-10 15:00:00,27.353333333333335,78.90166666666666,0.0,3.975,0.7628998333333333,23.078333333333333
2026-06-10 16:00:00,27.906666666666666,78.76833333333333,0.0,3.3049999999999997,0.793319,15.186666666666667
2026-06-10 17:00:00,26.923333333333332,79.14,0.0,2.9499999999999997,0.7356346666666668,4.68
2026-06-10 18:00:00,25.471666666666664,78.98333333333333,0.0,0.2783333333333334,0.6803165,0.05333333333333334
2026-06-10 19:00:00,25.00666666666667,78.62666666666667,0.0,0.18166666666666667,0.6730473333333333,0.0
2026-06-10 20:00:00,25.080000000000002,78.52499999999999,0.0,0.0,0.6791948333333333,0.0
2026-06-10 21:00:00,25.165000000000003,78.48166666666667,0.0,0.0,0.6840160000000001,0.0
2026-06-10 22:00:00,24.991666666666664,78.53666666666668,0.0,0.36833333333333335,0.6752793333333332,0.0
2026-06-10 23:00:00,25.151666666666667,78.67,0.0,0.11499999999999999,0.6774873333333332,0.0
2026-06-11 00:00:00,25.313333333333333,78.70666666666666,0.0,1.3966666666666667,0.6828363333333334,0.0
2026-06-11 01:00:00,25.39333333333333,78.76666666666667,0.0,1.0066666666666666,0.684146,0.0
2026-06-11 02:00:00,25.67571428571429,78.6842857142857,0.2,0.9000000000000001,0.6983624285714286,0.0
2026-06-11 03:00:00,25.302222222222223,78.51111111111112,1.6,2.078888888888889,0.68865,0.0
2026-06-11 04:00:00,25.291666666666668,78.55,0.0,1.5216666666666665,0.6869703333333333,0.0
2026-06-11 05:00:00,25.194999999999997,78.61166666666666,0.0,0.7733333333333333,0.6810848333333333,0.0
2026-06-11 06:00:00,25.238333333333333,78.58999999999999,0.0,0.0,0.6835441666666666,2.1816666666666666
2026-06-11 07:00:00,25.875,78.565,0.0,0.0,0.7105471666666667,18.706666666666667
2026-06-11 08:00:00,27.42,78.25666666666666,0.0,0.6283333333333333,0.7913290000000001,41.71333333333333
2026-06-11 09:00:00,29.921666666666667,72.645,0.0,0.0,1.149867,53.63999999999999
2026-06-11 10:00:00,32.108333333333334,68.73166666666667,0.0,0.835,1.4951041666666667,84.56
2026-06-11 11:00:00,33.43666666666667,65.92,0.0,1.38,1.7495436666666666,80.03166666666667
2026-06-11 12:00:00,32.791666666666664,66.25,0.0,6.635000000000001,1.6677286666666669,96.75333333333333
2026-06-11 13:00:00,31.633333333333336,68.995,0.0,7.215,1.4438106666666666,69.26166666666667
2026-06-11 14:00:00,32.544999999999995,67.35166666666667,0.0,4.698333333333333,1.5921783333333333,92.79833333333333
2026-06-11 15:00:00,33.07666666666667,64.78666666666668,0.0,6.55,1.7652155,82.24166666666666
2026-06-11 16:00:00,32.32,65.41166666666666,0.0,6.591666666666666,1.6643551666666667,41.49666666666666
2026-06-11 17:00:00,31.495,67.21,0.0,5.711666666666666,1.5040213333333332,16.741666666666667
2026-06-11 18:00:00,30.058333333333334,70.30333333333333,0.0,4.28,1.255902,1.0333333333333334
2026-06-11 19:00:00,28.653333333333332,73.38166666666666,0.0,0.49,1.0422965,0.0
2026-06-11 20:00:00,26.85666666666667,78.465,0.0,0.0,0.7564338333333334,0.0
2026-06-11 21:00:00,26.501666666666665,79.035,0.0,0.09999999999999999,0.7211323333333333,0.0
2026-06-11 22:00:00,25.823333333333334,78.645,0.0,4.819999999999999,0.7068374999999999,0.0
2026-06-11 23:00:00,24.576666666666668,78.74166666666667,0.0,1.7316666666666667,0.6525150000000001,0.0
2026-06-12 00:00:00,24.625,78.38166666666667,0.0,0.0,0.6654918333333334,0.0
2026-06-12 01:00:00,24.458333333333332,78.25666666666667,0.0,0.03166666666666667,0.6627385,0.0
2026-06-12 02:00:00,24.316666666666666,78.31166666666667,0.0,0.43333333333333335,0.6554883333333333,0.0
2026-06-12 03:00:00,24.248333333333335,78.285,0.0,1.7133333333333336,0.6536218333333333,0.0
2026-06-12 04:00:00,24.381666666666664,78.20666666666666,0.0,2.4716666666666667,0.661222,0.0
2026-06-12 05:00:00,24.421666666666667,78.26,0.0,2.3283333333333336,0.6611773333333334,0.0
2026-06-12 06:00:00,24.53833333333333,78.45833333333333,0.0,0.7133333333333334,0.6597376666666667,2.1666666666666665
2026-06-12 07:00:00,25.063333333333333,78.665,0.0,0.05666666666666667,0.6741161666666667,7.911666666666666
2026-06-12 08:00:00,25.721666666666668,79.09333333333333,0.0,0.765,0.6868936666666667,27.054999999999996
2026-06-12 09:00:00,28.051666666666666,76.42333333333333,0.0,1.1033333333333333,0.8949219999999999,61.78
2026-06-12 10:00:00,31.751666666666665,69.80666666666667,0.0,1.8266666666666664,1.412228,86.62666666666667
2026-06-12 11:00:00,33.5,65.17833333333333,0.0,1.8383333333333336,1.7884496666666667,101.865
2026-06-12 12:00:00,34.565,62.870000000000005,0.0,1.135,2.029389,94.84499999999998
2026-06-12 13:00:00,35.12,60.278333333333336,0.0,2.03,2.2356665000000002,90.96666666666665
2026-06-12 14:00:00,35.75333333333334,59.89333333333334,0.0,2.0016666666666665,2.3390245000000003,92.09166666666665
2026-06-12 15:00:00,33.44833333333333,64.265,0.0,6.691666666666666,1.8292686666666667,80.89333333333333
2026-06-12 16:00:00,32.23,65.20333333333333,0.0,8.731666666666667,1.664236,63.75
2026-06-12 17:00:00,30.978333333333335,68.55333333333333,0.0,6.983333333333333,1.4013653333333334,20.088333333333335
2026-06-12 18:00:00,29.89833333333333,71.46,0.0,5.02,1.1958213333333334,1.8849999999999998
2026-06-12 19:00:00,28.338333333333335,74.90166666666666,0.0,0.0,0.9616709999999999,0.0
2026-06-12 20:00:00,27.762,77.65599999999999,0.0,0.0,0.827472,0.0
2026-06-12 21:00:00,27.040000000000003,79.13166666666666,0.0,0.0,0.7408100000000001,0.0
2026-06-12 22:00:00,26.478333333333335,79.29,0.0,0.0,0.7113561666666667,0.0
2026-06-12 23:00:00,26.28833333333333,79.31833333333333,0.0,0.0,0.7024811666666667,0.0
2026-06-13 00:00:00,26.180000000000003,79.15666666666667,0.0,0.0,0.7034808333333333,0.0
2026-06-13 01:00:00,25.93166666666667,79.04666666666667,0.0,0.0,0.6969366666666668,0.0
2026-06-13 02:00:00,25.88,78.985,0.0,0.0,0.6968543333333334,0.0
2026-06-13 03:00:00,25.98166666666667,79.02,0.0,0.0,0.6998731666666668,0.0
2026-06-13 04:00:00,26.028333333333332,78.865,0.0,0.0,0.7070025000000001,0.0
2026-06-13 05:00:00,25.823333333333334,78.80499999999999,0.0,0.0,0.7004868333333333,0.08333333333333333
2026-06-13 06:00:00,25.99857142857143,78.8442857142857,0.2,0.0,0.7064425714285714,5.3757142857142854
2026-06-13 07:00:00,27.411666666666665,78.54333333333334,0.0,1.835,0.7787353333333332,20.426666666666666
2026-06-13 08:00:00,28.598333333333333,76.23666666666666,0.0,3.626666666666667,0.9242475,55.431666666666665
2026-06-13 09:00:00,30.043333333333333,71.71166666666666,0.0,4.493333333333333,1.1991401666666668,82.765
2026-06-13 10:00:00,31.895,65.38166666666667,0.0,4.425,1.6325079999999998,90.735
2026-06-13 11:00:00,32.91833333333333,63.29,0.0,5.908333333333334,1.823377,101.03833333333334
2026-06-13 12:00:00,32.888333333333335,64.65833333333333,0.0,6.213333333333334,1.7545311666666665,77.64666666666666
2026-06-13 13:00:00,32.49666666666666,66.42166666666667,0.0,3.3516666666666666,1.6308524999999998,61.080000000000005
2026-06-13 14:00:00,34.55833333333334,61.98833333333334,0.0,4.92,2.07276,104.30666666666667
2026-06-13 15:00:00,33.515,64.58333333333333,0.0,7.05,1.8240281666666667,65.27
2026-06-13 16:00:00,32.968333333333334,65.98666666666666,0.0,5.095,1.6946919999999999,60.68833333333333
2026-06-13 17:00:00,33.98833333333334,63.876666666666665,0.0,1.0166666666666668,1.906605833333333,23.776666666666667
2026-06-13 18:00:00,31.268333333333334,68.37833333333333,0.0,0.43999999999999995,1.4409296666666667,2.8983333333333334
2026-06-13 19:00:00,28.286666666666665,76.35333333333334,0.0,0.0,0.9050686666666667,0.0
2026-06-13 20:00:00,27.271666666666665,78.69333333333333,0.0,0.0,0.7667191666666667,0.0
2026-06-13 21:00:00,26.99666666666667,78.99333333333334,0.0,0.0,0.7440183333333333,0.0
2026-06-13 22:00:00,26.52333333333333,79.23166666666667,0.0,0.0,0.7152566666666668,0.0
2026-06-13 23:00:00,26.348333333333333,79.185,0.0,0.0,0.7095135,0.0
2026-06-14 00:00:00,26.115,79.12833333333333,0.0,0.0,0.7017523333333333,0.0
2026-06-14 01:00:00,25.991666666666664,79.04833333333333,0.0,0.0,0.6993510000000001,0.0
2026-06-14 02:00:00,25.683333333333334,79.01666666666667,0.0,0.0,0.6877828333333333,0.0
2026-06-14 03:00:00,25.56833333333333,78.88666666666667,0.0,0.0,0.6873564999999999,0.0
2026-06-14 04:00:00,25.363333333333333,78.81333333333333,0.0,0.0,0.6814240000000001,0.0
2026-06-14 05:00:00,25.336666666666662,78.715,0.0,0.0,0.6835136666666667,0.14333333333333334
2026-06-14 06:00:00,25.771666666666665,78.665,0.0,0.0,0.7030991666666666,5.12
2026-06-14 07:00:00,27.848333333333333,78.12666666666667,0.0,0.16333333333333333,0.8156395,23.560000000000002
2026-06-14 08:00:00,31.758333333333336,71.03166666666668,0.0,2.2666666666666666,1.3566193333333334,57.535
2026-06-14 09:00:00,30.168333333333333,72.66333333333334,0.0,2.778333333333333,1.1641568333333334,31.945000000000004
2026-06-14 10:00:00,30.416666666666668,75.545,0.0,1.5783333333333334,1.0612523333333332,84.62166666666667
2026-06-14 11:00:00,33.04833333333333,68.91166666666668,0.0,2.3783333333333334,1.5591388333333331,97.36333333333334
2026-06-14 12:00:00,34.85666666666667,64.38,0.0,2.7866666666666666,1.9745225,103.17333333333333
2026-06-14 13:00:00,35.43833333333333,61.39666666666667,0.0,2.688333333333333,2.2105011666666665,71.64666666666666
2026-06-14 14:00:00,34.915,62.31166666666667,0.0,4.258333333333334,2.0962971666666665,82.765
2026-06-14 15:00:00,34.07,62.099999999999994,0.0,7.551666666666667,2.0104773333333332,79.33833333333334
2026-06-14 16:00:00,33.53666666666667,64.45666666666666,0.0,6.800000000000001,1.829109833333333,56.57666666666666
2026-06-14 17:00:00,32.11666666666667,66.47833333333334,0.0,7.81,1.5924211666666668,19.84
2026-06-14 18:00:00,30.481666666666666,69.90666666666667,0.0,6.491666666666667,1.3034688333333333,2.4316666666666666
2026-06-14 19:00:00,28.906666666666666,73.04,0.0,0.05833333333333334,1.070882,0.0
2026-06-14 20:00:00,27.286666666666665,77.96833333333333,0.0,0.015,0.7936233333333332,0.0
2026-06-14 21:00:00,26.75,78.89166666666667,0.0,0.16,0.7367814999999999,0.0
2026-06-14 22:00:00,26.39,78.96333333333334,0.0,0.0,0.7188196666666666,0.0
2026-06-14 23:00:00,26.25,78.72,0.0,0.0,0.7211888333333333,0.0
2026-06-15 00:00:00,26.3,78.62666666666667,0.0,0.0,0.7264753333333333,0.0
2026-06-15 01:00:00,26.143333333333334,78.70833333333333,0.0,0.0,0.7170641666666667,0.0
2026-06-15 02:00:00,26.24666666666667,78.78666666666666,0.0,0.0,0.718817,0.0
2026-06-15 03:00:00,24.825555555555557,78.8411111111111,1.0,2.497777777777778,0.6601821111111111,0.0
2026-06-15 04:00:00,24.233333333333334,78.77666666666666,0.0,0.3399999999999999,0.6382585,0.0
2026-06-15 05:00:00,24.31142857142857,78.47,0.4,0.5457142857142857,0.6504941428571429,0.0
2026-06-15 06:00:00,24.286666666666665,78.31777777777778,1.0,1.2999999999999998,0.6541363333333333,4.562222222222222
2026-06-15 07:00:00,24.598333333333333,78.585,0.0,1.9366666666666668,0.6581763333333334,17.43166666666667
2026-06-15 08:00:00,26.473333333333333,78.27,0.0,3.15,0.7500246666666667,64.305
2026-06-15 09:00:00,30.14,71.94333333333334,0.0,2.2933333333333334,1.1974799999999999,83.785
